-- phpMyAdmin SQL Dump
-- version 5.2.3
-- https://www.phpmyadmin.net/
--
-- Host: localhost:8889
-- Generation Time: May 06, 2026 at 07:56 AM
-- Server version: 8.0.44
-- PHP Version: 8.3.30

SET SQL_MODE = "NO_AUTO_VALUE_ON_ZERO";
START TRANSACTION;
SET time_zone = "+00:00";


/*!40101 SET @OLD_CHARACTER_SET_CLIENT=@@CHARACTER_SET_CLIENT */;
/*!40101 SET @OLD_CHARACTER_SET_RESULTS=@@CHARACTER_SET_RESULTS */;
/*!40101 SET @OLD_COLLATION_CONNECTION=@@COLLATION_CONNECTION */;
/*!40101 SET NAMES utf8mb4 */;

--
-- Database: `meril-hims`
--

-- --------------------------------------------------------

--
-- Table structure for table `appointments`
--

CREATE TABLE `appointments` (
  `id` int NOT NULL,
  `reg_no` varchar(50) NOT NULL,
  `department` varchar(100) NOT NULL,
  `doctor` varchar(100) DEFAULT NULL,
  `doctor_id` int DEFAULT NULL,
  `priority` varchar(50) DEFAULT 'Routine',
  `appt_date` date NOT NULL,
  `appt_time` time DEFAULT NULL,
  `reason` text,
  `status` varchar(50) DEFAULT 'Scheduled',
  `created_at` timestamp NOT NULL DEFAULT CURRENT_TIMESTAMP
) ENGINE=InnoDB DEFAULT CHARSET=utf8mb4 COLLATE=utf8mb4_0900_ai_ci;

--
-- Dumping data for table `appointments`
--

INSERT INTO `appointments` (`id`, `reg_no`, `department`, `doctor`, `doctor_id`, `priority`, `appt_date`, `appt_time`, `reason`, `status`, `created_at`) VALUES
(12, 'REG-38126', 'Emergency', 'Dr. sam issac', 10, 'Routine', '2026-05-04', '22:05:00', '', 'Completed', '2026-05-04 16:30:45'),
(13, 'REG-33125', 'Emergency', 'Dr. sam issac', 10, 'Routine', '2026-05-04', '22:38:00', '', 'Completed', '2026-05-04 16:59:38'),
(14, 'REG-20190', 'Emergency', 'Dr. sam issac', 10, 'Routine', '2026-05-04', '10:00:00', '', 'Completed', '2026-05-04 17:02:17'),
(15, 'REG-20190', 'General', 'Doctor', NULL, 'Routine', '2026-05-04', '10:00:00', '', 'Scheduled', '2026-05-04 17:30:25'),
(16, 'REG-33125', 'General', 'Doctor', NULL, 'Routine', '2026-05-04', '10:00:00', '', 'Scheduled', '2026-05-04 17:32:07'),
(17, 'REG-59523', 'Emergency', 'Dr. sam issac', 10, 'Routine', '2026-05-04', '10:00:00', '', 'Completed', '2026-05-04 17:34:03'),
(18, 'REG-59523', 'General', 'Doctor', NULL, 'Routine', '2026-05-04', '10:00:00', '', 'Scheduled', '2026-05-04 17:34:31');

-- --------------------------------------------------------

--
-- Table structure for table `billing`
--

CREATE TABLE `billing` (
  `id` int NOT NULL,
  `reg_no` varchar(50) NOT NULL,
  `invoice_items` json DEFAULT NULL,
  `discount_percent` decimal(5,2) DEFAULT '0.00',
  `total_amount` decimal(10,2) NOT NULL,
  `payment_method` varchar(50) DEFAULT NULL,
  `status` varchar(50) DEFAULT 'Pending',
  `created_at` timestamp NOT NULL DEFAULT CURRENT_TIMESTAMP
) ENGINE=InnoDB DEFAULT CHARSET=utf8mb4 COLLATE=utf8mb4_0900_ai_ci;

-- --------------------------------------------------------

--
-- Table structure for table `billing_packages`
--

CREATE TABLE `billing_packages` (
  `id` int NOT NULL,
  `package_id` varchar(50) NOT NULL,
  `name` varchar(100) NOT NULL,
  `department` varchar(100) NOT NULL,
  `description` text,
  `items` json NOT NULL,
  `discount_percent` decimal(5,2) DEFAULT '0.00',
  `is_active` tinyint(1) DEFAULT '1',
  `created_at` timestamp NOT NULL DEFAULT CURRENT_TIMESTAMP,
  `updated_at` timestamp NOT NULL DEFAULT CURRENT_TIMESTAMP ON UPDATE CURRENT_TIMESTAMP
) ENGINE=InnoDB DEFAULT CHARSET=utf8mb4 COLLATE=utf8mb4_0900_ai_ci;

-- --------------------------------------------------------

--
-- Table structure for table `bills`
--

CREATE TABLE `bills` (
  `id` int NOT NULL,
  `bill_number` varchar(50) NOT NULL,
  `patient_id` int NOT NULL,
  `patient_name` varchar(200) DEFAULT NULL,
  `patient_phone` varchar(20) DEFAULT NULL,
  `total_amount` decimal(10,2) NOT NULL DEFAULT '0.00',
  `discount_amount` decimal(10,2) DEFAULT '0.00',
  `net_amount` decimal(10,2) NOT NULL DEFAULT '0.00',
  `paid_amount` decimal(10,2) DEFAULT '0.00',
  `payment_status` enum('Pending','Partial','Paid','Cancelled') DEFAULT 'Pending',
  `payment_method` enum('Cash','Card','UPI','Insurance','Other') DEFAULT 'Cash',
  `bill_date` timestamp NOT NULL DEFAULT CURRENT_TIMESTAMP,
  `lab_barcode` varchar(50) DEFAULT NULL,
  `lab_qr_code` text,
  `notes` text,
  `status` enum('Active','Inactive') DEFAULT 'Active',
  `created_at` timestamp NOT NULL DEFAULT CURRENT_TIMESTAMP,
  `updated_at` timestamp NOT NULL DEFAULT CURRENT_TIMESTAMP ON UPDATE CURRENT_TIMESTAMP,
  `branch_id` int DEFAULT '1'
) ENGINE=MyISAM DEFAULT CHARSET=utf8mb4 COLLATE=utf8mb4_0900_ai_ci;

--
-- Dumping data for table `bills`
--

INSERT INTO `bills` (`id`, `bill_number`, `patient_id`, `patient_name`, `patient_phone`, `total_amount`, `discount_amount`, `net_amount`, `paid_amount`, `payment_status`, `payment_method`, `bill_date`, `lab_barcode`, `lab_qr_code`, `notes`, `status`, `created_at`, `updated_at`, `branch_id`) VALUES
(1, 'BILL-MOPY76CZ-V0F', 4, 'Vasanth Sandeep', '9345995944', 1215.00, 0.00, 1215.00, 0.00, 'Pending', 'Cash', '2026-05-03 15:51:22', 'LAB-MAIN-COMPLETEBLOODCH-BUGK-LQ06', 'data:image/png;base64,iVBORw0KGgoAAAANSUhEUgAAAQAAAAEACAYAAABccqhmAAAAAklEQVR4AewaftIAABIISURBVO3BQW4c2ZIAQfcE739lH20IxIZPTFZR/QcZZvYHa61HulhrPdbFWuuxLtZaj3Wx1nqsi7XWY12stR7rYq31WB/8hcq/VDGpnFRMKlPFpDJVfFKZKk5UpopJZap4J5Wp4kTlXSpOVE4q7lCZKiaVOyq+ojJVnKicVEwq/1LFVy7WWo91sdZ6rIu11mN9cFPFO6mcVJyoTBWTyndVTCpTxR0Vk8odFXeoTBVTxaTyqeJE5UTlpGJSOamYKiaVqeJdKiaVqeKdKt5J5bsu1lqPdbHWeqyLtdZjffAilTsqXqFyonJS8V0Vd6hMFVPFpHKiMlVMFZPKpPJTKicqU8UdFXeonKhMFZPKVPEVlROV36RyR8VPXay1HutirfVYF2utx/rgf5zKVDGp3KEyVXxSOamYKu5QmSpOVE5U7qiYVD6pnFRMKpPKHRWTyh0Vr1D5SsWkclIxqfx/cbHWeqyLtdZjXay1HuuD/2dUTiomlanip1ROKiaVE5WpYqo4qZhUTlTepeIOlUnlpGJSmVROKv4Vlani/4uLtdZjXay1HutirfVYH7yo4l+qOFGZKiaVqeJfqZhUJpWTiknljorvUplUpooTlaliUpkqTiomlROVqeK3VLxTxb9ysdZ6rIu11mNdrLUe64ObVP6XqEwVk8pUMal8qphUpopJ5Z0qJpU7KiaVE5VPFScVk8pU8U4qU8VJxaRyovKpYlKZKiaVE5Wp4kTlv3Kx1nqsi7XWY12stR7L/uB/mMpU8U4qP1UxqUwVk8orKiaVOyq+S2WqmFSmijtUpooTlTsqJpXfUvH/1cVa67Eu1lqPdbHWeqwP/kJlqrhDZaqYVO5QeaeKTyqvqDipeIXKK1T+FZWTildUTConFZPKp4pJZaqYVO5QeaeKE5Wp4isXa63HulhrPdbFWuux7A9uUDmpmFSmihOVOyruUJkqvqJyUjGpTBV3qJxUTCpTxaQyVUwqX6m4Q+Wk4kRlqniFylTxFZWTikllqniFylQxqdxR8V0Xa63HulhrPdbFWuuxPngzlaniROWkYlKZVN5FZao4UZkqTlSmiqniROWdKj6pTCpTxaQyVUwqJyonKicVd6hMFV+p+E0qU8VJxYnKpDJVfOVirfVYF2utx7pYaz2W/cELVO6o+C+pvEvFK1ROKk5UXlHxFZU7Ku5QeaeKE5Wp4pPKScWJylQxqUwVJyqvqPiui7XWY12stR7rYq31WB/8hcpUcVIxqZyonFScqEwVd1R8UpkqTlROKiaVV6hMFf+VihOVk4pXqJyofFfFpDKp3KEyVbyiYlKZKiaVqeIrF2utx7pYaz3WxVrrsewPXqByR8WJylRxojJV/JTKKypOVKaKO1TuqJhUvlLxCpV3qvhfoTJVnKhMFScqJxUnKlPFd12stR7rYq31WBdrrceyP3gjlaliUjmpeIXKHRXfpTJVTConFZPKVHGHylQxqUwVk8pXKiaVqWJSmSomlZOKSWWqOFGZKiaVqeKTyisqJpWpYlL5TRXfdbHWeqyLtdZjffAXKlPFO1W8QmWquEPlKxUnKlPFpHKHyknFicodFV9ROVG5o+JE5URlqrijYlL5VHGickfFpDJV/K+4WGs91sVa67Eu1lqPZX9wg8pJxR0qJxWTyknFicpU8UnlFRV3qJxUnKicVHyXyh0Vk8pUMan8poqfUpkqTlTeqWJSOak4UZkqvnKx1nqsi7XWY12stR7rg79QmSreqeJEZaq4Q+V/hcpUcaJyR8W7VNxRcUfFicpUMalMKlPFicqnihOVqeIOlROVqeJE5aTiuy7WWo91sdZ6rIu11mPZH7xAZaqYVKaKSeWkYlKZKiaVqeJE5SsVk8pJxaQyVdyhckfFicpU8RWVqWJSmSomlTsqXqFyUvFdKicVv0llqvgtF2utx7pYaz3WxVrrsewP3khlqphUpopJZao4UTmpOFH5VPEKlXeqOFE5qZhU3qViUpkqTlReUTGpTBUnKp8q3knlpOIOlTsqvutirfVYF2utx7pYaz3WBzepTBV3VEwqU8X/KpX/JRWTyqRyUvFbVE4qJpWp4o6KOyo+qbyi4qRiUjmpmComlaliUpkqvnKx1nqsi7XWY12stR7rg79QOVGZKk5UpopJZaqYVKaKf6XiRGWqmFROKk5UXlExqXyqOFGZKqaKSWWqOKk4UZkqJpWpYlL5SsWkMlWcqEwVJxWTyjtVfNfFWuuxLtZaj3Wx1nos+4MDlZOKSWWqOFGZKu5QeUXFJ5WTijtU3qniROWk4qdU7qh4hcpUcaJyUjGpfKp4J5WTiknlFRWTylTxlYu11mNdrLUe62Kt9Vgf/EXFK1ROKk5UXlExqfyUylQxqdxR8QqVqeJEZar4ispUcYfKHRVTxTupTBVfUZkqJpWp4qRiUnknlZ+6WGs91sVa67Eu1lqPZX9woHJSMalMFZPKScUdKu9SMan8SxWTyh0Vk8pPVZyoTBWTyknFK1ROKk5UPlVMKq+oOFF5p4qfulhrPdbFWuuxLtZaj2V/cKByR8WkclIxqZxUTCpTxYnKu1RMKlPFpDJVTCpTxYnKHRWTyqeKSeWOileoTBWTylQxqfyWiknlN1WcqEwVP3Wx1nqsi7XWY12stR7L/uBAZao4UXmniknlnSq+S2WqeCeVk4o7VL6r4kTljoo7VE4qJpWTikllqvikclJxojJV/CaVk4rvulhrPdbFWuuxLtZaj2V/cKByR8WJylQxqUwVk8pJxaTyUxWTyknFpHJHxaRyUnGHyndVTConFScqU8WJyisqJpWvVPyXVN6p4rsu1lqPdbHWeqyLtdZj2R8cqJxUnKi8U8UrVKaKTyonFZPKVHGiMlVMKq+omFR+S8WJyknFO6lMFT+lclJxovIvVUwqU8VXLtZaj3Wx1nqsi7XWY9kf3KAyVUwqJxV3qLyi4kTlU8WkclIxqUwVJyonFXeonFR8l8pUcaJyUjGpTBWTylQxqUwVk8pU8RWVk4pJZaqYVKaKO1ROKiaVqeK7LtZaj3Wx1nqsi7XWY33wFypTxaTyCpWp4qRiUpkqJpWTinepmFReoTJVvJPKp4p3qphU/ksqU8WniknlN6lMFf+Vi7XWY12stR7rg7+omFTeqeIOlaliUpkqJpVJ5SsVd6i8ouJE5Z0qfkplqniFylQxqZyo3KHyqeJEZap4RcUrVKaKn7pYaz3WxVrrsS7WWo/1wU0Vk8pUMalMKq+omFSmikllqphUvqJyR8UdKpPKb1J5qopJ5V1UTlReUTGpnKhMFV+5WGs91sVa67Eu1lqP9cEvq7hD5Y6KO1TepWJSeUXFHSonFZPKVPFJ5Y6KE5WTiknlpGJSOan4qYpJ5Y6KSWWqmFSmijtUfupirfVYF2utx7pYaz2W/cGBylQxqUwVk8odFZPKKyomlXepmFT+pYpJ5aTiu1ROKu5QOal4hcodFZ9UpopJ5aRiUjmpuEPljorvulhrPdbFWuuxLtZaj2V/cKByUjGpTBXvpDJVnKh8V8WkclIxqbxTxR0qU8WkMlV8UjmpeCeVOyomlZOKSeUrFe+kMlVMKicVd6icVHzlYq31WBdrrce6WGs91gd/UTGpnFScqPxLFe9SMalMFZPKVPFOKlPFpDJVfFfFpDJVnKhMFScVJyonFXdUfFKZKk5Upoo7KiaV/8rFWuuxLtZaj3Wx1nqsD/5CZaqYVO6ouENlqjhR+V9RMalMFScqU8VUcVLxLhUnKicqd6hMFZPKpHJSMal8qphU3knlpGJSmSp+y8Va67Eu1lqPdbHWeiz7gwOVqWJSmSruUJkqTlSmiknlpOKnVO6omFROKl6h8lMVk8pUMamcVEwqd1TcoTJVfJfKVDGpnFScqNxRMalMFZPKVPFdF2utx7pYaz3WxVrrsT74i4pXqEwVU8WJylQxqZxUfJfKScWJyknFpDKpTBWTylQxVZyoTBVfqXinileo3KFyUvFdFZPKicpUcYfKVDGpvMvFWuuxLtZaj3Wx1nqsD/5C5Q6VqWJS+U0VP1UxqfyXVE5Upoo7VL6rYqqYVCaVk4pJZaqYKk5UpoqfUrlD5UTlN1VMKlPFVy7WWo91sdZ6rIu11mPZH7yRyh0Vk8orKiaVk4pPKlPFicpU8U4qU8WkclLxXSqvqJhUpopXqEwVk8pPVZyo/KaKV6icVHzlYq31WBdrrce6WGs91gc3qdxRMalMKu+kMlVMKpPKp4pJ5aTiDpWp4qTipGJSmVSmiknlU8WkclJxh8pUcaLyiopJ5btUpopXqLxC5aRiUvmui7XWY12stR7rYq31WB/8hcpUMamcqJxUTConFXeo/BaVqeIVKlPFpDJVTBWTyqTyXRWTyqQyVZxUvJPKicpUMan8KxV3qJxUTCo/dbHWeqyLtdZjXay1Hsv+4AaVqWJSmSpOVKaKE5Wp4kTluyruUJkqJpWp4g6V31TxFZWTileoTBWvUJkqTlQ+VZyonFScqJxUTCqvqPiui7XWY12stR7rYq31WB/8xyomlaniRGWqmComla+oTBWTyonKVDGpnFRMFScqU8WJyqTyXRUnKlPFpHKHylRxUnGi8i4Vk8pJxaRyUnGHyqQyVXzlYq31WBdrrce6WGs91gd/oTJVvELlpGJSuUNlqpgqvqJyUnGickfFpDJVTCpTxaQyVUwVk8pPqUwVd1S8QuUVFZ9Upoqp4qTinVSmikllqvipi7XWY12stR7L/uBAZar4l1TuqDhRmSo+qZxUTCpTxaQyVUwqU8UdKu9SMamcVLxCZaqYVF5RMal8peJEZaqYVKaKd1KZKk5UpoqvXKy1HutirfVYF2utx/rgJpU7Kk5Upop3UpkqJpWvVEwqU8WkckfFpPKKihOVqeKTyknFK1SmipOKE5U7KiaVr6hMFZPKHSpTxStUpoqfulhrPdbFWuuxLtZaj/XBX1S8k8pUcVJxojKp3FHxSWVS+S9VvEJlqphU/isqJxX/isorKl6hMlVMFScqU8V3Xay1HutirfVYF2utx/rgRSqvUJkq3qniuyruUDmpOFGZKiaVqeKdKt5FZaqYKk5UJpWTiknlROW7KiaVO1SmijtUTipOVKaKr1ystR7rYq31WBdrrceyPzhQuaNiUpkqXqEyVbxC5VPFpHJSMamcVJyoTBWTyh0VJyrvUjGpTBWTym+qmFR+quIVKndUTCpTxYnKVPGVi7XWY12stR7rYq31WPYHByqvqDhRmSomlTsqJpWTik8qU8UdKu9UMalMFZPKb6m4Q+WOikllqrhD5bsqJpWTihOVd6qYVE4qvutirfVYF2utx7pYaz3WB39R8ZsqXlHxCpWvqJxUTBX/yyq+S+VEZap4p4o7VE4qJpWvVEwqJyonFXeovEJlqvjKxVrrsS7WWo91sdZ6rA/+QuVfqjipOFGZKiaVr1RMKlPFpHJScaJyUnFHxaRyovKp4kRlqphUpopJ5Q6VqeKk4qdUporfpDJVnKhMFZPKVPFdF2utx7pYaz3WxVrrsT64qeKdVE4qJpWp4o6KSeW7VE4qTlReUfFOFT+lckfFHRWTyknFpPJdFScVk8pUMamcVNxRcYfKVPGVi7XWY12stR7rYq31WB+8SOWOijtUTlSmikllqviKyh0Vr6iYVCaVqWJSuUPlXSomlTtUflPFiconlaniDpUTlXdSmSp+6mKt9VgXa63HulhrPdYH/+Mq7lCZKiaVn6qYVE4qpoqTikllUrmj4kTlKxV3VJyoTBUnKlPFpDKpnFR8peJEZaqYVKaK31RxojJVfOVirfVYF2utx7pYaz2W/cGBylQxqdxRMalMFScqU8WJylQxqXyl4g6Vk4pJZao4UXlFxaTyXRWTylQxqbyi4hUqJxXfpfKbKk5UpopJZar4rou11mNdrLUe62Kt9VgfvKjiv6RyUjGpTBWfVCaVqeKOiknlDpWpYlI5qTip+C6VqeKk4g6VSeWOiqliUplUPlVMKlPFHSonFScqU8Wk8i4Xa63HulhrPdbFWuuxPrhJ5V9SmSruUJkq3kXlRGWqeKeKf6XiRGWqmFSmipOKd6qYVD6pnKicVEwVd6hMFa9QmSq+crHWeqyLtdZjXay1Hsv+YK31SBdrrce6WGs91sVa67Eu1lqPdbHWeqyLtdZj/R+xNJ96W9XiHwAAAABJRU5ErkJggg==', 'Pending', 'Active', '2026-05-03 15:51:22', '2026-05-03 15:51:22', 1),
(2, 'BILL-MOPYC36D-O6I', 1, 'Bhaskar Sekar', '8925386821', 1215.00, 0.00, 1215.00, 0.00, 'Pending', 'Cash', '2026-05-03 15:55:11', 'LAB-MAIN-COMPLETEBLOODCH-3N6F-O934', 'data:image/png;base64,iVBORw0KGgoAAAANSUhEUgAAAQAAAAEACAYAAABccqhmAAAAAklEQVR4AewaftIAABJgSURBVO3BQW4kRxIAQfcC//9l37kQiEvnsNikpEWFmf3BWuuRLtZaj3Wx1nqsi7XWY12stR7rYq31WBdrrce6WGs91gd/ofJPqrhDZaqYVKaKSeVTxU9SmSpOVO6omFSmiknllYqfpDJVTConFZPKVPFbVE4qJpWTiknln1TxysVa67Eu1lqPdbHWeqwPbqr4SSp3qNxRMal8lcodFVPFpDJV/KSKk4pJ5ZPKScWJyonKVHFHxaTyjopXKv5JFT9J5asu1lqPdbHWeqyLtdZjffAmlTsq7lC5Q2WqOKn4qooTlTtUTiruUJkqTipeUZlUpoo7Ku5QmSqmikllqphUJpVXKiaVf5LKHRXfdbHWeqyLtdZjXay1HuuD/zMVP0nllYo7Ku5QeYfKHSpTxSeVk4qTihOVqWJSmSpOVKaKOypeUbmjYlL5f3Gx1nqsi7XWY12stR7rg/8zKlPFicpU8VUqU8WJylQxqUwVd6icVEwqJypfpTJV3FFxUnGicofKVDGpvFJxojKpTBX/Ly7WWo91sdZ6rIu11mN98KaK/xKVqeJE5VPFicpPUnlHxR0VX6UyVdyhclIxqUwVU8WkclIxqUwVP6XiJ1X8Uy7WWo91sdZ6rIu11mN9cJPKv6liUpkqJpWp4rsqJpWpYlKZKiaVqWJSmSomlaniDpVPFXeoTBUnFZPKVDGpTBV3qEwVk8qnikllqrhDZao4Ufm3XKy1HutirfVYF2utx/rgLyr+n6h8l8pUcYfKVDGpTBUnFXeo3FHxXRWTyj+pYlKZKiaVqeKViknlJ1X8V1ystR7rYq31WBdrrcf64C9UpopJ5SdVTBX/FSpTxaTyk1SmiqniRGVS+S6Vk4pJ5aRiUpkqJpWpYqq4Q+VTxaRyUnFScaLykyq+62Kt9VgXa63HulhrPdYHf1FxUjGp3FExqUwVJxWTyndVTCr/JSpTxaRyUjGpfKqYVE4qJpUTlaliqjip+EkVn1TeoTJVnFScqEwVk8qkMlV81cVa67Eu1lqPdbHWeiz7gwOVn1QxqfykihOVqeIVlaniDpWpYlKZKiaVOypOVL6r4kRlqphU7qg4UfkpFZPKVDGpTBUnKlPFO1Smiu+6WGs91sVa67Eu1lqPZX9woPKOikllqrhD5Y6KE5VPFe9QmSreoTJVTConFScqnyomlZOKSeWkYlK5o+IdKq9UvENlqjhRmSomlZOKE5Wp4pWLtdZjXay1HutirfVYH9xU8Y6KSWWqmFROKt5R8VUqJxWTylRxojJV/KaKTypTxR0Vk8o7Kk5UTiqmiq9SmSpOKiaVqWKqmFSmikllUpkqvutirfVYF2utx7pYaz2W/cEbVN5RcaIyVUwqU8WJylTxispPqvg3qfyUiknlpOIOlaniROWOiu9SuaPiHSpTxaQyVXzVxVrrsS7WWo91sdZ6rA/+QmWqmComlZOKSWWqmCr+KyomlZ+kclIxqUwVd1R8UpkqJpVJZaqYVCaVk4qpYlK5o2JSmVQ+VZyonFScqEwVk8o7KiaVqeKVi7XWY12stR7rg7+omFROKiaVk4pJZao4qZhUTiomle+qOFG5o+IdKlPFicqniknlpOKOihOVqWKqmFTuqHhF5SepTBWTylRxh8pPuVhrPdbFWuuxLtZaj2V/cKByUjGpTBUnKlPFpDJVTCp3VEwqnyomlXdUTConFZPKScV/hcpU8Q6V31TxSWWqmFSmihOVd1S8Q2WqeOVirfVYF2utx7pYaz2W/cENKndU3KEyVUwqU8U7VF6pmFROKv5NKlPFd6mcVLxD5Y6KSWWqmFS+quIOlZOKE5WpYlJ5R8VXXay1HutirfVYF2utx/rgL1SmikllqjhRuUNlqniHym9ROak4UZkqJpWTikllqphUPlWcVJyoTBWTyknFpDKpnKicVEwqn1SmikllqjhRmSreUTGpnKhMFa9crLUe62Kt9VgXa63Hsj84UJkqTlTuqJhUpop3qJxUfFKZKiaVk4pJ5Y6KO1TuqHhF5R0Vk8pUMamcVJyonFR8lcpJxU9SeUfFicpU8crFWuuxLtZaj3Wx1nos+4MfpDJVnKjcUTGp3FHxb1GZKiaVqWJSOamYVE4qPqncUTGpnFRMKlPFO1TuqPikckfFpHJSMamcVEwqJxWTylTxysVa67Eu1lqPdbHWeqwP/kJlqjipmFROKk5UTipOVL5K5aRiUpkqflPFOyomla+qOKmYVCaVE5WpYlKZKqaKSWWqmFQ+VUwqd1TcUXGi8o6Kr7pYaz3WxVrrsS7WWo/1wV9UTCp3VEwqk8pUMVVMKj9J5VPFb6qYVKaKSWWqOFGZKiaVVypOVKaKOyp+kso7Kj6pnFRMKlPFHSrvqJhUpoqvulhrPdbFWuuxLtZaj/XBTRUnKicVJyonFe9QeUXlpOI3qdyhMlVMKlPFpPKKylQxqZxUTConFZPKT1L5qoqfpDJVTCrvqPiui7XWY12stR7rYq31WPYHN6hMFZPKVDGp/JsqJpXvqrhD5aRiUpkqTlS+q2JSuaNiUpkqJpWTihOVqWJS+aqKSWWq+EkqU8UdKlPFd12stR7rYq31WBdrrceyPzhQOak4UTmpmFSmin+Lyh0Vk8pUMamcVEwqU8WJylQxqbxScaIyVZyonFScqEwV71D5rooTlTsqJpU7Kr7rYq31WBdrrce6WGs91gd/UXGiclJxojJVTConFXeoTBVfVTGpnFTcUXFScUfFScVXqUwVJypTxYnKVHGHylQxqbxS8Q6Vn1TxDpWp4pWLtdZjXay1HutirfVYH9ykMlVMKndUTCpTxaRyojJVnKh8V8WJyknFpDJVTCpTxYnKVPGKylRxh8qJyknFScVPqvikclJxUjGp3KFyR8VPuVhrPdbFWuuxLtZaj2V/cKAyVUwq/6aKE5WpYlL5VHGHylTxDpWTihOV31Jxh8pUcaIyVbxD5aTiFZWpYlL5J1VMKlPFpDJVvHKx1nqsi7XWY12stR7L/uANKlPFpDJV3KEyVUwq76h4ReWk4g6VOyomlZOKSWWq+CqVk4pJ5aRiUrmjYlI5qZhUpopPKndUTConFXeoTBUnKlPFV12stR7rYq31WBdrrcf64C9U7lC5Q2WquKNiUjmpmFQ+VbxD5R0VJxUnKneofKo4qZhUpopJZVKZKu5QmSpOVE5UXqk4UZkqJpUTlaniROWkYlKZKl65WGs91sVa67E+uKliUnlHxW+qmFS+q2JSeUfFpPJPqviuiknlDpU7Kk5U7qj4pHKiMlVMKndUvKNiUvmui7XWY12stR7rYq31WPYHN6icVEwqP6liUpkqJpWpYlL5VDGpnFRMKicVk8odFXeo/FMq3qHyjooTlVcqJpWpYlL5L6mYVKaKVy7WWo91sdZ6rIu11mN98BcqU8WkMqlMFZPKVHGiMqlMFXeoTBVfVTGpTBXvqDhRmSpOKiaVqeKrVKaKE5WpYlK5o2JSOVH5rorfVHGicofKd12stR7rYq31WBdrrceyP7hBZap4h8pUcaIyVZyofFfFico7Ku5QmSomlaliUnmlYlL5J1WcqPyWiknlHRUnKlPFicpUcaIyVbxysdZ6rIu11mNdrLUe64O/ULlDZaqYVKaKSeUOlZOKSeWViv8SlaniDpWpYlL5pHJSMancUTGpTCpTxUnFpDJVTCpTxSeVk4p3qEwVk8pUMVVMKlPFVPFVF2utx7pYaz3WxVrrsT64qWJSuaNiUpkq3qEyqXyVylRxR8WJyh0Vk8pU8Y6KV1ROKk5UJpWpYlK5Q+VEZar4qopJZaqYVE4qTiomlZOKSeWk4pWLtdZjXay1HutirfVYH9ykMlWcqEwVU8WkMlVMKlPFVPFdKpPKVHGiclJxh8qJyknFT1GZKiaVk4o7VKaKSWWqOFF5pWJSmSreoXJHxaTyWy7WWo91sdZ6rIu11mPZH7xBZaq4Q2WqOFG5o2JS+aqKSeWk4g6VOypOVKaK71KZKu5Q+TdVnKh8qphU7qiYVKaKE5WpYlI5qZhUpopXLtZaj3Wx1nqsi7XWY33wFypTxU+qOFGZKu5QOal4ReWkYlJ5R8WkMqlMFVPFpDJVTCqfKqaKn1Rxh8pUcaIyqfyUiknlpGJSOamYVKaK33Kx1nqsi7XWY12stR7rgzdVTCpTxaRyUnGHylQxVfyUit+kclJxojJVTCrfpTJVTCp3qEwVU8UdFZPKScUnlTsqTlTeUTGpnFR818Va67Eu1lqPdbHWeiz7gxtUpooTlZOK36QyVbyiMlVMKlPFb1I5qfi3qEwVk8o7KiaVqeIdKp8qfpLKVDGpvKNiUjmpeOVirfVYF2utx7pYaz3WB3+hMlW8o2JSOak4UZkqpoqvqrhDZaqYVKaKE5WTihOVqWJSmSpeUblDZaqYVKaKOyomlZOKSWWq+KQyVfwklZOKE5U7Kr7qYq31WBdrrce6WGs9lv3Bgco7Kv7LVD5V/CaVk4pJ5aTin6IyVUwqU8U/SeWk4hWVqeIdKndUTCp3VHzXxVrrsS7WWo91sdZ6LPuDA5V3VEwq76iYVKaKSWWqeEVlqphUpopJZao4UZkqJpWp4g6Vk4pPKlPFT1KZKiaVqeIdKl9V8Q6VqWJSuaPiROWk4qsu1lqPdbHWeqyLtdZj2R8cqEwVk8pUcaIyVZyoTBWTylRxojJVfJfKVDGpTBXvUJkqJpWpYlJ5peJEZaqYVKaKO1ROKk5UTiomlU8Vd6hMFZPKVDGpvKNiUjmpeOVirfVYF2utx7pYaz2W/cEPUnlHxaRyUnGiMlW8ovKTKiaVk4pJ5aRiUrmj4pPKScWJyh0Vd6hMFZPKd1VMKlPFHSonFScqU8WJyknFKxdrrce6WGs9lv3BG1TuqLhD5aRiUrmj4pPKVDGpTBUnKlPFicpJxaRyUvFdKj+p4jepTBWTylTxSeWOiknlHRUnKndUfNXFWuuxLtZaj3Wx1nqsD/5CZaqYKt6hckfFpPJTKiaVd1RMKlPFOyomlROVqeKVikllqniHyknFicpUMamcqHyqmFTuqDhRmSomlZOKSWWqmFSmilcu1lqPdbHWeqyLtdZjffAXFZPKHRWTylQxqUwVk8pJxaRyovJKxaTyT6qYVO5QmSomlU8V/6SK/wqVd6hMFXdUTCqTylQxqUwVX3Wx1nqsi7XWY12stR7L/uANKj+p4g6Vd1S8ojJVTCpTxYnKHRU/SeWVijtUpopJZao4UZkqJpU7KiaVqeIVlTsqTlR+U8V3Xay1HutirfVYF2utx/rgL1TuqJhUpop3qEwVk8pUMam8ojJV/KaKE5XfVPFJ5Y6KSWWqOFG5o+JE5adUvENlqjhRmSomlROVqeKrLtZaj3Wx1nqsi7XWY9kfHKi8o+JEZaqYVKaKSWWqmFS+quIOlaniHSpTxYnKVDGp/JaKE5Wp4h0qU8WkMlWcqHyqmFSmiknlv6ziqy7WWo91sdZ6rIu11mN98BcVv6niDpV/ispUMVVMKndUTBW/qeKrVE5Upop3qEwVU8WkMlWcqHxVxU+quEPlHSpTxSsXa63HulhrPdbFWuuxPvgLlX9SxVRxovJbKiaVqeKk4h0qJxXvUPlU8ZtU7lD5SRVfpXJScaJyojJVvKPiuy7WWo91sdZ6rIu11mN9cFPFT1I5UflJFZPKV1WcVJyoTBV3VPykiu+quKPiDpWp4g6Vk4pPKicVk8pUcUfFHRWTyonKVPHKxVrrsS7WWo91sdZ6LPuDA5WpYlK5o2JSmSomlaliUnlHxSeVOyomlaniDpU7Kk5UfkrFicpUMalMFScq/5aKSWWqmFT+TRXfdbHWeqyLtdZjXay1HuuD/zMqU8WJylTxXRWTyh0qU8VUMalMFXdUnKh8qphUJpWpYqo4qZhU7qiYVKaKE5VXKk4qJpWp4h0qd1ScqEwVr1ystR7rYq31WBdrrcf64P9MxTtUpopPFe+omFROVO5QuaNiUpkqPqmcVJyoTBWTyjtU7lD5KpV3qEwVd1ScqEwqU8V3Xay1HutirfVYF2utx/rgTRW/qeIdFZPKKyonFVPFpDJVTCp3VJyonKicqHyqOFG5Q2WqOFGZKt5RMalMFZ9UporfpDJVTCpTxW+5WGs91sVa67Eu1lqP9cFNKv8klaliUjmpOFH5VDGpnKicqNxRMam8o+KrVO6omFSmihOVqeIdKneovKIyVZyoTBUnFXeo/JaLtdZjXay1HutirfVY9gdrrUe6WGs91sVa67Eu1lqPdbHWeqyLtdZjXay1Hut/6CkuBmN6G60AAAAASUVORK5CYII=', 'Pending', 'Active', '2026-05-03 15:55:11', '2026-05-03 15:55:11', 1),
(3, 'BILL-MOPYMAVI-M35', 2, 'Sibyll Dominic R', '7810027381', 135.00, 0.00, 135.00, 0.00, 'Pending', 'Cash', '2026-05-03 16:03:08', 'LAB-MAIN-KIDNEYFUNCTION-TZJY-3PNZ', 'data:image/png;base64,iVBORw0KGgoAAAANSUhEUgAAAQAAAAEACAYAAABccqhmAAAAAklEQVR4AewaftIAABIRSURBVO3BQW4c2ZIAQfcE739lH20IxIavmayi9AcZZvYHa61HulhrPdbFWuuxLtZaj3Wx1nqsi7XWY12stR7rYq31WB/8B5W/qWJSOam4Q+UrFZPKScWkMlW8QmWqmFSmihOVn6o4UZkqTlT+popJ5VPFpDJVnKicVEwqf1PFVy7WWo91sdZ6rIu11mN9cFPFO6mcVEwqk8pUMalMFV9ROak4qThRmSomlaniDpWpYqqYVD5VvKLiFRUnKndUTCpTxVcq/qaKd1L5rou11mNdrLUe62Kt9VgfvEjljop3qphUpopJ5bsq7lB5RcWkMlVMFZPKpPJTKndU3FHxiopJ5Q6VTxWTyr+kckfFT12stR7rYq31WBdrrcf64H+cylTxThW/peJEZaqYKk5U7qiYVD6pnFRMKpPKHRWTyknFScVPqUwVk8pJxaTy/8XFWuuxLtZaj3Wx1nqsD/6fUZkqfovKScVUMalMFVPFpHJSMVVMKicq71Jxh8qkclJxonJSMVV8ReUVKlPF/xcXa63HulhrPdbFWuuxPnhRxd9U8YqKn6q4o+JE5RUqU8WkMlV8l8qkMlWcqEwVk8pUcaJyh8pU8ZWKk4pJZap4p4q/5WKt9VgXa63HulhrPdYHN6n8L1GZKiaVqWJS+VRxh8pUMalMFScVk8pvUvlUcVIxqUwV76QyVUwqU8WkcqLyqWJSmSruUJkqTlT+lYu11mNdrLUe62Kt9Vgf/IeK/yUqr1CZKr5L5URlqphUpop/qeK3VEwqU8VJxaRyojJVTCpfUTlROVGZKk4q/ldcrLUe62Kt9VgXa63H+uA/qEwVd6hMFZPKHRWTyqRyh8qnipOKE5VJZao4UTlReYXK36IyVbxTxaRyUjGpfKqYVKaKSWWqOFF5p4oTlaniKxdrrce6WGs91sVa67E+uEllqjipOKmYVE5U3qnik8odKlPFpHKiclJxonJHxaTyqWJSOamYVF6hMlVMFXeoTBVTxSeVd1KZKk5UpooTlZOK77pYaz3WxVrrsS7WWo/1wS9TmSomlaliUjmpmFSmiknluyomlX9J5Z0qvlJxojJVTCqvUDmpuENlqvhKxR0qd6hMFScqd6hMFV+5WGs91sVa67Eu1lqP9cGbqUwVJxWTylRxonKiMlV8pWJS+ZsqTiomlUnlRGWq+KQyVUwqd1ScqEwVJyqTylRxovJdKlPFVHGHylRxojJVnKhMFd91sdZ6rIu11mNdrLUe64NfpvI3VUwqk8pXKqaKSeVE5Y6KO1SminepuKPiROWk4o6KO1S+q2JSmVReUfFOKlPFpDJVfOVirfVYF2utx7pYaz3WB29WMamcVEwqd1S8i8pUcUfFpHKHylQxVUwqJxWTylcqTipOVO5QOal4RcVPVUwqU8WJyh0qr1CZKr7rYq31WBdrrce6WGs91gc3VUwqr1CZKiaVqeJEZar4LpV3qphUpoqpYlKZKk4qJpWpYlL5pDJVTCpTxUnFpHJSMalMFScqU8WkMlV8UrlDZaq4Q+V/xcVa67Eu1lqPZX9woPKbKiaVqWJSOamYVH5LxaRyR8WkMlXcoXJS8RWVqWJSuaPiDpU7Kl6h8pWKSeWk4kTljooTlanipy7WWo91sdZ6rIu11mPZHxyoTBUnKicVk8odFScqd1R8RWWqmFSmikllqphUXlExqUwV36VyR8WkMlVMKr+p4qdUTiomlTsqJpWpYlI5qThRmSq+crHWeqyLtdZjXay1HuuDm1ROKk5UpooTlTsqfkrlN6m8k8pUcaLyXRV3VNxRcaIyVUwqk8pUcaLylYpJZaq4Q2WquKNiUjmp+K6LtdZjXay1HutirfVY9gcHKlPFicpUcaIyVUwqU8UdKu9SMam8omJSmSomlZOKO1Q+VUwqU8WkMlVMKndUvELlpOK7VE4q3knlpOK3XKy1HutirfVYF2utx7I/OFCZKiaVqeIVKlPFpHJS8beoTBXvpDJVTConFScqP1UxqUwVJypTxaTyiopJZar4pDJVTConFZPKv1TxXRdrrce6WGs91sVa67E++A8Vv0nlnVROKr5LZao4UZkqTlROKk4qJpVJ5bsqXlFxovJOFZPKHSqfKiaVqWJSeUXFicpUMalMFZPKVPGVi7XWY12stR7rYq31WB/cpDJVTConFVPFKypOVE5UvkvlDpWTiknlROUVFZPKT6lMFZPKVDGpnFRMKpPKVHFS8RWVqWJSOVGZKu5QmSruUPmpi7XWY12stR7rYq31WPYHByqvqDhROam4Q+WkYlL5SsWkclIxqdxR8QqVk4p3UXlFxaQyVbxCZaqYVL6r4g6VqeIOlXeq+MrFWuuxLtZaj3Wx1nqsD26quENlqpgqJpVJ5aTipOKnVKaKSeWOijtUpopJZao4UZkqvqIyVUwVJyonKlPFHSqvqPiKyonKVHGHyjtVTCrfdbHWeqyLtdZjXay1HuuDF6mcVJyonFRMKneoTBVTxVdU7lCZKt5J5Q6VE5WvVJyoTBV3VLyiYlKZKk5UPlXcUTGpTBX/UsV3Xay1HutirfVYF2utx/rgP1ScVEwqd1RMKq+omFTeRWWqmFQmlaniRGWqOFGZVE4qJpVPFZPKKyruUJkqJpWp4kTlu1ROVKaKO1TuqDhReZeLtdZjXay1HutirfVYH/wHlTsqJpWpYlKZKk4qJpWpYqqYVL6r4jepnKhMFVPFicqk8l0Vk8qJylTxCpVXVEwqP1XxiorfpHJS8ZWLtdZjXay1HutirfVYH9xUMalMKicqU8UdKlPFpHJHxSeVSeWkYqqYVO6omFQmlaniXVSmijsqXlExqZyovEvFv6TyiopJ5bsu1lqPdbHWeqyLtdZj2R8cqJxUTCr/UsVPqdxRMalMFScq/19VnKicVLyTylTxUyonFZPKv1TxUxdrrce6WGs91sVa67E+uKliUrmj4g6VqeIOle+quEPlROWdKk5UTiq+S2WqOFG5Q2WqmFSmiknlXVROKiaVOyruUDmpmFSmiu+6WGs91sVa67Eu1lqP9cFNKu+kMlWcqEwVJxWTylTxSeUVFZPKVHGi8jepfKp4p4oTlXeqmFROKj5VTCp3VEwqJypTxUnFpPIuF2utx7pYaz3WB/+h4g6VOyruqJhU3qXiROWOikllqniFylQxqZxU/JTKVHGickfFpHKicofKp4oTlaliUrmj4g6VqeJdLtZaj3Wx1nqsi7XWY33wH1ROKqaKSWVSeYXKVDGpnFRMKp8qTiruULmjYlI5qZhUTlT+v1B5p4pJ5V0qJpVJ5RUVk8pUMalMFV+5WGs91sVa67Eu1lqP9cF/qDhRmSruqDhReUXFpDJVfFI5qThRmSreSeWOikllqvikckfFicpJxUnFicpJxU9VTCrvVDGpTBWTyonKT12stR7rYq31WBdrrceyPzhQmSreSWWq+FdU7qi4Q+VfqviKylQxqUwVd6i8ouJE5Y6KTypTxaTyThV3qEwVk8pU8V0Xa63HulhrPdbFWuux7A8OVE4qTlSmileoTBUnKt9V8QqVqWJSOamYVKaKSeWkYlKZKj6pnFS8k8pUMalMFZPKScWk8pWKd1KZKiaVk4oTlTsqvnKx1nqsi7XWY12stR7rgzdTmSomlZOKO1TuqPgplTtUpopJ5aRiUpkqTlSmip9SmSpOVKaKOyomlTtUTio+qZxUTCpTxR0Vk8odFZPKT12stR7rYq31WBdrrceyP3iByknFpDJVTCp3VEwqU8WJylcqJpWTiknlpOJE5Y6Kf0XlnSpOVKaKSWWqmFS+UjGpnFRMKndUTCpTxYnKScVXLtZaj3Wx1nqsi7XWY9kfHKicVJyovKLiDpU7Kj6pTBWTylQxqUwVk8pU8U4qP1UxqUwVk8pJxaTyiop/ReWk4kTljopJZaqYVKaK77pYaz3WxVrrsS7WWo9lf3CgMlWcqEwVr1CZKu5QmSomla9UTCpTxTupTBWTylRxh8pU8S4qU8WJym+qmFSmik8qU8UrVKaKO1SmiknlpOK7LtZaj3Wx1nqsi7XWY9kf3KByUnGHyknFpDJVTCpTxYnKd1VMKlPFicpvqjhReZeKE5WTihOVOyp+i8o7VZyoTBWTylQxqUwVX7lYaz3WxVrrsS7WWo9lf3CDyh0Vk8pU8ZtUTiq+ovJOFXeoTBWTyknFd6mcVNyhMlVMKlPFpHJHxYnKVPEVlXeqOFGZKu5QOan4ysVa67Eu1lqPdbHWeiz7gwOVqeIOlaliUpkqJpWp4kTlpOIrKicVk8pUMalMFZPKVPEKlZ+qmFSmiknlFRV3qEwVk8pUcaLyXRW/SWWqmFTuqPiui7XWY12stR7rYq31WB/8h4pJ5aRiqphUpopJZar4X6EyVdyhcqIyVUwqU8VUMalMFZPKVyomlZOKSWWquEPlFSrfVTGpnKhMFXeoTBV3VLzLxVrrsS7WWo91sdZ6LPuDA5WTikllqphUTipOVKaKSWWqmFR+qmJSeUXFpPKbKr5L5aTiFSpTxYnKHRWTylTxXSonFa9QeUXFT12stR7rYq31WBdrrcf64KaKSeWOijtUpopJ5Y6KSeVTxYnKScWkcqJyUnGiMlWcqPxUxYnKVDGp3KEyVUwqU8VJxbtUTConFZPKVDGpTBW/5WKt9VgXa63HulhrPdYHN6mcVEwqd1RMFZPKScVPqUwVU8WJyknFicqkclIxqUwVU8Wk8lMqU8UdFa+omFROKiaVr1TcUfEKlTtU7qj4ysVa67Eu1lqPZX9woPKKikllqphUTipOVE4qvqLyiooTlaliUpkqTlTepWJSOal4hcpUMam8omJS+UrFicpUMamcVLxCZap4l4u11mNdrLUe62Kt9Vj2By9QeaeKSeWOindRmSr+JpU7KiaVk4pPKicVr1CZKl6hclJxovKpYlKZKiaVqWJSOam4Q+Wk4qcu1lqPdbHWeqyLtdZjffAfVE4qJpU7KiaVqWJSOVG5o+IrFe+kckfFO1VMKv+KyknFpPJbVP4llaliqjhRmSq+62Kt9VgXa63HulhrPZb9wQtU/j+r+C6VqWJSmSruUJkqJpVXVPwWlaniDpU7KiaVqWJS+a6KSeWkYlKZKk5UTiomlTsqvnKx1nqsi7XWY12stR7rg/+gckfFpDJVnKi8U8Wk8i4qU8UdKq+omFTuUHmXikllqphUpooTlUnlt6hMFScqU8WkckfFHRWTynddrLUe62Kt9VgXa63Hsj84UHlFxYnKVHGiMlVMKlPFd6lMFXeonFScqEwVd6j8loo7VP6miknluyomlZOKSeU3VZyoTBXfdbHWeqyLtdZjXay1HuuD/1DxmypOVKaKSWWqmFSmiknlU8U7VUwqJxUnKlPFHRXfpXKiMlW8ouIVKicVk8pXKiaVV1TcoXKicqIyVXzlYq31WBdrrce6WGs91gf/QeVvqjhROVE5UZkqvktlqrij4kRlqpgqJpWpYlI5UflUcaIyVUwqU8WkcqJyUnFS8VMqU8VvUpkqTlTuqPiui7XWY12stR7rYq31WB/cVPFOKicVJypTxYnKd6lMFZPKicpvqnhFxU+p3FFxonKiclJxovKVipOKSeUVFe9U8VMXa63HulhrPdbFWuuxPniRyh0Vd6hMFScqU8V3qZyoTBWTylRxh8qkclIxqZyovEvFpHKHyh0Vk8odFZPKJ5WTileovFPFu1ystR7rYq31WBdrrcf64H9cxR0Vk8pUMal8pWJSmVSmihOVk4pJZaqYVE4qTlS+UnFHxYnKVHGiclIxqUwVP1UxqUwVk8pU8S+pTBVfuVhrPdbFWuuxLtZaj2V/cKAyVUwqd1RMKlPFicodFZPKVypeoXJS8QqVV1RMKt9VMalMFZPKHRWvULmj4isqf1PFicpUMalMFd91sdZ6rIu11mNdrLUe64MXVfxNFZPKVDGpnFR8ReWk4g6Vk4pJZaqYVE4qTio+qUwVk8pUMalMFScqk8o7VUwqX1GZKiaVk4pJ5aTiRGWqmFTe5WKt9VgXa63HulhrPdYHN6n8TSpTxR0Vk8pPVUwqU8WkclLxiop3qZhU7qi4o+JEZaqYVO6o+C6VqWJSOam4Q2WqeIXKVPGVi7XWY12stR7rYq31WPYHa61HulhrPdbFWuuxLtZaj3Wx1nqsi7XWY12stR7r/wAACp6N/4lFlAAAAABJRU5ErkJggg==', 'Pending', 'Active', '2026-05-03 16:03:08', '2026-05-03 16:03:08', 1),
(4, 'BILL-MOQKTQU8-CVW', 3, 'Steve Jerald', '9025740156', 135.00, 0.00, 135.00, 0.00, 'Pending', 'Cash', '2026-05-04 02:24:46', 'LAB-MAIN-KIDNEYFUNCTION-HPIL-44X6', 'data:image/png;base64,iVBORw0KGgoAAAANSUhEUgAAAQAAAAEACAYAAABccqhmAAAAAklEQVR4AewaftIAABIJSURBVO3BQW7cWhIAwUxC979yjjcCaqNnUd22/4AVYb+w1nqki7XWY12stR7rYq31WBdrrce6WGs91sVa67Eu1lqP9cFvqPxNFZPKScWkMlVMKt9VcaIyVfxNKlPFicpPVZyoTBUnKn9TxaTyqWJSmSpOVE4qJpW/qeIrF2utx7pYaz3WxVrrsT64qeKdVE4qJpWTikllqviKyonKVHGHylQxqUwVd6hMFVPFpPKp4hUVr6g4UbmjYlKZKr5S8TdVvJPKd12stR7rYq31WBdrrcf64EUqd1T8SypTxaeKk4oTlVdU3FExqUwqP6VyR8UdFa+omFTuUPlUMan8Syp3VPzUxVrrsS7WWo91sdZ6rA/+41SmiknlpOJdVKaKk4pJ5Z1U7qiYVD6pnFRMKpPKHRWTyknFScVPqUwVk8pJxaTy/+JirfVYF2utx7pYaz3WB//nKiaVO1Q+VUwqd1RMKneonFRMFZPKicq7VNyhMqmcVJyonFRMFV9ReYXKVPH/4mKt9VgXa63HulhrPdYHL6r4f1bxXRV3VJyovEJlqphUporvUplUpooTlaliUpkqTlTuUJkqvlJxUjGpTBXvVPG3XKy1HutirfVYF2utx/rgJpX/EpWpYlKZKiaVTxV3qEwVk8pUcVIxqfxJKp8qTiomlaninVSmikllqphUTlQ+VUwqU8UdKlPFicq/crHWeqyLtdZjXay1HuuD36j4L1F5hcpU8V0qJypTxaQyVfxLFX9KxaQyVZxUTConKlPFpPIVlROVE5Wp4qTiv+JirfVYF2utx7pYaz3WB7+hMlXcoTJVTCp3VEwqJxWTyqTyqeKk4kTlpOJEZaqYVF6h8reonKhMFXdUTCqTylQxqXyqmFSmiknlDpV3qjhRmSq+crHWeqyLtdZjXay1Hst+4UDlpOJE5aRiUvmbKj6pTBUnKndUTCp3VEwqU8WkMlVMKp8qJpWp4kTlpGJSOam4Q+Wk4isqJxWTylTxCpWp4kTlpOK7LtZaj3Wx1nqsi7XWY31wU8U7qUwVk8pUcaLyLionFe9UcaLyThVfqThRmSomlUnlDpWTijtUpoqvVLxCZaqYVKaKE5U7VKaKr1ystR7rYq31WBdrrcf64M1U7qiYVKaKSeVvqZhUJpWpYlI5qZhUTiomlUnlRGWq+KQyVUwqd1ScqEwVk8qJylRxovJdKlPFVHGHylRxojJVnKhMFd91sdZ6rIu11mNdrLUe64ObVO6omFQmlVdUnKhMFZPKp4qTikllUjmpOKk4UZkq3qXijooTlZOKk4oTlROV76qYVCaVV1S8k8pUMalMFV+5WGs91sVa67Eu1lqPZb9wg8pJxaQyVZyoTBUnKlPFpDJVTCpfqXiFyknFpDJVnKicVEwqX6l4hco7VfxXqEwVJypTxYnKScWkclLxXRdrrce6WGs91sVa67E+uKnijopJ5aRiUpkqpopJZao4qfikcqJyUjFVTConFZPKVHFSMalMFZPKJ5WpYlKZKk4qJpU/SWWqmFSmik8qd6hMFXeo/FdcrLUe62Kt9Vj2Cwcqd1RMKicVd6icVEwqf0rFpHJHxaQyVdyhclLxFZWpYlK5o+IOlTsqXqHylYpJ5aTiDpWTihOVqeKnLtZaj3Wx1nqsi7XWY31wU8WJyknFpHJHxTtV/JTKVDGpTBWTylRxojJVnFT8lMpJxaRyovJOKlPFHRWfVCaVqWJSmVROKk4qJpWTihOVqeIrF2utx7pYaz3WxVrrsT74jYoTlaniRGWqeCeVqeK/QuVE5Q6VqeJE5bsq7qi4o+JEZaqYVCaVqeJE5SsVk8pUcYfKVHFHxaRyUvFdF2utx7pYaz3WxVrrsewXDlSmihOVqeJEZaqYVKaKSWWqOFGZKr6iMlVMKu9UcaJyUnGHyqeKSWWqmFSmiknljopXqJxUfJfKScUdKlPFpHJS8adcrLUe62Kt9VgXa63H+uBFKlPFicpUMalMFZPKVHGiMlV8V8WkclIxqUwVk8qJylQxqUwqU8V3qZyoTBWTylRxonKi8oqKSWWq+KQyVZyoTBWTyonKVDGpTCp3VHzXxVrrsS7WWo91sdZ6rA9+o+KdKiaV/yqVqeIVKlPFScVJxaQyqXxXxSsqTlTeqWJSuUPlU8WkMlW8U8WkclIxqUwVk8pU8ZWLtdZjXay1HutirfVYH9ykcqJyUjFV3FExqbxC5W+pmFSmihOVV1RMKj+lMlVMKlPFpHJSMalMKlPFScVXVKaKSeVEZap4RcUdKj91sdZ6rIu11mNdrLUe64MXVbxC5aTijoo7Kj6pvFPFpHKiMlVMFScqd1S8i8qJylQxqUwVU8UdKlPFpPIVlaniDpWp4hUqf8rFWuuxLtZaj3Wx1nqsD26qmFTuqJgqJpU7Kv6UiknlpOKdVKaKSWWqOFGZKr6iMlVMFScqJypTxR0qr6j4isqJylRxh8qJyh0Vk8p3Xay1HutirfVYF2utx7JfeCOVqeJE5Y6KE5U7Kr6iMlVMKicVk8pUcaJyR8Wk8lMVJypTxaRyUvFOKlPFicqnikllqjhRmSpOVN6p4qcu1lqPdbHWeqyLtdZj2S8cqLyi4g6VOypOVKaKSeVTxaTyJ1VMKlPFicodFZPKp4pJ5Y6KV6hMFZPKVDGp/C0Vk8pUMancUXGiMlX81MVa67Eu1lqPdbHWeiz7hQOVk4pJ5aRiUrmjYlKZKk5UvqviDpWTiknljoo7VL6r4kTljoo7VO6omFSmiknlpypOVKaKP0nljoqvXKy1HutirfVYF2utx/rgpoo7KiaVqWJSOVGZKiaVOyo+qUwqJxVTxaRyR8WkMqlMFe+iMlXcUXGiMlVMFZPKicq7VPxLKq+omFS+62Kt9VgXa63HulhrPZb9woHKScWk8l9S8VMqJxUnKlPFpPL/quJEZar4k1Smip9SOamYVP6lip+6WGs91sVa67Eu1lqP9cFNFZPKHRV3qEwVd6h8V8VJxaRyh8orKk5UTiq+S2WqOFE5UTmpmFReoTJVfEXlpGJSmSomlaniDpWTikllqviui7XWY12stR7rYq31WB/8YypTxYnKHRU/VTGp3FExqfyXqHyqeKeKP6niRGVSmSo+VUwqf5LKVHFSMam8y8Va67Eu1lqP9cFvVEwqU8WkckfFHRWTylQxqZxU/FTFpDKpnFRMKneoTBWTyknFT6lMFScqJxV3qLxC5VPFicpU8YqKO1Smine5WGs91sVa67Eu1lqP9cFvqEwVJxWTyqTyCpWpYlL5UypOKiaVqWJSmSomlZOKSeVE5f9FxR0qJxWTyt+i8oqKSWWqmFSmiq9crLUe62Kt9VgXa63H+uA3KiaVqeIVFXeoTConFZPKV1ROKk5UpopJ5RUqd1RMKlPFJ5U7Kk5UTipeoXJS8VMVk8odFZPKVDGpTBWTyonKT12stR7rYq31WBdrrceyXzhQmSomlaniDpWp4l9RuaPiDpV/qeIrKlPFpDJV3KFyR8UdKndUfFKZKiaVk4pJ5aTiDpWpYlKZKr7rYq31WBdrrce6WGs9lv3CC1ReUTGp3FFxovJdFa9QmSomlZOKSWWqmFROKiaVqeKTyknFO6lMFZPKVDGpnFRMKl+peCeVqWJSOak4Ubmj4isXa63HulhrPdbFWuux7BduUJkqJpWpYlI5qThROan4U1ROKu5QmSpOVKaKE5Wp4isqd1ScqEwVk8pUcaLyThWfVE4qJpWpYlKZKk5Upoo7VE4qvnKx1nqsi7XWY12stR7LfuEGlTsq7lC5o2JSOamYVN6l4kRlqjhRuaPiX1F5p4oTlaliUpkqJpWvVEwqJxWTyh0Vk8pUcaJyUvGVi7XWY12stR7rYq31WPYLByonFScqU8WkclIxqbxTxXepvKLiT1L5qYpJZaqYVE4qJpVXVPwrKicVJyp3VEwqU8WkMlV818Va67Eu1lqPdbHWeiz7hQOVqeJEZaqYVKaKE5U7Kk5UfqpiUjmpOFE5qZhUpoo7VKaKd1GZKk5U/qSKSWWq+KQyVbxCZaq4Q2WqmFROKr7rYq31WBdrrce6WGs91ge/UTGpTBVTxUnFpDJV3FExqUwVJxVfUbmj4p1UTlSmijtUfqpiqphUTipOVO6oOKn4SsWJyitUpop3qphUpoqvXKy1HutirfVYF2utx/rgL1OZKiaVd1KZKr6iMlWcVEwqd1ScqEwVk8qkMlVMFV9ROal4RcWkMlX8SSpTxVdU/iaVqeKkYlL5qYu11mNdrLUe62Kt9VgfvEjljopJ5aRiUrmjYlL5SsWJyknFpPKKipOKSWVS+a6KSeVE5Q6VqeKkYlKZKiaVqWKqmFS+q+KdVO5QuaPiuy7WWo91sdZ6rIu11mN98KKKSWWqmFSmikllUvmTKj6pTBUnFZPKScWJylQxqUwVU8WkMlVMKl+pmFROKiaVqeIOlVeofFfFpHKiMlW8ouKOine5WGs91sVa67Eu1lqPZb9woDJVvELlpOIOlZOKSeWpKr5L5aTiFSpTxYnKHRWTylTxXSonFa9QeUXFT12stR7rYq31WBdrrcf64DcqJpU7Kk4qTlSmiqliUvmpihOVqeJE5RUVJypTxYnKT1WcqEwVk8odKlPFpDJVnFS8S8WkclIxqUwVk8pU8adcrLUe62Kt9VgXa63H+uA3VE4qTlSmikllqpgqJpWTipOKSeWTylQxVZyonFScqEwqJxWTylQxVUwqP6UyVdxR8YqKSeWkYlL5SsUdFa9QuUPljoqvXKy1HutirfVYH7yZyh0Vk8pJxYnKScVU8UllUrmj4kRlqjipOFE5UfmuikllUpkq7qh4J5WTiknlKxWvUDmpmCruUJkq3uVirfVYF2utx7pYaz2W/cILVN6pYlK5o2JSmSq+ojJV3KFyUnGHyh0Vk8pJxSeVk4pXqEwV76QyVZyofKqYVKaKSWWqmFROKu5QOan4qYu11mNdrLUe62Kt9Vgf/IbKScWkckfFO6lMFZPKVPGp4hUVJyp3VLxTxaTyr6icVPwtKv+SylQxVZyoTBXfdbHWeqyLtdZjXay1HuuD36g4UXmFyjtV3KHylYo7VE4qTlROVN6p4l1Upoqp4kRlUjmpuEPluyomlVdU3KEyVUwqJypTxVcu1lqPdbHWeqyLtdZjffAbKndUTCpTxR0qU8WJyknFpPKp4p0qTlReUTGp3KHyLhWTylQxqUwVk8qJyp+iMlWcqEwVk8odFXdUTCrfdbHWeqyLtdZjXay1Hst+4UDlFRUnKndUnKhMFZPKVPFJZaq4Q+WdKu5Q+VMq7lB5RcWkMlWcqHxXxaRyUjGp/EkVJypTxXddrLUe62Kt9VgXa63H+uA3Kv6kihOVSWWqmComle+qeKeKE5Wp4kRlqrij4rtUTlSmildUTCpTxaRyR8Wk8pWKSeUVFXeonKicqEwVX7lYaz3WxVrrsS7WWo/1wW+o/E0Vd6j8LSpTxSsqJpWpYqqYVKaKSeVE5VPFicpUMalMFZPKO1W8i8pU8SepTBUnKn/KxVrrsS7WWo91sdZ6rA9uqngnlZOKE5Wp4kTlu1SmiknlROVPqnhFxU+p3FFxonKiclJxovKVipOKSeUVFe9U8VMXa63HulhrPdbFWuuxPniRyh0Vd6hMFScqf4rKVPFOKpPKScWkcqLyLhWTyh0qd1RMKndUTCqfVE4qXqHyThXvcrHWeqyLtdZjXay1HuuD/7iKOyomlaliUvlKxaQyqUwVJyonFZPKVDGpnFScqHyl4o6KE5Wp4kTlpGJSmSp+qmJSmSomlaniX1KZKr5ysdZ6rIu11mNdrLUe64P/cxUnFZPKVyomlVeovKJiUrlDZar4LpWpYlKZKiaVE5WpYqp4hcpJxVdUTlROVO6oOFGZKiaVqeK7LtZaj3Wx1nqsi7XWY33woop/SeWk4rtUpooTlVdUnKhMFZPKScVJxSeVqWJSmSomlaniRGVSeaeKSeUrKlPFpHJSMamcVJyoTBWTyrtcrLUe62Kt9VgXa63H+uAmlb9JZao4qTipmFQ+VdxRcVIxqbxTxbtUTCp3VNxRcaIyVUwqd1R8l8pUMamcVNyhMlW8QmWq+MrFWuuxLtZaj3Wx1nos+4W11iNdrLUe62Kt9VgXa63HulhrPdbFWuuxLtZaj/U/niGndRGOW/wAAAAASUVORK5CYII=', 'Pending', 'Active', '2026-05-04 02:24:46', '2026-05-04 02:24:46', 1),
(5, 'BILL-MOQL1490-84X', 2, 'Sibyll Dominic R', '7810027381', 1215.00, 0.00, 1215.00, 0.00, 'Pending', 'Cash', '2026-05-04 02:30:30', 'LAB-MAIN-COMPLETEBLOODCH-QVUF-GQPC', 'data:image/png;base64,iVBORw0KGgoAAAANSUhEUgAAAQAAAAEACAYAAABccqhmAAAAAklEQVR4AewaftIAABHsSURBVO3BQW4kRxIAQfcC//9l37kQiAtTLHZzpEWFmf3BWuuRLtZaj3Wx1nqsi7XWY12stR7rYq31WBdrrce6WGs91gf/QOVvqphUXlExqXylYlI5qXiFylQxqUwVk8pUcaLyLhUnKicVd6hMFZPKHRVfUZkqTlROKiaVv6niKxdrrce6WGs91sVa67E+uKninVROKiaVk4qTiu+qeIXKScU7qUwVU8Wk8qniROVE5aRiUjmpmComlaniXSomlaninSreSeW7LtZaj3Wx1nqsi7XWY33wIpU7Kt6p4g6V76q4Q+WdKk4qJpVJ5adUTlSmijsq7lA5UZkqJpWp4isqJyq/SeWOip+6WGs91sVa67Eu1lqP9cF/nMpUcaJyR8UnlUllqjipuENlqphUpopJ5Y6KSeWTyknFpDKp3FExqdxR8QqVr1RMKicVk8r/i4u11mNdrLUe62Kt9Vgf/J9RmSqmiknlXVSmihOVqWKqOKk4qZhUTlTepeIOlUnlpGJSmVROKv4Wlani/8XFWuuxLtZaj3Wx1nqsD15U8TdVnKhMFZPKu6hMFXeo3FExqdxR8V0qk8pUcaIyVUwqU8VJxaRyojJV/JaKd6r4Wy7WWo91sdZ6rIu11mN9cJPKf4nKVDGpTBWTyqeKSWWqmFTeqWJSuaNiUjlR+VRxUjGpTBXvpDJVnFRMKicqnyomlaliUjlRmSpOVP4tF2utx7pYaz3WxVrrsewP/sNUpop3UvmpikllqphUXlExqdxR8V0qU8WkMlX8JpU7KiaV31Lx/+pirfVYF2utx7pYaz3WB/9AZaq4Q2WqmFTuUHmnik8qU8WkclIxqUwVJyonKq9Q+VtUTipeUTGpnFRMKp8qJpWpYlK5Q+WdKk5UpoqvXKy1HutirfVYF2utx/rgH1RMKicVJypTxaQyVUwqU8WJyndVTCp3qLxTxYnKVDGpTBWTylcqTiomlZOKE5WpYqq4Q2WqmCo+qbyTylRxojJVTCqTyknFd12stR7rYq31WBdrrcf64M1U7lCZKk4q/paKSeWOiknlpOJE5Z0qPqlMKlPFpDJVTCqTylRxonJScYfKVPGVijtUpooTlanipOJEZVKZKr5ysdZ6rIu11mNdrLUey/7gQOUVFX+TyknFb1GZKk5U7qiYVF5R8RWVOyruUJkqJpU7Kk5UpopPKicVJypTxaQyVZyovKLiuy7WWo91sdZ6rIu11mN98A8qTlSmiknlFRWTyknFT6lMFf+mikllqvi3VJyonFTcUXGHyndVTCqTyh0qU8UrKiaVqWJSmSq+crHWeqyLtdZjXay1Hsv+4I1U7qiYVKaKE5Wp4kRlqvikclLxb1K5o2JS+UrFK1ReUTGpTBX/FpWp4kRlqjhROak4UZkqvutirfVYF2utx7pYaz3WB/9AZap4J5Wp4o6KSeWnKk5UpopJ5aRiUpkqTiomlaliUpkqJpVPKlPFpDJVnFRMKicqr1CZKiaVqeKTyh0qU8UdKneo/JaLtdZjXay1HuuDm1SmipOKSWWqmFROKiaVqeIOla9UnKhMFZPKHSonFScqd1R8ReVE5Y6KE5UTlanijopJ5VPFicodFXdU/Fsu1lqPdbHWeqyLtdZjfXBTxaQyVZxUTCpTxYnKicodFV9R+X9W8V0qd1RMKicq76QyVdxR8UllqpgqJpVJ5Y6KE5WTihOVqeIrF2utx7pYaz3WxVrrsewPDlROKv6fqEwVn1ReUTGpnFRMKq+o+CmVqeKdVKaKE5WpYlI5qThR+VRxojJV3KFyR8WJyknFd12stR7rYq31WBdrrceyP3iBylQxqUwVk8orKk5U3qXiROWdKiaVk4oTlaniKypTxaQyVUwqd1S8QuWk4rtUTiruUDmpmFSmit9ysdZ6rIu11mNdrLUey/7gjVTuqJhUpopJ5aTiDpVPFScqJxUnKlPFicpUMamcVEwq71IxqUwVJyqvqJhUpooTlU8VJyonFZPKScWkMlVMKndUfNfFWuuxLtZaj3Wx1nos+4MbVE4q7lCZKk5UpooTlaliUvmuiknljopJ5aTiDpU7Kt5F5Y6KSWWq+FtU7qg4UZkqJpWTihOVqWJSmSq+crHWeqyLtdZjXay1Hsv+4EDlpGJSmSruUJkqTlROKiaV31JxojJVTCq/qWJS+VRxojJVnKhMFa9QmSomlaliUvlKxaTyioo7VKaKE5Wp4qcu1lqPdbHWeqyLtdZj2R+8QOWOikllqniFyknFpPKViknlpOJE5Y6KO1ROKn5K5Y6KV6hMFScqJxWTyqeKO1SmiknlpGJSeUXFpDJVfOVirfVYF2utx7pYaz3WB/9A5aTiRGVSmSomlTsqpoqfqjipmFROVKaKE5VJZaqYVKaKE5Wp4isqU8UdKndUTBXvpDJVfEVlqnhFxaTyTio/dbHWeqyLtdZjXay1HuuDmyomlZOKSWVSOamYVE5UTiqmiq+oTBUnKq+omFQmlTtUTlS+UnGiMlXcUfEKlZOKE5VPFScqJypTxd9U8VMXa63HulhrPdbFWuux7A9eoDJVTConFZPKVDGpTBXvonJHxaQyVdyhMlWcqNxRMal8qphU7qh4hcpUMalMFZPKb6mYVH5TxYnKVPFTF2utx7pYaz3WxVrrsewPDlSmiknlnSpOVN6p4rtUpop3UjmpuEPluypOVO6ouEPlpGJSOamYVKaKTyonFScqU8VvUjmp+K6LtdZjXay1HutirfVY9gcHKicVJypTxStUTiomlZ+qmFROKiaVOyomlZOKO1S+q2JSOam4Q2WqmFReUTGpfKXi36TyThXfdbHWeqyLtdZjXay1HuuDv0zlFRUnKlPFpDJVfFI5qZhUJpU7KiaVO1Smiknlp1ROKk5Upoo7Ku5QOan4LpWTihOVv6liUpkqvnKx1nqsi7XWY12stR7rg39QMamcqJxU3KEyqZxUTCpTxaTyXSpTxYnKVDGpnFTcoXJS8V0qU8WJyonKHSp/i8pJxaRyR8UdKicVk8pU8V0Xa63HulhrPdbFWuuxPniRyitUpoo7KiaVd1GZKu6omFTuUJkq3knlU8U7VfymihOVk4pPFZPKHRWTyonKVPFvuVhrPdbFWuuxPripYlJ5RcUdFZPKScVJxVdUJpWTijsq7lB5p4qfUpkqTlTeSeUVKp8qTlSmildUvEJlqvipi7XWY12stR7rYq31WB/8ZSqvUDmpmFTepWJSeSeV36TyX1UxqbxTxaTyt6i8omJSOVGZKr5ysdZ6rIu11mNdrLUe64NfVvFOKlPFHRVfUbmjYlJ5RcUdKicVk8pU8UnljooTlZOKOyomlZOKn6qYVE5UpopJZaqYVKaKO1R+6mKt9VgXa63HulhrPZb9wYHKVHGHylQxqUwVJyp3VEwq71IxqfxNFZPKScV3qZxU3KFyUvEKlTsqPqlMFZPKO1XcoXJHxXddrLUe62Kt9VgXa63Hsj84UDmpmFROKu5QOak4UfmuiknlpGJSeaeKO1SmikllqvikclLxTip3VEwqJxWTylcq3kllqphUTiruUDmp+MrFWuuxLtZaj3Wx1nqsD96s4kTlN6mcVHxXxYnKHRXvpDJVTCpTxXdVTCpTxYnKVHFScaJyUnFHxSeVqeJEZaq4o2JS+bdcrLUe62Kt9VgXa63H+uAfVJyonFScVJyoTBV3VEwq31VxR8WkMqlMFScqU8VUcVLxLhUnKicqd6hMFZPKpHJSMal8qphU3knlpGJSmSp+y8Va67Eu1lqPdbHWeiz7gwOVqWJSmSomlTsqXqHyLhUnKicVJypTxStUfqpiUpkqJpWTiknljoo7VKaK71KZKiaVk4oTlTsqJpWpYlKZKr7rYq31WBdrrce6WGs91gf/oOIVFa9QuaNiUnkXlZOKE5UTlaliUpkqpooTlaniKxXvVPEKlTtUTiq+q2JSOVGZKu5QmSomlXe5WGs91sVa67Eu1lqPZX9woHJHxYnKScWkMlVMKicVJypfqThRmSomlb+p4kTlpypOVO6omFSmijtUporvUvkvq5hUpopJZar4ysVa67Eu1lqPdbHWeiz7gxeovKLiFSpTxYnKVPEVlaniDpWTihOVqWJSOan4LpVXVEwqU8UrVKaKSeWnKk5UXlExqUwVr1A5qfjKxVrrsS7WWo91sdZ6LPuDA5Wp4hUqr6g4UZkqfkplqphUTipOVKaKV6icVEwqnyomlZOKE5WTihOVk4pJZaqYVL5SMalMFf8mlZOKSWWq+MrFWuuxLtZaj3Wx1nqsD16kMlVMKicVk8pUcUfFpDJV/JTKVDGpTCp3qEwVk8pUMVVMKpPKd1VMKpPKVHFS8U4qJypTxaTyX6VyUjGp/NTFWuuxLtZaj3Wx1nos+4MbVE4qJpU7Kk5UpooTle+quENlqphUTipOVH5TxVdUTipeoTJVvEJlqjhR+VRxonJScaJyUjGpvKLiuy7WWo91sdZ6rIu11mPZHxyoTBWTyknFpDJVTCpTxYnKVHGHylcqJpU7KiaVk4o7VKaKE5WfqjhRmSomlZOKSWWqeIXKVypOVKaKSeWkYlKZKl6hclLxlYu11mNdrLUe62Kt9VgfvKhiUplUTlSmiknlDpWp4qTik8pJxYnKHRWTylQxqUwVk8pUMVVMKj+lMlXcUfEKlVdUfFKZKqaKk4p3UpkqJpWp4qcu1lqPdbHWeiz7gwOVqeJvUrmj4kRlqvikclIxqUwVk8pUMalMFXeovEvFpHJS8QqVqWJSmSomlZOKSeUrFScqU8WkMlW8k8pUcaIyVXzlYq31WBdrrce6WGs91gc3qdxRcaIyVbyTylQxqXyqOFGZKk4qTiomlVdUnKhMFZ9UTipeoTJVnFScVEwqJxWTyldUpopJ5Q6VqeIVKlPFT12stR7rYq31WBdrrcf64B9UvJPKVDGpTBUnKicVJxWfVN5JZaq4o+IVKlPFpPJvUTmpmFSmindReUXFK1SmiqniRGWq+K6LtdZjXay1HutirfVYH7xI5RUqJypTxVQxqfxUxaQyVbyTylQxqUwV71TxLipTxVRxojKpvJPKd1VMKneoTBV3qJxUnKhMFV+5WGs91sVa67Eu1lqPZX9woHJHxaQyVZyo3FHxW1ROKk5UTiomlaliUrmj4kTlXSomlaliUpkqJpVXVEwqP1XxCpU7KiaVqeJEZar4ysVa67Eu1lqPdbHWeiz7gwOVV1ScqEwVk8odFZPKScUnlaniDpV3qphUpopJ5bdU3KHyiopJ5aRiUvmuiknlpOJE5Z0qJpWTiu+6WGs91sVa67Eu1lqP9cE/qPhNFXdUTCq/ReWkYqo4UZkq/qaK71I5UZkqXlFxUnGiclIxqXylYlJ5RcUdKq9QmSq+crHWeqyLtdZjXay1HuuDf6DyN1XcUTGpTBWTyqTyqWJSmSomlZOKqWJSOam4o2JSOVH5VHGiMlVMKlPFpHKiMlXcUfFTKlPFb1KZKk5UpopJZar4rou11mNdrLUe62Kt9Vgf3FTxTionFZPKVHFHxaTyXSonFScqr6h4p4qfUrmj4hUqJxWTyndVnFRMKlPFHRV3VJxU/NTFWuuxLtZaj3Wx1nqsD16kckfFHSonKu+ickfFpDJVnFRMKpPKVDGp3KHyLhWTyh0qv6niROWTylTxTirvpDJV/NTFWuuxLtZaj3Wx1nqsD/7jKl6h8lMVJypTxUnFScWkMqncUXGi8pWKOypOVKaKE5WpYlKZVE4qvlJxojJVTCpTxW+qOFGZKr5ysdZ6rIu11mNdrLUe64P/Myp3VEwqX6k4UZkqJpVXVEwVk8odKlPFd6lMFZPKVDGpnKicVJxUnKhMKlPFT6mcqNxRcaIyVUwqU8V3Xay1HutirfVYF2utx/rgRRV/U8WkMlVMKicVX1GZKiaV36QyVUwqJxUnFd+lMlWcVNyhMqncUTFVTCqTyqeKSWWquEPlpOJEZaqYVN7lYq31WBdrrce6WGs9lv3BgcrfVDGpTBWvUPlKxaTyiooTlaliUpkq/qtUpopJZaqYVKaK36TyLhWvUJkqTlTuqPjKxVrrsS7WWo91sdZ6LPuDtdYjXay1HutirfVYF2utx7pYaz3WxVrrsS7WWo/1P9YkllzBduNQAAAAAElFTkSuQmCC', 'Pending', 'Active', '2026-05-04 02:30:30', '2026-05-04 02:30:30', 1),
(6, 'BILL-MOR3SU2V-DEW', 5, 'Sentil paramesh', '9952746925', 1215.00, 0.00, 1215.00, 0.00, 'Pending', 'Cash', '2026-05-04 11:15:57', 'LAB-MAIN-COMPLETEBLOODCH-QW3U-TJUK', 'data:image/png;base64,iVBORw0KGgoAAAANSUhEUgAAAQAAAAEACAYAAABccqhmAAAAAklEQVR4AewaftIAABIMSURBVO3BQW4kRxIAQfcC//9l37kQiAtTLHZzpEWFmf3BWuuRLtZaj3Wx1nqsi7XWY12stR7rYq31WBdrrce6WGs91gf/QOVvqphUpopJ5RUVX1GZKk5UpopJ5Y6KE5Wp4kTlXSpOVE4q7lCZKiaVOyq+ojJVnKicVEwqf1PFVy7WWo91sdZ6rIu11mN9cFPFO6mcVJxUTCpTxaQyqfwWlaliUjlRmSpOVKaKqWJS+VRxonKiclIxqZxUTBWTylTxLhWTylTxThXvpPJdF2utx7pYaz3WxVrrsT54kcodFb+p4qRiUvlUMalMKlPFVHFHxYnKScWkMqn8lMqJylRxR8UdKicqU8WkMlV8ReVE5Tep3FHxUxdrrce6WGs91sVa67E++I9TmSomlVdUfFI5qZhUpooTlaniFSp3VEwqn1ROKiaVSeWOiknljopXqHylYlI5qZhU/l9crLUe62Kt9VgXa63H+uD/XMWJyr9F5RUVJxWTyonKu1TcoTKpnFRMKpPKScXfojJV/L+4WGs91sVa67Eu1lqP9cGLKv5LVKaKSeWnVF5RMancUTGp3FHxXSqTylRxojJVTCpTxUnFpHKiMlX8lop3qvhbLtZaj3Wx1nqsi7XWY31wk8p/icpUMalMFZPKp4pJZaqYVN6pYlK5o2JSOVH5VHFSMalMFe+kMlWcVEwqJyqfKiaVqWJSOVGZKk5U/i0Xa63HulhrPdbFWuux7A/+w1SmindS+amKSWWqmFReUTGp3FHxXSpTxaQyVZyoTBV3qNxRMan8lor/Vxdrrce6WGs91sVa67E++AcqU8UdKlPFpHKHyknFicpU8RWVOypOKu5QmVReofK3qJyoTBV3VEwqk8pUMal8qphUpopJ5UTlN1WcqEwVX7lYaz3WxVrrsS7WWo/1wT+omFROKu6oOFE5qZhUfkplqphUTlROKl5RMalMFZPKVDGpfKXipGJSuaNiUpkqpop3qvik8psqTlSmikllUjmp+K6LtdZjXay1HutirfVY9gcHKq+omFROKv4mla9UTCrvVHGHyknFpDJVfEXlpGJSmSomlaliUnlFxYnKScUnlaniROWOikllqniFyknFVy7WWo91sdZ6rIu11mPZHxyovKLib1KZKiaV76qYVE4qJpWp4p1UXlHxFZU7Ku5QeaeKE5Wp4pPKScUrVKaKE5VXVHzXxVrrsS7WWo91sdZ6rA/+QcWk8gqVOyomlZOKk4qvqJxUnKhMFZPKHRWTylTxb6k4UTmpmFROKiaVE5XvqphUJpVXVLyiYlKZKiaVqeIrF2utx7pYaz3WxVrrsewPDlROKt5JZaqYVE4qTlSmik8qd1S8QmWqOFG5o2JS+UrFK1TeqeK/QmWqOFGZKk5UTipOVKaK77pYaz3WxVrrsS7WWo/1wYtUTiomlZOKk4oTlZ+qOFE5UTmpeEXFpDJVTCpTxaTySWWqmFSmipOKSeU3qUwVk8pU8UnlDpWp4g6VO1R+y8Va67Eu1lqP9cE/qJhUpopXVEwqU8WJylRxh8pXKk5UpopJ5Q6Vk4oTlTsqvqJyonJHxYnKpHJScUfFpPKp4kTljoo7Kv4tF2utx7pYaz3WxVrrsewPDlTuqLhD5aRiUjmpmFROKj6pvKLiDpWTihOVk4rvUrmjYlKZKiaV31TxUypTxYnKKypOVE4qTlSmiq9crLUe62Kt9VgXa63Hsj84UDmp+C9RuaPiu1TuqJhUpopJZaqYVE4qfkplqngnlaniRGWqmFROKk5UPlWcqEwVd6jcUXGiclLxXRdrrce6WGs91sVa67HsD16gMlVMKlPFpHJScaIyVUwqU8V3qZxU3KHymypOVKaKr6hMFZPKVDGp3FHxCpWTiu9SOam4Q+WkYlKZKn7LxVrrsS7WWo91sdZ6LPuDN1I5qThRmSruUJkqvkvljooTlVdUnKicVEwq71IxqUwVJyqvqJhUpooTlU8Vd6hMFZPKScWkMlVMKndUfNfFWuuxLtZaj3Wx1nos+4MbVKaKSWWqmFROKk5UpopJZao4UflUcYfKVHGiMlVMKicVJyp3VLyLyh0Vk8pU8beonFTcoTJVTConFScqU8WkMlV85WKt9VgXa63HulhrPdYH/0DlnSpOVKaKE5UTlaliqvikMlVMKlPFpHJSMalMFScqr6iYVD5VnKhMFVPFpDJVnFScqEwVk8pUMal8pWJSOVE5qTipmFTeqeK7LtZaj3Wx1nqsi7XWY9kfHKj8TRUnKlPFpPJbKiaVd6qYVKaKE5WTip9SuaPiFSpTxYnKScWk8qninVROKiaVV1RMKlPFVy7WWo91sdZ6rIu11mN9cFPFHSonFXdUTCpTxaQyVXxFZaqYVH6Tyh0qU8WJylTxFZWp4g6VOyqmindSmSq+ojJVTCpTxUnFpPJOKj91sdZ6rIu11mNdrLUe64MXqZxUTCqTylRxonKicofKp4pJZao4Ubmj4kRlUrlD5UTlKxUnKlPFHRWvUDmpOFH5VHGicqIyVfxNFT91sdZ6rIu11mNdrLUey/7gBpWpYlK5o2JSmSomlaniXVTuqJhUpooTlZOKE5U7KiaVTxWTyh0Vr1CZKiaVqWJS+S0Vk8pvqjhRmSp+6mKt9VgXa63HulhrPZb9wYHKVDGpvFPFico7VXyXylTxTionFXeofFfFicodFXeonFRMKicVk8pU8UnlpOJEZar4TSonFd91sdZ6rIu11mNdrLUey/7gQOWk4kTlpGJSeUXFpPJTFZPKScWkckfFpHJScYfKd1VMKicVJyonFZPKKyomla9U/JtU3qniuy7WWo91sdZ6rIu11mPZHxyonFScqLxTxYnKVDGpTBWfVE4qJpWTikllqphUXlExqfyWihOVqeI3qZxUfJfKScWJyt9UMalMFV+5WGs91sVa67Eu1lqPZX9wg8pUMamcVNyh8k4Vk8qniknlpGJSOamYVE4q7lA5qfgulaniROUVFZPKHRWTylTxFZWTiknljoo7VE4qJpWp4rsu1lqPdbHWeqyLtdZjffAPVE5UXqEyVbyi4kTluypOVKaKSWVSuUNlqngnlU8V71TxX6IyVXyqmFR+k8pU8W+5WGs91sVa67E++JdV3FFxonJS8RWVk4qpYlKZKk5UpooTlXeq+CmVqeJE5aTipGJSmVTuUPlUcaIyVUwqd1S8QmWq+KmLtdZjXay1HutirfVYH/yDihOVqWJSmVR+U8Wk8i4qJxUnKicqv0nlv0plqniniknlb1F5RcWkcqIyVXzlYq31WBdrrce6WGs91gcvqphUpopXqJyoTBUnKu9SMamcVEwqU8UdKicVk8pU8UnljooTlZOKV1RMKlPFT1VMKicVk8pJxaQyVdyh8lMXa63HulhrPdbFWuux7A8OVKaKSWWqmFT+TRWTyrtUTCp/U8WkclLxXSonFXeonFRMKlPFicodFZ9UpopJ5aRiUjmpuEPljorvulhrPdbFWuuxLtZaj/XBTSqvqDhRmSomlaniROW7KiaVf1PFKyomlanik8pJxSsqJpVJ5Q6Vk4pJZVL5VHFS8YqKSeWkYqo4UZlUpoqvXKy1HutirfVYF2utx/rgRRUnFScqJyrvVPEVlZOKSWWqmFSmindSmSomlaniuyomlaniRGWqOKk4UTmpuKPik8pUcaIyVdxRMan8Wy7WWo91sdZ6rIu11mN9cFPFpPKKihOVqeKOiknl36IyVZyoTBVTxUnFu1ScqJyo3KEyVUwqk8pJxaTyqWJSeSeVk4pJZar4LRdrrce6WGs91sVa67HsDw5UpopJZaqYVO6oOFE5qThR+UrFpDJVnKhMFX+Tyk9VTCpTxaRyUjGp3FFxh8pU8V0qU8WkclJxonJHxaQyVUwqU8V3Xay1HutirfVYF2utx/rgH1S8ouIVKlPFpHJHxaTySeVEZao4UZkqTlSmikllqpgqTlSmiq9UvFPFK1TuUDmp+K6KSeVEZaq4Q2WqmFTe5WKt9VgXa63HulhrPdYH/0DlnVReoTJVTConFd9VMan8TSonKlPFHSrfVTFVTCqTyknFpDJVTBUnKlPFT6ncofIKlVdUTCpTxVcu1lqPdbHWeqyLtdZjffAPKu5QuaPiDpX/qooTlaliqphUpopJZVKZKqaKr6icqJxUTCpTxUnFicpUcaLyXRUnKu+kMlXcUTGp/NTFWuuxLtZaj3Wx1nos+4MDlTsqTlROKt5J5aTik8pJxYnKScWkMlW8QuWkYlL5VDGpnFScqJxUnKicVEwqU8Wk8pWKSWWqeCeVqeJE5aRiUpkqvnKx1nqsi7XWY12stR7rg39Q8QqVk4o7VO6o+K6KE5U7KiaVE5WpYlKZKqaKSWVS+a6KSWVSmSpOKt5J5URlqphU/haVO1ROKiaVn7pYaz3WxVrrsS7WWo/1wYtUTiomlUllqjipuEPlpOKnKk5U7qiYVE5UXlHxFZWTipOKE5WpYqq4Q2Wq+KmKSeWk4m9SOan4rou11mNdrLUe62Kt9Vgf/AOVOyomlZOKSWWqmFROKqaKSeUrKlPFicpJxYnKScWJylRxojKpfFfFicpUMancoTJVnFScqLxLxaRyUjGpnFTcoTKpTBVfuVhrPdbFWuuxLtZaj/XBTRWTyqQyVUwqk8pUMancoTJVTBU/VXGicqIyVUwqU8WkMlVMKlPFVDGp/JTKVHFHxStUXlHxSWWqmCpOKt5JZaqYVKaKn7pYaz3WxVrrsewPDlSmihOVOypOVO6oOFGZKj6pnFRMKlPFpDJVTCpTxR0q71IxqZxU/CaVk4pJZaqYVL5ScaIyVUwqU8U7qUwVJypTxVcu1lqPdbHWeqyLtdZjfXCTyh0VJyonFZPKicpUMVVMKt+lMlWcVJxUTCqvqDhRmSo+qZxUvEJlqjipeKeKSeUrKlPFpHKHylTxCpWp4qcu1lqPdbHWeqyLtdZjffAPKt5JZaqYVE4qJpUTlaliqviKyh0qJxV3VLxCZaqYVP4tKicVf4vKKypeoTJVTBUnKlPFd12stR7rYq31WBdrrceyP3iByn9JxaTyUxUnKlPFO6lMFXeoTBW/RWWquEPljopJZaqYVL6rYlI5qXiFyh0Vk8pJxVcu1lqPdbHWeqyLtdZjffAPVO6omFSmihOVqeJEZVK5o+K7VKaKV6icVEwqd1ScqLxLxaQyVUwqJxWTyqTyW1Smileo3FExqZxUTCrfdbHWeqyLtdZjXay1HuuDN1OZKk5UpopJZao4qZhUpopJ5SsVU8Wk8oqKSeWOikllUnmXileonFRMKlPFpDJVTCrfVTGpTCpTxYnKK1SmiknlpOK7LtZaj3Wx1nqsi7XWY33wDyp+U8UrKu5QmSo+qUwqU8VJxYnKpDJV/KaK71I5UZkq/k0qJxWTylcqJpUTlZOKO1ReoTJVfOVirfVYF2utx7pYaz3WB/9A5W+qeIXKVDGpTCqfKiaVO1SmiqliUplUpoo7KiaVE5VPFScqU8WkMlVMKndUnFS8i8pUcUfFpHKiMlWcqEwVk8pPXay1HutirfVYF2utx/rgpop3UjmpmFSmijsqJpXvUjmpOFF5RcU7VfyUyh0Vr1A5qZhUvqvipGJSeUXFHRW/5WKt9VgXa63HulhrPdYHL1K5o+IOlROVqeJvqZhU7qiYVCaVqWJSuUPlXSomlTtUflPFiconlaninVTeSWWq+KmLtdZjXay1HutirfVYH/zHVdyh8lMqU8WJylQxqUwVJxWTyqRyR8WJylcq7qg4UZkqTlSmikllUjmp+ErFicpUMalMFb+p4kRlqvjKxVrrsS7WWo91sdZ6rA/+z6lMFZPKd1VMKicVv6liUrlDZar4LpWpYlKZKiaVE5WTipOKE5VJZar4KZUTlTsqTlSmikllqviui7XWY12stR7rYq31WB+8qOLfVDGpTBWTyk9VTCpTxR0qU8WkMlVMKicVJxXfpTJVnFTcoTKp3FExVUwqk8qnikllqrhD5aTiRGWqmFTe5WKt9VgXa63HulhrPZb9wYHK31QxqZxUnKhMFZPKVypOVKaKSeWk4kRlqvivUpkqJpWpYlKZKn6TyrtUvEJlqjhRuaPiKxdrrce6WGs91sVa67HsD9Zaj3Sx1nqsi7XWY12stR7rYq31WBdrrce6WGs91v8AKq6Krcw8TmYAAAAASUVORK5CYII=', 'Pending', 'Active', '2026-05-04 11:15:57', '2026-05-04 11:15:57', 1),
(7, 'BILL-MORE4UAP-LMM', 5, 'Sentil paramesh', '9952746925', 215.00, 0.00, 215.00, 0.00, 'Pending', 'Cash', '2026-05-04 16:05:13', NULL, NULL, 'Pending', 'Active', '2026-05-04 16:05:13', '2026-05-04 16:05:13', 1),
(8, 'BILL-MORENBYM-ES2', 5, 'Sentil paramesh', '9952746925', 215.00, 0.00, 215.00, 0.00, 'Pending', 'Cash', '2026-05-04 16:19:36', NULL, NULL, 'Pending', 'Active', '2026-05-04 16:19:36', '2026-05-04 16:19:36', 1),
(9, 'BILL-MORF1OOJ-XFT', 1, 'Bhaskar Sekar', '8925386821', 215.00, 0.00, 215.00, 0.00, 'Pending', 'Cash', '2026-05-04 16:30:45', NULL, NULL, 'Pending', 'Active', '2026-05-04 16:30:45', '2026-05-04 16:30:45', 1),
(10, 'BILL-MORG2TVQ-MOL', 4, 'Vasanth Sandeep', '9345995944', 215.00, 0.00, 215.00, 0.00, 'Pending', 'Cash', '2026-05-04 16:59:38', NULL, NULL, 'Pending', 'Active', '2026-05-04 16:59:38', '2026-05-04 16:59:38', 1),
(11, 'BILL-MORG686O-IQU', 5, 'Sentil paramesh', '9952746925', 215.00, 0.00, 215.00, 0.00, 'Pending', 'Cash', '2026-05-04 17:02:17', NULL, NULL, 'Pending', 'Active', '2026-05-04 17:02:17', '2026-05-04 17:02:17', 1),
(12, 'BILL-MORH6F23-T6Z', 5, 'Sentil paramesh', '9952746925', 1250.00, 0.00, 1250.00, 0.00, 'Pending', 'Cash', '2026-05-04 17:30:25', 'LAB-UNKNOWN-COMPLETEBLOODCH-447L-UAXI', 'data:image/png;base64,iVBORw0KGgoAAAANSUhEUgAAAQAAAAEACAYAAABccqhmAAAAAklEQVR4AewaftIAABIuSURBVO3BQXLk2JLAQICm+18ZUxuZxUavk0qpuv8w3O0P1lqPdLHWeqyLtdZjXay1HutirfVYF2utx7pYaz3WxVrrsT74Byp/U8UdKlPFpDJVTCqvqphUpopJ5aTiRGWquEPluyomlaniRGWqOFF5R8WkclLxFZWp4kTlpGJS+ZsqvnKx1nqsi7XWY12stR7rg5sqfpLKHSpTxUnFScV3VbxD5aRiUpkqJpWTiknlU8UdKicVk8odFZPKHRWTyqTylYq/qeInqbzqYq31WBdrrce6WGs91gdvUrmj4g6VqWJSOak4UflUcYfKVDFVnKicqEwVJxWTyknFJ5WpYqqYVE5U7qiYVKaKSWVSmSqmiq+o3KHym1TuqPiui7XWY12stR7rYq31WB/8j6u4Q2WqeJXKVHGHyk9SuUNlqvhUcaJyUnGHyqQyVZxU/JSKSWWqOKmYVP5XXKy1HutirfVYF2utx/rgf4zKVHGiMlVMKl+pmComlZOKqeIdKj9J5VUVk8odKicVJyonFZPKVPEVlaliUjlRmSr+V1ystR7rYq31WBdrrcf64E0Vf1PFHRWTylTxSWVSmSqmijtUpopJ5Y6KSeWk4lUqk8pUcaIyVZyoTBUnFScVJyqfKk4qJpWp4idV/C0Xa63HulhrPdbFWuuxPrhJ5b9EZaqYVKaKSeVTxaRyojJVTCpTxaQyVUwqU8WkMlVMKicqnypOKiaVqeIOlaliUpkqJpWpYlKZKl6lMlXcoTJVnKj8Wy7WWo91sdZ6rIu11mN98A8q/ssqTipOKj6pnKhMFScVk8pU8W+q+K6KSeVvqphUpopJZar4SsWkckfFScV/xcVa67Eu1lqPdbHWeqwP/oHKVDGp/KSKqWJSmSruUPlKxTtU/qaKSeVE5btUTiomlTtUpopJZaqYKu5Q+VQxqZxUTConFZPKT6r4rou11mNdrLUe62Kt9Vj2B3+RylQxqZxU/FepTBWTyk+qeIfKVyomlaliUjmp+DepTBWfVO6oOFGZKu5QmSpOVKaKV12stR7rYq31WBdrrceyPzhQeUfFpHJScYfKScW/RWWqOFE5qZhUpopJ5bsq7lCZKiaVOypOVKaKSeVVFZPKVDGpnFRMKlPFHSpTxU+5WGs91sVa67Eu1lqPZX/wi1ROKk5UpopJZaqYVL6rYlKZKiaVOyomlaniDpWTiknlU8WJylQxqZxUTConFT9J5SsV71CZKk5UpopJ5Y6KSWWq+MrFWuuxLtZaj3Wx1nqsD25SmSomlaliUplUpoo7Kt5R8UnlDpWp4kTlDpWpYlKZKu6o+KQyVUwVJxWTym9SOamYKl6lMlWcVEwqU8VUMalMFX/LxVrrsS7WWo91sdZ6LPuDA5WpYlI5qbhDZaqYVH5LxaRyUnGiMlWcqEwVk8p/RcWkclJxh8pUcaJyR8V3qdxR8ZNUTipedbHWeqyLtdZjXay1Hsv+4AaVqWJSOamYVE4q7lCZKiaVf0vFv0llqvikMlVMKicVk8q/qWJS+UrFicpJxYnKVDGp3FFxojJVfOVirfVYF2utx/rgH6jcUXGiMlVMKj9JZaqYVF5VMalMFZPKpPKOiknlpOJE5bsqJpWTip+kMlVMKlPF36IyVZxUvEPluy7WWo91sdZ6rIu11mN9cFPFpDJVnFRMKlPFicpUMVVMKq+qmFTuUDmpmFROKk4q7qj4ispJxUnFpHKHylQxqdxRMalMFZ9U7qj4SSpTxaRyUjGpvOpirfVYF2utx7pYaz3WB2+qmFSmikllqjhROVH5KSpTxaQyVZyoTCrvULmjYlKZKj5VTConFZPKHSpTxUnFpPIOlU8Vk8pUMamcVEwqU8VU8Q6VqeJVF2utx7pYaz3WxVrrsewPDlTuqJhUpopJZaqYVE4qJpWp4qeonFTcoTJV/CSVk4qvqEwVd6i8o2JSeUfFpPKVikllqjhRmSomlaniDpU7Kr5ysdZ6rIu11mNdrLUey/7gDSpTxTtUpooTlaliUpkqvqIyVZyoTBWTyknFicpJxaTyt1S8Q+UdFScqJxWfVKaKE5Wp4g6VqWJSOak4UZkqvnKx1nqsi7XWY12stR7rg3+g8g6VOypOVE5UpopJZar4VDGpnFS8Q+WOipOKSWWq+IrKHSpTxaQyVdxRMamcqEwVk8qk8qliUpkqTlROKqaKd6hMFd91sdZ6rIu11mNdrLUe64N/WcWkMlXcUXFS8RWVk4p3VLxDZaq4Q2WqeFXFO1SmineovKPiVSpTxR0qJxVTxaRyR8WrLtZaj3Wx1nqsi7XWY9kfHKj8TRUnKicVk8pvqZhUpopJZaqYVKaK/yqVk4oTlaniN6l8pWJSmSomlaniHSpTxaQyVUwqJxVfuVhrPdbFWuuxLtZaj/XBP6iYVKaKO1Smijsq7qj4LpWp4jdV3KFyUjGpTBVfUTmpmFTuqDhROamYVO6o+KQyVZxU3KEyVZyo3FExqbzqYq31WBdrrce6WGs9lv3BDSpTxaQyVZyo3FExqUwVJypTxSeVqeJvUjmp+EkqnyomlaniDpWTikllqphUTiomlaliUvlUMalMFScqJxWTylRxh8pUMalMFV+5WGs91sVa67Eu1lqPZX/wBpWpYlI5qThRmSruUHlVxaRyUjGpvKNiUjmpmFSmihOVTxUnKlPF36RyUvFdKndU3KFyUjGpvKPiVRdrrce6WGs91sVa67E++AcqJxUnFScqU8VUMalMFZPKVDGp/C0Vk8pUMamcVNyhMlVMFZ9UTiruUDmpmFSmijtUpooTlU8VP0nlHRV3qHzXxVrrsS7WWo91sdZ6LPuDA5WTijtUpooTlaliUrmj4isqJxUnKicVd6icVPwWlZOKSeUdFe9QmSomlanik8pJxR0qv6liUpkqXnWx1nqsi7XWY12stR7L/uAGlZOKSeVvqjhR+UrF/ycqP6XiDpV3VPwklaniKypTxaQyVUwqP6liUrmj4isXa63HulhrPdbFWuuxPnhTxR0Vd6hMFXeoTBWTyk9RmSomlaliUvlNFa9SmVSmiknlpOJEZVJ5R8WrVE5UpopJ5aTiDpV3VLzqYq31WBdrrce6WGs91gf/QGWqOFG5Q2Wq+EkVJxWfVO6omComlanijop3qJyofKo4qZhUpopJZVKZKqaKn6RyovKVihOVqWJSOVGZKu6oOFGZKr5ysdZ6rIu11mN98MMqJpWTit+k8qqKSeUOlaliUpkq7lCZKt5R8V0Vk8odKicVk8pUMancUfFJ5URlqphU7qi4Q2WqmFS+62Kt9VgXa63HulhrPZb9wYHKScWJyt9UcYfKqypOVH5SxTtU/paKd6icVEwqU8WJylcqJpWpYlKZKiaV31RxojJVfOVirfVYF2utx7pYaz3WB29SmSqmikllqphUTipOVKaKSeVVFZPKScWkMlVMKr+pYlKZKj6p3FFxojJVTCrvqDhR+a6KO1SmikllqjhRmSpOVL7rYq31WBdrrce6WGs9lv3BG1R+U8Wk8pMqvqIyVdyhMlWcqEwVJypTxYnK/4qKSeW3VEwq76g4UZkqfpLKVPGVi7XWY12stR7rYq31WB/cpHJSMamcVEwqJxWTyh0VX1E5UZkqTipOVKaKSWWquENlqphUvlJxojJVTCpTxaTyjooTlZOKr1T8JJWpYlKZKt5R8aqLtdZjXay1HutirfVY9gcHKlPFT1KZKiaVqeIOlZOKr6icVEwqU8WkclLxk1Smiq+onFScqEwVk8pUcaLyjopXqdxRMamcVNyhMlVMKndUfOVirfVYF2utx7pYaz3WBzep/KSKSeUOlaliqvgpFZPKb1KZKiaVk4pXVZyoTBVTxUnFicpJxaRyovJdFT9J5Y6KSWWqmFS+62Kt9VgXa63HulhrPdYHP6ziDpU7VKaKSeW7KqaKSWWqmFTeoXKi8reoTBUnKlPFpHJSMalMKu+omFRepXJSMalMFScqd6hMFZPKqy7WWo91sdZ6rIu11mN9cFPFicodFXeovKNiUvmkMlW8Q+Wk4kRlqphUpopJZaqYVD5VTBV3VLxD5Y6KE5VXVUwqJxUnFZPKScWkMlX8lou11mNdrLUe62Kt9Vgf/IOKd1RMKpPKScVUMancoTJVfFI5qTipOFF5h8qJylQxqXyXylQxqZxUTCpTxTtUpopJZar4LpWpYlKZKt6hclLxXRdrrce6WGs91sVa67E+eJPKVDGpnFS8o2JSmSp+i8pJxYnKScVPqviuipOKSWVSmSruUDmp+C0Vk8odKicVU8WkMlVMKlPFqy7WWo91sdZ6rIu11mN98A9Upop3VEwqJxUnKicqJxWvUrlDZar4TSpTxaQyVXxF5R0Vk8qkMlVMKlPFicodKt9VcUfFicpU8Q6VqeIrF2utx7pYaz3WxVrrsT74BxWTylRxh8pUMamcqEwVJypTxXdVnKhMFZPKVDGpTBWTylQxVZxUvKriROU3VUwqU8UdFV9RmSp+k8o7VH7KxVrrsS7WWo91sdZ6LPuDX6QyVUwqU8WJylTxDpXvqphUTiomlaniN6m8qmJSOam4Q+WkYlI5qZhUTipepXJHxaQyVbxD5aTiVRdrrce6WGs91sVa67HsDw5UTiomlTsqJpWTiknljopJ5SsVk8pJxYnKT6qYVE4qforKScWk8m+q+C6VqeJEZaqYVKaKE5WpYlKZKl51sdZ6rIu11mNdrLUey/7gBpWpYlI5qZhUpooTlaniROVVFZPKVDGp/KaKSWWqeIfKd1VMKicV71CZKiaVk4pJ5VPFpDJVTCpTxYnKHRV3qJxUfOVirfVYF2utx/rgpopJZao4UZkq7qj4LSpTxaQyVUwqU8U7VKaKSWWqmFReVTGpnKi8Q2Wq+EkVk8pU8UnlRGWqOFGZKk5UTlTuqHjVxVrrsS7WWo91sdZ6LPuDG1TeUTGpTBWTylRxojJVvEplqphUpooTlaniv0TlU8WJylTxDpWTihOVqWJSeVXFpHJSMancUTGpnFRMKndUfOVirfVYF2utx7pYaz3WBzdVTCpTxYnKVPE3qfwtFScqU8WJyknFpPJfVfFfofKOiknljopJZVKZKiaVqeJVF2utx7pYaz3WxVrrsewP3qDyN1X8V6hMFScq/ysqTlSmikllqjhRmSpOVE4qJpWp4isqd1ScqPymiu+6WGs91sVa67Eu1lqP9cE/ULmjYlKZKk5UpopJ5Y6KE5VPFScqU8WkckfFicpJxaQyVUwqU8WrVKaKSWWqOFGZKu6omFR+SsUdKicVJypTxR0qU8WrLtZaj3Wx1nqsi7XWY33ww1SmihOVOyomlaniv6LiDpWp4h0qJyo/pWJSmSqmineo3FExqXyqmFSmikllqphUJpU7VE4qfsrFWuuxLtZaj3Wx1nqsD/5BxW+qOFGZKk5UpoqfUjGpTBXvqDhRmSruqHiVyonKVPFvqjhReVXFT6q4Q2WquENlqvjKxVrrsS7WWo91sdZ6rA/+gcrfVDFVTCpTxR0q36XyDpWp4kRlqjipmFROVD5V/CaVk4pJ5SdVvErlpGJSuUNlqjhRmSqmiu+6WGs91sVa67Eu1lqP9cFNFT9J5URlqphUTiqmiq+o3FFxR8WkMlXcofKOiu+qmFROKk5Upop3qJxUfKXiRGWqmFROKu6o+C0Xa63HulhrPdbFWuuxPniTyh0V71CZKt6h8l+hcqIyVZyoTCrfVXFSMalMKlPFHSp3VEwqk8p3VUwqJyrvUDmp+K6LtdZjXay1HutirfVYH/yPqZhU7qj4SsUdKicVJxUnKlPFicpJxaTylYpJZaqYVE4qJpWp4qRiUpkqJpVXVUwqU8WkMlW8Q+WOihOVqeIrF2utx7pYaz3WxVrrsT74H6MyVUwqU8VJxatUTiomlaniROUnVUwqU8WrKk4qJpVJ5Q6Vd1RMKq+qmFROVKaKOypOVCaVqeK7LtZaj3Wx1nqsi7XWY33wporfVHFHxaQyVUwqnyp+k8pUcVIxqUwVJyonKq+quKNiUpkqJpWTiknlROWk4qdU3KEyVUwqU8VvuVhrPdbFWuuxLtZaj2V/cKDyN1VMKicVk8pU8SqVn1RxonJHxYnKVPEqlaniDpU7Ku5QuaNiUvlKxaRyUjGpTBXvUPlJFV+5WGs91sVa67Eu1lqPZX+w1nqki7XWY12stR7rYq31WBdrrce6WGs91sVa67H+D4mrBQ6eUnPxAAAAAElFTkSuQmCC', 'Pending', 'Active', '2026-05-04 17:30:25', '2026-05-04 17:30:25', 1);
INSERT INTO `bills` (`id`, `bill_number`, `patient_id`, `patient_name`, `patient_phone`, `total_amount`, `discount_amount`, `net_amount`, `paid_amount`, `payment_status`, `payment_method`, `bill_date`, `lab_barcode`, `lab_qr_code`, `notes`, `status`, `created_at`, `updated_at`, `branch_id`) VALUES
(13, 'BILL-MORH8LSK-7ZZ', 4, 'Vasanth Sandeep', '9345995944', 1250.00, 0.00, 1250.00, 0.00, 'Pending', 'Cash', '2026-05-04 17:32:07', 'LAB-UNKNOWN-COMPLETEBLOODCH-6G7J-WEM8', 'data:image/png;base64,iVBORw0KGgoAAAANSUhEUgAAAQAAAAEACAYAAABccqhmAAAAAklEQVR4AewaftIAABIuSURBVO3BQW4kRxIAQfcC//9l37kQiAtTLHZzpEWFmf3BWuuRLtZaj3Wx1nqsi7XWY12stR7rYq31WBdrrce6WGs91gf/QOVvqrhDZaqYVKaKSeVdKiaVOyomlaniDpWfqphUpooTlaniROUVFZPKScVXVKaKE5WTiknlb6r4ysVa67Eu1lqPdbHWeqwPbqp4J5U7VO6o+K6KO1ROKk5UJpWpYlKZKiaVk4pJ5VPFHSonFZPKHRWTyh0Vk8qk8pWKv6ninVS+62Kt9VgXa63HulhrPdYHL1K5o+IOlZOKSeWkYqr4pDJVTCpTxYnKVDFVnKhMFScVk8pJxSeVqWKqmFROVO6omFSmikllUpkqpoqvqNyh8ptU7qj4qYu11mNdrLUe62Kt9Vgf/J+pOKk4UZkqPlXcoTJVTBWTyjup3KEyVXyqOFE5qbhDZVKZKk4q3qViUpkqTiomlf8XF2utx7pYaz3WxVrrsT74P6cyVUwqJypfqbhDZaqYKiaVqeJE5Z1UvqtiUrlD5aTiROWkYlKZKr6iMlVMKicqU8X/i4u11mNdrLUe62Kt9VgfvKji31RxUjGpTBWfVCaVqeIVKlPFpHJHxaRyUvFdKpPKVHGiMlWcqEwVJxUnFScqnypOKiaVqeKdKv6Wi7XWY12stR7rYq31WB/cpPJfojJVTCpTxaTyqWJSOVGZKiaVqWJSmSomlaliUpkqJpUTlU8VJxWTylRxh8pUMalMFZPKVDGpTBXfpTJV3KEyVZyo/Fsu1lqPdbHWeqyLtdZjffAPKv7LKk4qTio+qZyoTBUnFZPKVPFvqvipiknljopXVEwqU8WkMlV8pWJSuaPipOK/4mKt9VgXa63HulhrPZb9wYHKVDGpvFPFicpUMan8VMU7qZxUTCpTxR0q/5aKSWWqmFROKiaVqeJE5bsqJpWTiknlpGJSeaeKn7pYaz3WxVrrsS7WWo9lf/CLVE4qTlSmihOVqeLfovKbKl6h8pWKSWWqmFROKiaVqeIVKlPFpDJVfFK5o+JEZaq4Q2WqOFGZKr7rYq31WBdrrce6WGs9lv3BDSp3VEwqJxV3qJxUnKh8V8WkckfFHSpTxaQyVUwqP1Vxh8pUMancUXGiMlVMKt9VMalMFZPKKyruUJkq3uVirfVYF2utx7pYaz2W/cFfpDJVnKjcUTGpnFR8UpkqJpVXVEwqJxV3qJxUTCqfKk5UpopJ5aRiUpkqfpPKVyreSWWqmFSmiknljopJZar4ysVa67Eu1lqPdbHWeqwP/oHKHRWTylQxqUwVJxXvpPJdFa9QmSomlUllqphUpoo7Kj6pTBVTxUnFpPIKlaliUjmpmCq+S2WqeKeKSWWq+Fsu1lqPdbHWeqyLtdZj2R/coDJVnKhMFScqU8Wk8oqK71I5qThRmSomlZOKSeW/omJSOak4UTmpOFG5o+KnVO6oeCeVk4rvulhrPdbFWuuxLtZaj2V/cKAyVUwqd1RMKicVd6hMFZPKv6Xi36QyVXxSmSomlZOKSeXfVDGpfKXiROWk4kRlqphU7qg4UZkqvnKx1nqsi7XWY33wDypOKiaVqWJSmSomlXdSmSomle+qmFSmikllUnlFxaRyUnGi8lMVk8pJxTupTBWTylTxt6hMFScVr1D5qYu11mNdrLUe62Kt9VgfvEhlqjipmFTuUJkqpoqfqphU7lA5qZhUTipOKu6o+IrKScVJxaRyh8pUMancUTGpTBWfVO6oeCeVqWJSOamYVL7rYq31WBdrrce6WGs91gf/QOWkYlKZKiaVqWJSuUNlqphUpoqfUpkqJpUTlZOKSeUVFZPKVPGpYlI5qZhU7lCZKk4qJpVXqHyqmFSmiknlpGJSmSqmileoTBXfdbHWeqyLtdZjXay1Hsv+4EDljopJZaqYVKaKE5WTikllqviKyisqJpWTikllqniFyknFV1SmijtUXlExqbyiYlL5SsWkMlWcqEwVk8pUcYfKHRVfuVhrPdbFWuuxLtZaj2V/8AKVqWJSOamYVKaKSWWqOFGZKiaVTxWTyt9UMamcVEwqf0vFK1ReUXGiclLxSWWqOFGZKu5QmSomlZOKE5Wp4isXa63HulhrPdbFWuuxPvgHKu9UMalMFScVJyrvUvGbVCaVk4qTikllqviKyh0qU8WkMlXcUTGpnKhMFZPKpPKpYlKZKk5UTiqmileoTBU/dbHWeqyLtdZjXay1HuuDF1VMKlPFpDJVTCpTxR0Vk8pJxSeVqeJE5aRiUjmpOFGZKu5QmSq+q+IVKlPFK1ReUfEuFScqJxVTxaRyR8V3Xay1HutirfVYF2utx/rgl6mcqEwVv0llqvgulXeqmFSmiqnijorvqrhD5aTiRGWqOKl4J5VPFb+p4kRlqjipmFROKr5ysdZ6rIu11mNdrLUe64N/UDGp3FExqUwVJyonFe9ScVIxqZyonKhMFXeonFRMKlPFV1ROKiaVOypOVE4qJpU7Kj6pTBUnFXeoTBUnKndUTCrfdbHWeqyLtdZjXay1Hsv+4AUqU8UdKu9U8VMqU8WkclJxh8odFe+k8qliUpkq7lA5qZhUpopJ5aRiUpkqJpVPFZPKVHGiclIxqUwVd6hMFZPKVPGVi7XWY12stR7rYq31WPYHByonFZPKHRV3qJxUTCpTxXepnFRMKicVd6icVEwqU8WJyqeKE5Wp4m9SOan4KZU7Ku5QOamYVF5R8V0Xa63HulhrPdbFWuuxPnizijtUTipOKiaVqWJS+UrFO1VMKlPFpHJScYfKVDFVfFI5qbhD5aRiUpkq7lCZKk5UPlW8k8orKu5Q+amLtdZjXay1HutirfVY9gcHKndUTCpTxYnKScWkckfFV1ROKk5UTiruUDmp+C0qJxWTyisqXqEyVUwqU8UnlZOKO1R+U8WkMlV818Va67Eu1lqPdbHWeiz7gxtUTiomlb+p4kTlpyr+n6i8S8UdKicVk8pU8QqVk4qvqEwVk8rfVDGp3FHxlYu11mNdrLUe62Kt9VgfvKjijoo7VKaKE5WpYqqYVL5S8QqVk4pJ5TdVfJfKpDJVTConFXeovKJiUvmKyonKVDGpnFTcofKKiu+6WGs91sVa67Eu1lqP9cFNFScqd6hMFa+o+KmKSWWquKPiROWk4hUqJyqfKk4qJpWpYlKZVKaKqeKdVE5UvlJxojJVTConKlPFHRUnKlPFVy7WWo91sdZ6rA/+gcpJxVQxqZxUvELljoqp4pPKHSpTxW9SmSpeUfFTFZPKHSpTxaQyVZyo3FHxSeVEZaqYVO6ouENlqphUfupirfVYF2utx7pYaz2W/cEvUnmnindS+VsqTlSmileo/C0Vr1B5RcWJylcqJpWpYlKZKiaV31RxojJVfOVirfVYF2utx7pYaz3WB/9AZaqYVKaKqeIOlROVOyp+quJEZaqYVCaVv6liUpkqPqncUXGiMlVMKndUTConKj9VcYfKVDGpTBUnKlPFicpPXay1HutirfVYF2utx7I/eIHKHRWTyknFpPJOFV9RmSruUJkqTlSmihOVqeJE5b+q4kTlt1RMKq+oOFGZKt5JZar4ysVa67Eu1lqPdbHWeiz7gxtUXlFxonJSMancUfEVlTsqXqEyVUwqU8WkMlVMKlPFpPKVihOVqWJSmSomlZOKSWWqOFE5qfhbVKaKSWWq+Fsu1lqPdbHWeqyLtdZj2R/8RSonFZPKVPEKlanik8odFZPKVDGpnFS8k8pU8RWVk4oTlaliUpkqTlReUfFdKndUTConFXeoTBWTyh0VX7lYaz3WxVrrsS7WWo9lf3Cg8k4VJyonFZPKHRXfpTJVTCrvVDGpTBWTyknFu6hMFe+kclIxqfyWijtU3qliUpkqJpWTiq9crLUe62Kt9VgXa63H+uDNKiaVSeWdKu5QmSq+S2WqmFSmijtUTlT+FpWp4kRlqphUTiomlUnlFRWTynepnFRMKlPFicodKlPFpPJdF2utx7pYaz3WxVrrsT64qeJEZaqYVKaKO1SmihOVqeIrKlPFpDKp3KEyVUwVk8pUMalMFZPKVDGpfKqYKu6oeIXKHRUnKt9VMalMFZPKScWkclIxqUwVv+VirfVYF2utx7pYaz3WB/+g4o6KO1SmipOKSWWqmCrepeKdVKaKE5UTlaliUvkplaliUjmpmFSmileoTBWTylTxW1SmileonFT81MVa67Eu1lqPdbHWeiz7gxeoTBWTyknFpHJScaJyUvFbVN6p4v+VyknFHSonFScqU8VXVKaKO1TuqDhRmSomlaniuy7WWo91sdZ6rIu11mN98A9U7lA5qZhUTiomlaniDpWfqphUpooTlZOKV6hMFZPKVPEVlVdUTCqTylQxqUwVJyp3qHyXyknFScWJylTxCpWp4isXa63HulhrPdbFWuuxPvjLVKaKSeWkYlI5qZhUvqvipGJSmSruUJkqJpWpYqo4qfiuihOV31QxqUwVd1R8RWWq+E0qr1B5l4u11mNdrLUe62Kt9Vj2BwcqU8WJylQxqZxU/FtUTiomlVdU/E0q31UxqZxU3KFyUjGpnFRMKicV36VyR8WkMlW8QuWk4rsu1lqPdbHWeqyLtdZjfXCTylTxiopJ5aRiUrmj4rsqJpWTijtUXlExqZxU/FTFpDKpTBWTyh0qd6icVLxLxYnKVDGpTBUnKlPFpPJTF2utx7pYaz3WxVrrsewPblCZKk5U7qg4UZkqTlS+q2JSmSomld9UMalMFa9Q+amKSeWk4hUqU8WkclIxqXyqmFSmikllqjhRuaPiDpWTiq9crLUe62Kt9Vgf3FTxiopXVPwWlaliUpkqJpWp4hUqU8WkMlVMKt9VMamcqLxCZap4p4pJZar4pHKiMlWcqEwVJyonKndUfNfFWuuxLtZaj3Wx1nos+4MbVF5RMamcVLxCZar4ispUMalMFScqU8V/icqnihOVqeIVKicVJypTxaTyXRWTyknFpHJHxaRyUjGp3FHxlYu11mNdrLUe62Kt9Vgf3FQxqUwVJypTxaQyqUwVr1D5LSpTxYnKVHGiclIxqfxXVfxXqLyiYlK5o2JSmVSmikllqviui7XWY12stR7rYq31WPYHL1B5p4oTlZOKSeW7KiaVqWJSmSomlZOKSeW/ouJEZaqYVKaKE5WpYlK5o2JSmSq+onJHxaTyN1X81MVa67Eu1lqPdbHWeqwP/oHKHRWTylTxm1SmiknlKyr/popJ5aRiUpkqJpWp4rtUpopJZao4UTlRmSpOVN6l4p0qTlSmijtUporvulhrPdbFWuuxLtZaj/XBm6lMFScqU8WkMlW8ouKnVKaKSWWqmFROVKaKV6icqLxLxaQyVUwVJyrvVDGpfKqYVKaKSWWqOFG5Q+Wk4l0u1lqPdbHWeqyLtdZj2R/8h6m8omJS+UrFb1KZKu5QmSomlZOK71K5o2JSmSr+TSpfqbhD5Y6KO1SmihOVk4qvXKy1HutirfVYF2utx/rgH6j8TRVTxaQyVfwtKicV76QyVZxUTConKp8qfpPKScWJyknFScV3qZxUTCp3qEwVJypTxVQxqXzXxVrrsS7WWo91sdZ6rA9uqngnlROVqWJSOamYKr6ickfFHRWTylRxh8orKn6qYlI5qThRmSqmijtUTiq+UnGi8oqKOyruqPiui7XWY12stR7rYq31WB+8SOWOileoTBUnKlPFpPKpYlK5Q+Wk4kTlRGWqOFGZVH6q4qRiUplUpoo7VO6omFQmlZ+qOFGZVF6hclLxUxdrrce6WGs91sVa67E++D9TMamcVLxLxaQyVUwqJxUnKlPFicpJxaTylYpJZaqYVE4qJpWp4qRiUpkqJpXvqphUpopJZaqYKu5QuaPiRGWq+MrFWuuxLtZaj3Wx1nqsD/7PqPwWlROVqWJSuUPlN1VMKlPFd1WcVEwqk8odKq+omFS+q2JSOVGZKu6oOFGZVKaKn7pYaz3WxVrrsS7WWo/1wYsqflPFpDJVnKhMFd9VMalMKicVk8odFZPKVHGicqLyXRV3VEwqU8WkclIxqZyonFR8RWWqeCeVqWJSmSp+y8Va67Eu1lqPdbHWeiz7gwOVv6liUpkqTlTuqPiKylTxCpWpYlI5qThRmSq+S2WquEPljoo7VO6omFS+UvEKlaniFSrvVPGVi7XWY12stR7rYq31WPYHa61HulhrPdbFWuuxLtZaj3Wx1nqsi7XWY12stR7rf2XO/whVkcCnAAAAAElFTkSuQmCC', 'Pending', 'Active', '2026-05-04 17:32:07', '2026-05-04 17:32:07', 1),
(14, 'BILL-MORHB2XX-WN4', 2, 'Sibyll Dominic R', '7810027381', 215.00, 0.00, 215.00, 0.00, 'Pending', 'Cash', '2026-05-04 17:34:03', NULL, NULL, 'Pending', 'Active', '2026-05-04 17:34:03', '2026-05-04 17:34:03', 1),
(15, 'BILL-MORHBOQ5-NNP', 2, 'Sibyll Dominic R', '7810027381', 170.00, 0.00, 170.00, 0.00, 'Pending', 'Cash', '2026-05-04 17:34:31', 'LAB-UNKNOWN-KIDNEYFUNCTION-0PN4-QCT4', 'data:image/png;base64,iVBORw0KGgoAAAANSUhEUgAAAQAAAAEACAYAAABccqhmAAAAAklEQVR4AewaftIAABHdSURBVO3BQW4c2ZIAQfcE739lH20IxKZeM1Uldf/JMLNfWGs90sVa67Eu1lqPdbHWeqyLtdZjXay1HutirfVYF2utx/riH6j8TRWTyknF36IyVUwqU8WkclJxonJScYfKt4pJ5aRiUrmjYlKZKj5JZar4pnJScaJyUjGp/E0Vr1ystR7rYq31WBdrrcf64qaKT1J5h8pJxU+pTBVTxUnFHRV3VEwqJypTxSsq76i4Q+VE5Y6KSWWqeKXi31TxSSo/dbHWeqyLtdZjXay1HuuLN6ncUfFJFZPKpDJVTCrfKk5U7qj4JJWp4qTipOJTVE4qTipOVKaKk4qfUpkqTlT+JJU7Kn7XxVrrsS7WWo91sdZ6rC/+4yomlXeovKIyVfxJKndU3KFyUvGKylRxUnFHxYnKVHGHylTxSsWkMlWcVEwq/ysu1lqPdbHWeqyLtdZjffEfpzJV3FHxKRV3qJxUnKhMKlPFpHKHyu9SOamYVKaKk4p3VJyofKuYKu5QmSr+V1ystR7rYq31WBdrrcf64k0Vf1LFicqJylQxqXyrmFROKiaVqWJSOVH5kyp+SuUdKlPFHSp3VPwulanijopPqvhbLtZaj3Wx1nqsi7XWY31xk8rfpDJVnFRMKp9SMalMFZPKVDGpTBWTylQxqUwVk8qJyreKd1RMKicqU8VJxaRyojJVvFIxqUwVd6hMFScq/5aLtdZjXay1HutirfVY9gv/j6icVEwqr1RMKndUTCqfVHGiMlX8lMpJxaRyR8WkclJxh8pU8beoTBX/VRdrrce6WGs91sVa67G++AcqU8WJyp9UMalMFXdU/FdVTConKicqf0rFpPJJKlPFpHKiMlW8ojJVvENlqjhRmSomlTsqXrlYaz3WxVrrsS7WWo9lv3CgMlVMKicVk8pUcaLyjopJ5XdV3KEyVZyovKPiDpWfqphU/qaKO1SmiknlUyr+TSpTxU9drLUe62Kt9VgXa63H+uJNFScqJypTxSepnFS8onKicofKOyruUJkqfqripOIdKicVk8odFZPK76r4m1SmiknlUy7WWo91sdZ6rIu11mN9cZPKHRV3qLyj4g6VVyomlaliUpkqTlT+pIpJ5adUpopJZaqYVKaKk4o7Ku6oeEVlqrhDZaqYVE4qPkllqnjlYq31WBdrrce6WGs9lv3Cv0jlb6r4KZWTihOVqeIOlZOKE5WTildUpopJ5R0Vk8pUMalMFScqU8Wk8ikVJypTxYnKJ1W8crHWeqyLtdZjXay1Hst+4YNU7qg4UTmpeIfKp1RMKu+oeIfKT1W8Q+UdFf9VKlPFicpUcaLySRU/dbHWeqyLtdZjXay1Hst+4QaVd1RMKlPFpHJScYfKVPGKyjsqTlSmijtUpopJ5aTip1SmihOVqWJS+aSKE5Wp4nepTBWTyknFicpJxYnKVPHKxVrrsS7WWo/1xZsqJpU7Kk4q3qEyVbyiMlVMKicVJypTxTsq3qHyrWJSmSomlb+pYlKZVO5Q+VYxqZxUTCpTxaRyonKHyqdcrLUe62Kt9VgXa63H+uIfqJyovENlqvivUJkqJpVJ5aTiDpWp4o6KSWWq+KZyR8Wk8kkVd1RMKicV31TuUJkqJpWp4qTiRGWqmFR+18Va67Eu1lqPdbHWeqwvbqqYVKaKE5Wp4g6VOyp+V8U7Kk5UpopPUvmpiknlRGWqmFTeoXKHylTxKRWTyiepnFScVPyui7XWY12stR7rYq31WF/cpHKHylQxqUwVJxXvUPkplTsqTlSmiknlROWkYqr4KZWp4g6VOyomlZOKSeVEZar4WyomlTsq3qEyVbxysdZ6rIu11mNdrLUey37hDSpTxaRyUjGpTBUnKndUvKJyUjGp3FFxojJVnKhMFZPKVPG7VE4qJpWTij9JZaqYVL5VTCrvqHiHylRxh8pU8crFWuuxLtZaj3Wx1nqsL25SmSomlaniRGWqOFGZKiaVE5XfpXJScYfKHSpTxUnFpPJKxaQyVUwqd1RMKicVk8pUMancUfFKxYnKO1TuUJkqPuVirfVYF2utx7pYaz2W/cIHqdxRMal8UsWk8ikVk8pU8Ukqd1RMKlPFN5Wp4kTlpOIdKlPFHSpTxaTyrWJSOamYVO6oOFGZKk5UTipeuVhrPdbFWuuxLtZaj2W/8EEqU8WJylQxqUwVk8pJxaeoTBUnKicVk8pUcaIyVZyoTBWvqEwVJypTxaTyjopJZao4UZkqfkrlpOIOlaniRGWqOFGZKl65WGs91sVa67Eu1lqP9cU/UJkq3qEyVUwqd1ScqEwVk8pPVZyoTBWTyt+kMlV8ispUcVJxojJVTConKicVk8q3ipOKSWVSOamYKiaVk4pJZar4XRdrrce6WGs91sVa67HsF/5FKicVJyonFT+lMlVMKn9SxaRyR8Wk8rsqTlTuqJhU7qiYVE4qTlQ+pWJS+aSKE5Wp4qcu1lqPdbHWeqyLtdZjffEPVKaKSWWqOFGZKiaVE5Wp4kRlqnil4o6KSeWk4h0Vk8pJxYnKKypTxVRxh8odFe9QmSqmim8qd1RMKp9UcaIyVUwqU8UrF2utx7pYaz3WxVrrsb74BxUnFZPKVDFVTCp3VEwqn6IyVUwVd1RMKlPFpHKiMlVMKicVU8UrKicqU8WkMlWcqEwqd1TcofKt4h0VJyr/VRdrrce6WGs91sVa67G+eJPKVHFHxaTyjoo7VH5K5Q6VqWJSmSomlROVP6XiDpUTlXdUnKicVLyiclIxqUwV/yaVqeKnLtZaj3Wx1nqsi7XWY9kv3KDyb6q4Q+WnKiaVk4oTlTsqJpWpYlKZKiaVT6k4UTmpmFROKiaVqeIOlanim8pJxR0qn1QxqdxR8crFWuuxLtZaj3Wx1nos+4UDlU+quEPlkyomlZ+qeIfKn1QxqUwVP6UyVUwqU8WkckfFHSpTxaQyVUwq3yomlZOKE5Wp4g6VOyp+18Va67Eu1lqPdbHWeqwv3lQxqdyhMlW8o2JSmVSmim8qU8Wk8kkVJyp3qNyh8q3ijopJ5ZNUTiomlaliUpkqXqmYVD5JZaq4o2JSOal45WKt9VgXa63H+uIfVPxJFXdUnKhMFT9VMamcVEwqd6hMFVPFico7Kn5KZaq4o+JEZaq4o+Kk4hWVqWKqmFTeUXFHxZ9ysdZ6rIu11mNdrLUey37hBpWp4kTlT6qYVO6o+CmVqeJvUpkqTlT+lIo7VKaKSeWTKiaVqeIVlf8lFZPKVPHKxVrrsS7WWo91sdZ6rC/epHJScYfKVDGpnFTcofKt4g6VqeIOlTsqJpV3VHxTmSpOVKaKSWWqeEfFpDJVnFT8VMU7VE4qPknld12stR7rYq31WBdrrceyX3iDylRxh8odFScqU8WkMlV8U5kq7lA5qThRmSr+JJVPqZhUTiomlZOKSeWkYlL5lIpJZaqYVE4qJpWTiknlpOKVi7XWY12stR7rYq31WPYLN6hMFZPKScWJyjsqTlR+qmJSOamYVD6p4kRlqphUXqk4UZkqJpWTikllqphUpopPUvmpihOVk4oTlaniROWk4qcu1lqPdbHWeqyLtdZjffEPVP4klaliUpkq7lCZKl5RmVROKiaVOyomlaliUpkqpoo7Kl5RmSomlanikypOVKaK31UxqZyonFRMKlPFJ1VMKlPFKxdrrce6WGs91sVa67HsF96gMlWcqEwVk8pUMancUTGpTBXfVKaKE5WpYlK5o2JSmSomlaniv0rlpGJSmSomlZOKE5VXKiaVk4pJ5Y6KSWWqOFE5qXjlYq31WBdrrce6WGs9lv3CgconVUwqJxUnKlPFHSqvVHySyjsqJpU7Kl5ROamYVE4qTlSmihOVk4pJZap4RWWqOFGZKv4klaniRGWqeOVirfVYF2utx7pYaz3WFzdVTConFZPKVDGpTCpTxVQxqUwVP1XxSSp3VEwqJxWTylRxovKtYlI5qThROak4UZkqTlR+V8WkcofKOyruUJkqftfFWuuxLtZaj3Wx1nqsL/5BxZ+kMlVMKpPKScWkclLxUypTxTsqJpUTlaniv0LlDpWpYqqYVN6hMlV8UzmpmFSmikllqjhReYfK77pYaz3WxVrrsS7WWo/1xT9QOamYVCaVk4pJZao4UXmHyreKk4pJZao4qTip+CSVk4pXKiaVk4oTlaliUjmpmFSmij9FZaqYVKaKE5WTihOVqWJS+amLtdZjXay1HutirfVY9gsHKndUnKicVPxJKq9UTCpTxYnKScWkclIxqXxSxTeVqeJE5aTiROWk4kTlpOJE5acqPkllqphU3lHxUxdrrce6WGs91sVa67G+eFPFpHJScaIyVUwqJxW/S+UOlXdUTConFZPKScWJyisqf1LFpHKiMlXcofJTFXeonFRMFScVJyqfcrHWeqyLtdZjXay1HuuLmyomlXeoTBUnFZPKOypeUXlHxYnKicpJxYnKT1WcqEwVd6jcoTJVnKjcUfG7VO5QmSpOVKaKqeJTLtZaj3Wx1nqsi7XWY9kv3KDySRUnKlPFHSo/VXGiclJxojJVTCrvqDhReaViUjmpmFSmikllqrhDZaqYVKaKSWWq+CmVOyomlZOKO1TuqHjlYq31WBdrrce6WGs91hc3VZyoTBWTyqQyVZyoTBV/ispU8UkqJxWTyp+iMlVMKicVk8pUMalMFXeofIrKOyomlT+p4kTlpy7WWo91sdZ6rC/epHKiMlWcqJxUTCpTxe9SmSreoTJVnKicVEwqk8pUMVVMKt8qJpWp4k9SOak4UTmpmFS+VUwqJxUnFScqn6Tyuy7WWo91sdZ6rIu11mN98Q9UpoqTihOVk4pJ5Q6V31UxqXySyknFicpJxYnKKyonKndUTCpTxaRyovIOlanim8pJxaRyR8VU8V9xsdZ6rIu11mNdrLUe64t/UDGpvKPiRGWqmFSmikllqphUpoqfqrhD5aTijoo7VD6l4pNUTipOVO6omFT+lIpJZaqYVKaKE5WTip+6WGs91sVa67Eu1lqPZb/wBpVPqphUpop3qLxSMamcVEwqJxWTylQxqUwVk8pJxaTySsUnqZxUTConFe9QeaViUpkqJpWpYlK5o2JSmSr+lIu11mNdrLUe62Kt9Vj2Cwcqd1RMKlPFicpUcaLyjopvKicVn6RyUjGpfFLFKypTxaRyUvE3qZxUTCrfKu5QOam4Q+WOikllqvipi7XWY12stR7rYq31WPYLByrvqDhRmSomlTsqJpWp4hWVqWJSmSomlaniRGWquENlqphU/pSKSeWkYlI5qThRuaNiUvmpijtUPqniT7lYaz3WxVrrsS7WWo9lv/AfpjJVTConFScqn1Jxh8pJxaQyVZyoTBU/pTJVnKicVLxDZar4FJWp4kTljoo7VKaKSWWqmFSmilcu1lqPdbHWeqyLtdZjffEPVP6mihOVO1R+V8WkMlVMKp+kcqIyVdyh8q3iRGWq+CSVk4pJ5Y6KSeUVlanipGJSOVGZKt6h8rsu1lqPdbHWeqyLtdZjfXFTxSepvKNiUpkqJpX/iooTlZOKd1T8VMU7VO6oOKk4UTmp+KZyojJVvKPiv+JirfVYF2utx7pYaz3WF29SuaPiHRWTyjsqfqpiUnmHyh0Vk8pUcaLyKSpTxaQyVZyoTCpTxaRyUjGpTBU/VXGicqLyJ1X8rou11mNdrLUe62Kt9Vhf/I9RmSpOVKaKV1ROKu6oeIfKpHJHxYnKp6j8TRWTyqQyVfxUxSdVnKhMFe9QmSpeuVhrPdbFWuuxLtZaj/XFf1zFicodKq9UTCqfpDJV3FExqUwqU8VJxSsqJxWTyonKVHFScaIyVUwqk8orFZPKScVJxaQyVUwVk8odKr/rYq31WBdrrce6WGs91hdvqvibVE4q7lD5pvJJKu+omFSmineovFIxqUwVU8WkMlVMKicqJxWTylTxUyqfpHKiMlX8Wy7WWo91sdZ6rIu11mN9cZPK36QyVZyoTBUnFd9U7qiYVKaKSWVSmSomlROVd1T8LpV3VJyoTBV3qEwVv6tiUnlHxaQyVUwqU8WJyk9drLUe62Kt9VgXa63Hsl9Yaz3SxVrrsS7WWo91sdZ6rIu11mNdrLUe62Kt9Vj/B8xifHD7+kX8AAAAAElFTkSuQmCC', 'Pending', 'Active', '2026-05-04 17:34:31', '2026-05-04 17:34:31', 1),
(16, 'BILL-MORJGRJD-K7L', 5, 'Sentil paramesh', '9952746925', 135.00, 0.00, 135.00, 0.00, 'Pending', 'Cash', '2026-05-04 18:34:27', 'LAB-MAIN-KIDNEYFUNCTION-8LF2-VLVB', 'data:image/png;base64,iVBORw0KGgoAAAANSUhEUgAAAQAAAAEACAYAAABccqhmAAAAAklEQVR4AewaftIAABIISURBVO3BQXIc2ZLAQCCN978yRhuaxYZPTFZJ6j8Z7vYLa61HulhrPdbFWuuxLtZaj3Wx1nqsi7XWY12stR7rYq31WB/8hsrfVDGp3FExqUwVP6VyUnGHyknFicpUcaLyUxUnKlPFicrfVDGpfKqYVKaKE5WTiknlb6r4ysVa67Eu1lqPdbHWeqwPbqp4J5WTijtUTlS+UnFScYfKVHFS8QqVqWKqmFQ+Vbyi4hUVJyp3VEwqU8VXKv6mindS+a6LtdZjXay1HutirfVYH7xI5Y6Kv6niROWTyh0Vk8pUcVIxqZxUTBWTyqTyUyp3VNxR8YqKSeUOlU8Vk8q/pHJHxU9drLUe62Kt9VgXa63H+uA/TmWqmFTuUJkqfkrlDpWpYqq4Q+WOiknlk8pJxaQyqdxRMamcVJxU/JTKVDGpnFRMKv8rLtZaj3Wx1nqsi7XWY33wP65iUnkXlanipGJSuUPlpGKqmFROVN6l4g6VSeWk4kTlpGKq+IrKK1Smiv8VF2utx7pYaz3WxVrrsT54UcX/kop3qTipOFF5hcpUMalMFd+lMqlMFScqU8WkMlWcqNyhMlV8peKkYlKZKt6p4m+5WGs91sVa67Eu1lqP9cFNKv8lKlPFpDJVTCqfKu5QmSomlanipGJS+ZNUPlWcVEwqU8U7qUwVk8pUMamcqHyqmFSmijtUpooTlX/lYq31WBdrrce6WGs91ge/UfFfovIKlaniu1ROVKaKSWWq+Jcq/pSKSWWqOKmYVE5UpopJ5SsqJyonKlPFScV/xcVa67Eu1lqPdbHWeqwPfkNlqrhDZaqYVO6omFQmlaliUplUvlLxCpWp4hUqr1D5W1SmineqmFQmlaliUvlUMalMFZPKVDGp/EkVJypTxVcu1lqPdbHWeqyLtdZjfXCTylRxUnFScYfKO1V8UplUpopJZaqYKk5U7qiYVO6omFQ+VUwqJxWTyonKHRVTxTtVfFJ5p4o7VKaKE5WTiu+6WGs91sVa67Eu1lqPZb9woDJVvJPKVHGi8l9VMamcVEwqr6iYVKaKd1GZKiaVk4pJ5Y6KE5WTik8qU8WJyh0Vk8pUcaLyioqvXKy1HutirfVYF2utx7JfOFCZKk5Upoo7VKaKSWWqmFSmihOV76qYVKaKv0nlFRWfVKaKSeWk4g6Vk4pJ5aTiRGWq+KRyUnGickfFicpUcaIyVXzXxVrrsS7WWo91sdZ6rA/erOJE5Z1UpopJZaqYKr5L5UTljoo7VKaKd6m4o+JE5aTijopJ5UTluyomlUnlFRXvpDJVTCpTxVcu1lqPdbHWeqyLtdZjffCXVZyonFS8k8pXKu6omFSmihOVqWKqmFROKiaVr1ScVJyo3KFyR8VUcVLxUxWTylRxonKHyitUporvulhrPdbFWuuxLtZaj/XBTSonFScqJxWTylRxojJVnFR8UnmnikllqpgqJpWp4qRiUpkqJpVPKlPFpDJVnFRMKicVk8odKlPFpDJVfFK5Q2WquEPlv+JirfVYF2utx7JfuEFlqjhROak4UbmjYlL5UyomlTsqJpWp4g6Vk4qvqEwVk8odFXeo3FHxCpWvVEwqJxUnKndUnKhMFT91sdZ6rIu11mNdrLUe64PfULlD5aRiUjmp+JMqPqmcVEwqU8UdKneoTBUnFT+lclIxqZyovJPKVHFHxSeVSWWqmFQmlZOKO1ROKk5UpoqvXKy1HutirfVYF2utx/rgRSpTxYnKVDGpTCpTxYnKScVXKl6hMlVMKu+kMlWcqHxXxR0Vd1ScqEwVk8qkMlWcqHylYlKZKv6miknlpOK7LtZaj3Wx1nqsi7XWY9kvHKhMFScqU8WJylRxonJSMal8V8WkMlW8QuVPqrhD5VPFpDJVTCpTxaRyR8UrVE4qvkvlpOIOlVdU/CkXa63HulhrPdbFWuux7BcOVKaKSWWqeIXKVDGp3FFxovJdFXeoTBWTyknFicpJxYnKT1VMKlPFicpUMam8omJSmSo+qUwVk8pJxaTyL1V818Va67Eu1lqPdbHWeqwPfqPipGJSOamYVO6oeKeKTyonKlPFHSrvVDGpTCrfVfGKihOVd6qYVO5Q+VQxqUwVk8orKl6hMlVMKlPFVy7WWo91sdZ6rIu11mPZL9ygMlVMKndUvEJlqphUporvUpkqTlROKiaVv6liUvlUcYfKVDGpTBWTylRxonJS8VMqU8WkckfFHSpTxYnKHRVfuVhrPdbFWuuxLtZaj2W/cKDyThWTyknFpDJVnKh8V8WkMlVMKicVk8pJxaQyVZyonFS8i8orKiaVqeIVKlPFpPJdFXeoTBWvUHlFxVcu1lqPdbHWeqyLtdZjffCiihOVk4o7KiaVOyq+q2JSuUPlDpWp4kRlqjhRmSq+ojJVTBUnKicqU8UdKq+o+IrKicpUcYfKO1VMKt91sdZ6rIu11mNdrLUe64PfqLhDZao4UZkqTlTeSeVTxaQyVZyoTBWTylRxovIKlROVr1ScqEwVd1S8omJSmSpOVD5V3FExqUwV/1LFd12stR7rYq31WBdrrcf64CaVk4o7KiaVqeKk4kTlpOK7VKaKE5WpYlI5qThRmVROKiaVTxWTyisq7lCZKiaVqeJE5btUTlSmijtU7qg4UXmXi7XWY12stR7rYq31WB/8hspJxYnKVDGpTBUnFZPKVDFVTCrfVfEvqUwVU8WJyqTyXRWTyonKVPEKlVdUTCo/VfGKij9J5aTiKxdrrce6WGs91sVa67E+uKninSomlaliUpkqJpU7Kj6pTConFVPFpHJHxaQyqUwV76IyVdxRcaIyVUwVk8qJyrtU/Esqr6iYVL7rYq31WBdrrce6WGs9lv3CgcpJxaTyX1LxUyonFZPKScWk8r+q4kTlpOKdVE4qvkvlpGJS+ZcqfupirfVYF2utx7pYaz3WBzdVTCp3VNyhMlXcofJdFScVk8pJxaTyiooTlZOK71KZKk5U3knljopJ5btUTiomlaliUpkq7lA5qZhUporvulhrPdbFWuuxLtZaj/XBP6YyVZyonFRMFScqn1SmiknlpGJSOamYVP4mlU8V71RxojJV/EkqU8WniknlT1KZKk4qJpV3uVhrPdbFWuuxPviNipOKSeWOijsqJpUTlZOKTyp3VEwqJxXvpDJVTConFT+lMlWcqJyoTBUnKpPKHSqfKk5UpopXVNyhMlW8y8Va67Eu1lqPdbHWeqwPXqQyVUwqk8orVKaKSeWk4isVJxUnFZPKpHJSMamcVEwqJyr/VRV/UsWk8i4qJyqvqJhUpopJZar4ysVa67Eu1lqPdbHWeqwPfkPlpGJSmSpeofKKiu9SuaNiUpkq3knljopJZar4pHJHxYnKScWkMlWcVEwqU8VPVUwqd1RMKlPFpDJVTConKj91sdZ6rIu11mNdrLUey37hQGWquENlqphUpop/ReWOijtU/qWKr6hMFZPKVHGHyh0Vd6jcUfFJZaqYVN6p4g6VqWJSmSq+62Kt9VgXa63HulhrPZb9woHKKyomlaliUrmj4kTluypeoTJVTConFZPKVDGpnFRMKlPFJ5WTindSmSomlaliUjmpmFS+UvFOKlPFpHJScaJyR8VXLtZaj3Wx1nqsi7XWY33woopJ5aRiUpkqTlQmlanipOIrKq+omFSmiknlpGJSmSpOVKaKn1KZKk5Upoo7KiaVO1ROKj6pnFRMKlPFHRWTyh0Vk8pPXay1HutirfVYF2utx7JfOFCZKiaVV1RMKndUvELlXSomlZOKE5U7Kv4VlXeqOFGZKiaVqWJS+UrFpHJSMancUTGpTBUnKicVX7lYaz3WxVrrsS7WWo9lv3CgclJxovKKikllqvhTVE4qJpWp4kRlqniFyk9VTCpTxaRyUjGpvKLiX1E5qThRuaNiUpkqJpWp4rsu1lqPdbHWeqyLtdZj2S8cqEwVJypTxStUpopJZao4UZkqPqncUTGp3FExqUwVk8pUcYfKVPEuKlPFicqfVDGpTBWfVKaKV6hMFXeoTBWTyknFd12stR7rYq31WBdrrceyX7hB5aTiDpWTihOVk4rvUjmpmFROKk5U3qniROVdKk5UTipOVO6o+FNUXlFxh8pUMalMFZPKVPGVi7XWY12stR7rYq31WB+8qGJSmSomlaliUjlRuUPluypOVKaKSeUVFZPKVDGpTCpTxVTxFZWTildUTCpTxZ+kMlV8ReWdVO6oOKmYVH7qYq31WBdrrce6WGs9lv3CC1SmikllqphUpopXqEwVk8pU8UllqniFylQxqUwVr1D5qYpJZaqYVF5RcYfKVDGpTBUnKt9V8SepTBWTyh0V33Wx1nqsi7XWY12stR7rg99QmSqmipOKSWWqOFF5p4rvUrmj4kTlRGWqmFSmiqliUpkqJpWvVEwqJxWTylRxh8orVL6rYlI5UZkq7lCZKu6oeJeLtdZjXay1HutirfVY9gsHKq+oOFGZKl6hMlVMKlPFJ5U7KiaV/7KK71I5qXiFylRxonJHxaQyVXyXyknFK1ReUfFTF2utx7pYaz3WxVrrsT74jYpJ5aRiUpkqpooTlb+l4kRlUpkqJpWpYlI5qThRmSpOVH6q4kRlqphU7lCZKiaVqeKk4l0qJpWTikllqphUpoo/5WKt9VgXa63HulhrPdYHv6Fyh8pUcaIyVUwVk8pJxUnFpPKViqniROWOikllUjmpmFSmiqliUvkplanijopXVEwqJxWTylcq7qh4hcodKndUfOVirfVYF2utx/rgzSruqJhUTipOVE4qpopPKpPKHRUnKlPFScWJyonKd1VMKpPKVHFHxaQyVdyhclIxqXyl4hUqJxVTxR0qU8W7XKy1HutirfVYF2utx7JfeIHKn1Qxqbyi4isqU8UdKicVd6jcUTGpnFR8UjmpeIXKVHGHyh0VJyqfKiaVqWJSmSomlZOKO1ROKn7qYq31WBdrrce6WGs91ge/oXJSMancUTGpvKJiUplUpopPFZPKVHFScaJyR8U7VUwq/4rKScVUcaLyUyr/kspUMVWcqEwV33Wx1nqsi7XWY12stR7rg9+oOFF5hcqJylQxqZxUnKh8pWJSOamYVKaKSeUOlXeqeBeVqWKqOFGZVKaKV6h8V8Wk8oqKO1SmiknlRGWq+MrFWuuxLtZaj3Wx1nqsD35D5Y6KSWWqOFGZKk4qJpU7Kr6iMlXcUTGpvFPFpHKHyrtUTCpTxaRyUjGp/C0qU8UrVO6ouKNiUvmui7XWY12stR7rYq31WPYLByqvqDhRuaPiRGWqOFH5SsUdKu9UcYfKn1Jxh8orKk5UpopJ5bsqJpWTiknlT6o4UZkqvutirfVYF2utx7pYaz3WB79R8SdVnKjcUTGpTBVTxXep3FFxojJVnKhMFXdUfJfKicpU8YqKSWWqOFE5qZhUvlIxqZxUTCpTxR0qJyonKlPFVy7WWo91sdZ6rIu11mN98Bsqf1PFicorVKaKn6qYVO6omFSmiqliUpkqJpUTlU8VJypTxaQyVUwqd1ScVLyLylTxJ6lMFScqf8rFWuuxLtZaj3Wx1nqsD26qeCeVk4oTlaniROW7VKaKSeVE5U+qeEXFT6ncUXGi8oqKE5WvVJxUTCqvqPivuFhrPdbFWuuxLtZaj/XBi1TuqLhDZar4V1SmiknlpOJEZVI5qZhUTlTepWJSuUPljopJ5Y6KSeWTyknFK1TeqeJdLtZaj3Wx1nqsi7XWY33wH1dxh8pJxaTylYpJZVKZKiaVSeWkYlKZKiaVk4oTla9U3FFxojJVnKicVEwqU8VPVUwqU8WkMlX8SypTxVcu1lqPdbHWeqyLtdZjffD/TMWkMql8pWJSOan4kyomlTtUporvUpkqJpWpYlI5UZkqpopXqJxUfEXlROVE5Y6KE5WpYlKZKr7rYq31WBdrrce6WGs91gcvqvgvUZkqJpWfqninihOVqWJSOak4qfikMlVMKlPFpDJVnKhMKu9UMal8RWWqmFROKiaVk4oTlaliUnmXi7XWY12stR7rYq31WPYLByp/U8WkMlWcqNxR8S4qJxWTylQxqUwVf4vKScWfpDJVTConFd+lclIxqUwVr1CZKk5U7qj4ysVa67Eu1lqPdbHWeiz7hbXWI12stR7rYq31WBdrrce6WGs91sVa67Eu1lqP9X+7ZaxhjSCzCwAAAABJRU5ErkJggg==', 'Pending', 'Active', '2026-05-04 18:34:27', '2026-05-04 18:34:27', 1),
(17, 'BILL-MORJMR55-U34', 1, 'Bhaskar Sekar', '8925386821', 135.00, 0.00, 135.00, 0.00, 'Pending', 'Cash', '2026-05-04 18:39:07', 'LAB-MAIN-KIDNEYFUNCTION-M1WP-T80M', 'data:image/png;base64,iVBORw0KGgoAAAANSUhEUgAAAQAAAAEACAYAAABccqhmAAAAAklEQVR4AewaftIAABHYSURBVO3BQXLk2JLAQICm+18ZUxuZxUavRWWquv8w3O0P1lqPdLHWeqyLtdZjXay1HutirfVYF2utx7pYaz3WxVrrsT74Byp/U8WkMlVMKlPFpDJVfJfKScWkMlWcqEwVk8pUMalMFScqP1VxojJVnKj8TRWTyqeKSWWqOFE5qZhU/qaKr1ystR7rYq31WBdrrcf64KaKd1I5qXhFxW9RmSruqJhUXqEyVUwVk8qnildUvKLiROWOikllqvhKxd9U8U4q33Wx1nqsi7XWY12stR7rgxep3FHxCpWpYlK5o+KTyjupnFRMFXdUTCqTyk+p3FFxR8UrKiaVO1Q+VUwq/yaVOyp+6mKt9VgXa63HulhrPdYH/3EqU8WkclIxqUwqnypOVE5UporfpHJHxaTySeWkYlKZVO6omFROKk4qfkplqphUTiomlf8VF2utx7pYaz3WxVrrsT74H1cxqbyLylRxh8pUcaJyUjFVTConKu9ScYfKpHJScaJyUjFVfEXlFSpTxf+Ki7XWY12stR7rYq31WB+8qOJ/ScXfUnGi8gqVqWJSmSq+S2VSmSpOVKaKSWWqOFG5Q2Wq+ErFScWkMlW8U8XfcrHWeqyLtdZjXay1HuuDm1T+S1SmikllqphUPlXcoTJVTCpTxUnFpPKbVD5VnFRMKlPFO6lMFZPKVDGpnKh8qphUpoo7VKaKE5V/y8Va67Eu1lqPdbHWeqwP/kHFf4nKK1Smiu9SOVGZKiaVqeLfVPFbKl5RMamcqEwVk8pXVE5UTlSmipOK/4qLtdZjXay1HutirfVYH/wDlaniDpWpYlK5o2JSeYXKp4qTihOVSWWqOFGZKiaVV6j8LSonFa+omFQmlaliUvlUMalMFZPKHSrvVHGiMlV85WKt9VgXa63HulhrPdYHN6lMFa+oOFGZVO6omFSmik8qU8WJyitUTlSmiknljopJ5VPFpHJSMam8QmWqmCreqeKTym+qOFGZKk5UTiq+62Kt9VgXa63HulhrPdYHv6xiUnlFxTupvEvFicpUcYfKO1V8peJEZaqYVF6hclJxh8pU8ZWKV6hMFZPKVHGicofKVPGVi7XWY12stR7rYq31WPYHb6RyUnGiMlWcqJxUTCpfqZhUpoo7VF5RcaLyiopPKlPFpHJScYfKScWkclJxojJVfFI5qThRmSomlaniRGWqOFGZKr7rYq31WBdrrce6WGs91ge/rOJE5Z0qJpWp4rsqTlTeqeJEZap4l4o7Kk5UTipOVKaKSeVE5bsqJpVJ5Q6VqeKdVKaKSWWq+MrFWuuxLtZaj3Wx1nos+4MXqEwVk8pJxaQyVbxCZar4ispUMalMFScqU8WkclJxonJSMal8peIVKq+o+K9SmSpOVKaKE5WTiknlpOK7LtZaj3Wx1nqsi7XWY33wyyomlUllqphUpooTlanit6hMFVPFpDJVnKhMFScVk8pUMal8UpkqJpWp4qRiUjlROak4UZkqJpWp4pPKHSpTxR0q/xUXa63HulhrPdYH/0DlFSonFScVk8pJxaTyUyonFZPKK1SmipOKSeWOik8qd6jcUXGicqIyVUwVJxWTylcqJpU7Kl5RcUfFT12stR7rYq31WBdrrcf64KaKE5WTikllqphUpooTlTsqPqmcVEwqU8WkMlVMKlPFpHJScVLxUyonFZPKico7qUwVd1R8UplUpopJZVK5o+JE5aTiRGWq+MrFWuuxLtZaj3Wx1nos+4MXqEwVJypTxYnKVPFfofJOFScqJxUnKt9V8U4qU8WJylQxqZxUnKh8pWJSmSruUDmpmFSmiknlpOK7LtZaj3Wx1nqsi7XWY9kfHKhMFScqU8WJylRxovKKiknlpyomlZOKSWWqmFTuqLhD5VPFpDJVTCpTxaRyR8UrVE4qvkvlpOIOlVdU/JaLtdZjXay1HutirfVY9gcHKlPFpDJVvEJlqrhDZar4LpWTijtU3qliUjmpOFH5qYpJZao4UZkqJpVXVEwqU8UnlaniRGWqmFT+TRXfdbHWeqyLtdZjXay1HuuDf1DxCpV3Ujmp+KmKV6jcUXGiclIxqUwq31XxiooTlXeqmFTuUPlUMalMFe9UMalMFScqU8WkMlV85WKt9VgXa63HulhrPZb9wQ0qd1T8JpWTiu9SmSpOVE4qJpWTihOVV1RMKp8q7lCZKiaVqWJSmSpOVE4qfkplqphU7qj4TSp3VHzlYq31WBdrrce6WGs9lv3BC1ROKk5UTiomlaliUjmpmFR+quJEZao4UTmpOFE5qXgXlVdUTCpTxStUpopJ5bsq7lCZKk5UpopJ5RUVX7lYaz3WxVrrsS7WWo/1wT9QOamYVCaVqWKqmFQmlaliUrlD5SsVk8rfVHGHylRxojJVfEVlqpgqTlROVKaKO1ReUfEVlROVqeIOlROVOyomle+6WGs91sVa67Eu1lqP9cE/qJhUJpWTihOVqeJvqngXlaniRGWqmFReoXKi8pWKE5Wp4o6KV1RMKlPFicqnijsqJpWp4t9U8V0Xa63HulhrPdbFWuux7A9uUJkqJpWp4hUqJxUnKt9VMan8mypOVO6omFQ+VUwqd1S8QmWqmFSmiknlb6mYVKaKSeWOihOVqeKnLtZaj3Wx1nqsi7XWY9kfHKi8U8WkMlVMKlPFpDJVnKh8V8UdKicVk8odFXeofFfFicodFXeo3FExqUwVk8pPVZyoTBW/SeWOiq9crLUe62Kt9VgXa63H+uCmikllqjhRmSomlROVqWJSuaPik8qkclIxVUwqd1RMKpPKVPEuKlPFHRWvqJhUTlTepeLfpPKKiknluy7WWo91sdZ6rIu11mPZHxyonFRMKv9lFV9RmSomlaliUpkqTlT+V1WcqJxUvJPKVPFTKicVJyp/U8VPXay1HutirfVYF2utx/rgpopJ5Y6KO1Smileo/FTFpHKHyisqTlROKr5LZao4UblDZaqYVO6omFSmiq+onFRMKndU3KFyUjGpTBXfdbHWeqyLtdZjXay1HuuDf1AxqbyTylRxh8odFe9SMancUTGp/E0qnyreqeJE5W9SmSo+VUwqd1RMKicqU8VJxaTyLhdrrce6WGs91gcvqphU7qi4Q+Wk4kRlqviKylRxUnFSMam8QmWqmFROKn5KZao4UflNKneofKo4UZkqJpU7Ku5QmSre5WKt9VgXa63HulhrPdYHN1WcVEwqk8o7VUwq71LxCpWTihOVk4pJ5UTlf0XFpPKKiknlb1F5RcWkMlVMKlPFVy7WWo91sdZ6rIu11mN98GYqU8UrVF5RMal8ReWdKiaVV6jcUTGpTBWfVO6oOFE5qThRmSomlZOKn6qYVE4qTlSmikllqphUTlR+6mKt9VgXa63HulhrPdYH/0DlpOIVKndUnFScVLxLxStUfpPKVPFdFZPKVHFSMalMKq+omFQmlZOKTypTxYnKO1XcUTGpTBXfdbHWeqyLtdZjXay1Hsv+4AaVk4oTlaniDpWp4kTluypeoTJVTConFZPKVDGpnFRMKlPFJ5WTindSmSomlaliUjmpmFS+UvFOKlPFpHJScaJyR8VXLtZaj3Wx1nqsi7XWY33wD1ROKiaVqWKqmFSmijtU7qj4KZU7VKaKSeWkYlKZKk5UpoqfUpkqTlSmijsqJpU7VE4qPqmcVEwqU8UdFZPKHRWTyk9drLUe62Kt9VgXa63Hsj84UJkqJpU7Kk5U7qh4hcqniknljooTlaniROWOin+LyjtVnKhMFZPKVDGpfKViUjmpmFTuqJhUpooTlZOKr1ystR7rYq31WBdrrceyPzhQOak4UXlFxaRyUjGpnFR8UnlFxb9J5acqJpWpYlI5qZhUXlHxb1E5qThRuaNiUpkqJpWp4rsu1lqPdbHWeqyLtdZj2R8cqEwVJyp3VJyonFRMKlPFicqnijtU7qiYVE4qJpWp4g6VqeJdVKaKE5XfVDGpTBWfVKaKV6hMFXeoTBWTyknFd12stR7rYq31WBdrrcf64B9UTConFXeoTBUnFZPKVDGpTBXfpfKbKiaVSeVEZaq4Q+WnKqaKSeWk4kTljoqTiq9UnKi8QmWqeKeKSWWq+MrFWuuxLtZaj3Wx1nqsD95MZaqYVKaKO1ReofIVlZOKSWWqOFGZKqaKSWWqmFQmlaliqviKyknFKyomlaniN6lMFV9ReaeKE5Wp4qRiUvmpi7XWY12stR7rYq31WPYHv0hlqphUpopJZao4UZkq/haVk4pJZap4hcpPVUwqU8Wk8oqKO1SmikllqjhR+a6K36QyVUwqd1R818Va67Eu1lqPdbHWeqwPXqRyUjGpTBWTyh0qU8WkMlVMKl+pmFReoTJVTCpTxaQyVUwVk8pUMal8pWJSOamYVKaKO1ReofJdFZPKicpUcYfKVHFHxbtcrLUe62Kt9VgXa63Hsj+4QeUVFZPKVHGickfFpPIuFZPKf1nFd6mcVLxCZao4UbmjYlKZKr5L5aTiFSqvqPipi7XWY12stR7rYq31WB/8A5WpYlK5Q2WqOFF5p4pJ5VPFHSpTxaRyUjGpTBUnKlPFicpPVZyoTBWTyh0qU8WkMlWcVLxLxaRyUjGpTBWTylTxWy7WWo91sdZ6rIu11mN9cJPKO6lMFVPFpHJS8VMqU8VJxaRyUnGHyknFpDJVTBWTyk+pTBV3VLyiYlI5qZhUvlJxR8UrVO5QuaPiKxdrrce6WGs91gcvqjhROamYVE4qTlROKqaKTyqTyh0VJypTxUnFicqJyndVTCqTylRxR8U7qZxUTCpfqXiFyknFVHGHylTxLhdrrce6WGs91sVa67HsD16g8k4VJyp3VHyXylTxb1K5o2JSOan4pHJS8QqVqeIOlTsqTlQ+VUwqU8WkMlVMKicVd6icVPzUxVrrsS7WWo91sdZ6rA/+gcpJxaRyR8WJyjupTBVfUZkqXqFyR8U7VUwq/xaVk4qp4kTlp1T+TSpTxVRxojJVfNfFWuuxLtZaj3Wx1nos+4MXqLxTxYnKKyomle+quEPlpGJSmSomlVdU/BaVqeIOlZOKSeWkYlL5ropJ5aTiFSonFZPKHRVfuVhrPdbFWuuxLtZaj/XBP1C5o2JSmSpeUXGi8lMVk8odKlPFb6qYVO5QeZeKSWWqmFROKiaVv0VlqjhReaeKOyomle+6WGs91sVa67Eu1lqP9cGbqUwVJypTxTtVnFR8UpkqJpWp4kTlpOKOileo/FTFK1TeqeJE5bsqJpVJZar4TSpTxVQxqUwV33Wx1nqsi7XWY12stR7L/uA/TOWk4kRlqvgtKlPFO6lMFZPKScV3qUwVk8pUMancUTGpTBWTyh0Vk8qnihOVqeJEZaq4Q2WqmFTuqPjKxVrrsS7WWo91sdZ6rA/+gcrfVHGHyh0qU8V3qUwV76QyVUwVk8pUMamcqHyqOFGZKiaVqWJSeaeKd1GZKn6TylRxovJbLtZaj3Wx1nqsi7XWY31wU8U7qZxUnKhMFScq36UyVUwqJyq/qeIVFT+lckfFicqJyknFicpXKk4qJpVXVPymiu+6WGs91sVa67Eu1lqP9cGLVO6ouENlqjhR+S0qU8WJylRxojKpnFRMKicq71IxqdyhckfFpHJHxaTySeWk4hUq71TxLhdrrce6WGs91sVa67E++I+ruKNiUpkqJpVPFXeoTBUnKicVk8pUMamcVJyofKXijooTlaniROWkYlKZKn6qYlKZKiaVqeLfpDJVfOVirfVYF2utx7pYaz3WB//PqEwVk8pU8bdUTConFZPKHSpTxXepTBWTylQxqZyoTBVTxStUTiq+onKicqJyR8WJylQxqUwV33Wx1nqsi7XWY12stR7rgxdV/E0qU8WkMqlMFV9RmSomlaliUpkqXqEyVUwqJxUnFZ9UpopJZaqYVKaKE5VJ5Z0qJpWvqEwVk8pJxaRyUnGiMlVMKu9ysdZ6rIu11mNdrLUe64ObVP4mlanijopJ5SsVJxWvUJkqXlHxLhWTyh0Vd1ScqEwVk8odFd+lMlVMKicVd6hMFa9QmSq+crHWeqyLtdZjXay1Hsv+YK31SBdrrce6WGs91sVa67Eu1lqPdbHWeqyLtdZj/R9tRm2Lc+5YHgAAAABJRU5ErkJggg==', 'Pending', 'Active', '2026-05-04 18:39:07', '2026-05-04 18:39:07', 1),
(18, 'BILL-MORJMYVH-321', 5, 'Sentil paramesh', '9952746925', 135.00, 0.00, 135.00, 0.00, 'Pending', 'Cash', '2026-05-04 18:39:17', 'LAB-MAIN-KIDNEYFUNCTION-P5P7-S3FQ', 'data:image/png;base64,iVBORw0KGgoAAAANSUhEUgAAAQAAAAEACAYAAABccqhmAAAAAklEQVR4AewaftIAABIDSURBVO3BQXIc2ZLAQCCN978yRhuaxYZPTFZJ6j8Z7vYLa61HulhrPdbFWuuxLtZaj3Wx1nqsi7XWY12stR7rYq31WB/8hsrfVDGp/FdUTCpTxYnKScWkMlVMKlPFicpPVZyoTBUnKn9TxaTyqWJSmSpOVE4qJpW/qeIrF2utx7pYaz3WxVrrsT64qeKdVE4q3knluypOKiaVk4pJ5aTiDpWpYqqYVD5VvKLiFRUnKndUTCpTxVcq/qaKd1L5rou11mNdrLUe62Kt9VgfvEjljop/qWJS+VQxqZxUnFScVEwqU8VJxaQyqfyUyh0Vd1S8omJSuUPlU8Wk8i+p3FHxUxdrrce6WGs91sVa67E++I9TmSomlZOKSWWq+ErFicodKlPFVHGHyh0Vk8onlZOKSWVSuaNiUjmpOKn4KZWpYlI5qZhU/ldcrLUe62Kt9VgXa63H+uB/XMWk8i4qU8VJxaRyh8pJxVQxqZyovEvFHSqTyknFicpJxVTxFZVXqEwV/ysu1lqPdbHWeqyLtdZjffCiiv8lFe9ScVJxovIKlaliUpkqvktlUpkqTlSmikllqjhRuUNlqvhKxUnFpDJVvFPF33Kx1nqsi7XWY12stR7rg5tU/ktUpopJZaqYVD5V3KEyVUwqU8VJxaTyJ6l8qjipmFSmindSmSomlaliUjlR+VQxqUwVd6hMFScq/8rFWuuxLtZaj3Wx1nqsD36j4r9E5RUqU8V3qZyoTBWTylTxL1X8KRUnFScVk8qJylQxqXxF5UTlRGWqOKn4r7hYaz3WxVrrsS7WWo/1wW+oTBV3qEwVk8odFZPKK1Q+VUwVd6icVJyonKi8QuVvUZkqJpWp4o6KSWVSmSomlU8Vk8pUMalMFZPKn1RxojJVfOVirfVYF2utx7pYaz3WBzepTBUnFZPKVHGHyonKVDGpTBWfVE4qJpVXqEwVd6jcUTGpfKqYVE4qJpUTlROVqWKqeKeKTyqvUJkq7lCZKk5UTiq+62Kt9VgXa63HulhrPZb9wg0qU8WJylQxqUwVd6jcUfFTKicVJypTxaTyiopJZap4F5WpYlI5qZhU7qg4UTmp+KQyVZyonFScqEwVJyqvqPjKxVrrsS7WWo91sdZ6LPuFA5WTikllqrhDZaqYVF5RMal8qrhD5Z0qJpWpYlJ5RcUnlaliUjmpuEPlpGJSOak4UZkqPqmcVNyhclJxojJVnKhMFd91sdZ6rIu11mNdrLUe64PfqDhRuUPlT6qYVE4qvkvlnSpOKiaVqeJdKu6oOFE5qZhUTiomlROV76qYVCaVV1S8k8pUMalMFV+5WGs91sVa67Eu1lqPZb9woDJV/EkqU8UrVE4qPqlMFa9QmSomlZOKE5WTiknlKxWvUHlFxaQyVfwrKlPFicpUcaJyUjGpnFR818Va67Eu1lqPdbHWeqwPblKZKiaVqWJSOamYVKaKE5Wp4l1UTiqmikllqjhRmSpOKiaVqWJS+aQyVUwqU8VJxaRyovIKlaliUpkqPqncoTJV3KHyX3Gx1nqsi7XWY9kv3KAyVUwqd1RMKlPFpHJSMan8KRWTyh0Vk8pUcYfKScVXVKaKSeWOijtU7qh4hcpXKiaVk4pXqEwVJypTxU9drLUe62Kt9VgXa63H+uA3VN6pYlK5o+KdKj6pnFRMKlPFHSp3qEwVJxU/pXJSMamcqLyTylRxR8UnlUllqphUJpVXVEwqJxUnKlPFVy7WWo91sdZ6rIu11mN98CKVqeJEZao4UZkqTlROKr5S8QqVqWJSeSeVqeJE5bsq7qi4o+JEZaqYVCaVqeJE5SsVk8pU8QqVOyomlZOK77pYaz3WxVrrsS7WWo9lv3CgMlWcqEwVJyonFScqU8WkMlVMKp8qJpU7Kl6h8oqKO1Q+VUwqU8WkMlVMKndUvELlpOK7VE4q3knlpOJPuVhrPdbFWuuxLtZaj/XBi1SmihOVqWJSeYXKVPFdKu+kMlVMKicVJyqTylTxXSonKlPFpDJVnKicqLyiYlKZKj6pTBUnKlPFpPKKiknljorvulhrPdbFWuuxLtZaj/XBb1ScVEwqd6i8omJSmVROKr5LZar4lyomlUnluypeUXGi8k4Vk8odKp8qJpWp4p0q7qiYVKaKSWWq+MrFWuuxLtZaj3Wx1nqsD25SmSpOKv4klZOKSeV/lcorKiaVn1KZKiaVqWJSOamYVCaVqeKk4isqU8WkcqIyVdyhclJxovJTF2utx7pYaz3WxVrrsewXDlSmiknljopJ5aRiUpkq7lD5rooTlZOKSeUVFScqJxXvovKKikllqniFylQxqXxXxR0qU8UdKu9U8ZWLtdZjXay1HutirfVYH7yo4kTlpOKOikllqphUporvUrmj4hUVd6hMFScqU8VXVKaKqeJE5URlqrhD5RUVX1E5UZkq7lB5p4pJ5bsu1lqPdbHWeqyLtdZjffBmKlPFicpUcaJyonKHyqeKk4oTlanipOJE5RUqJypfqThRmSruqHhFxaQyVZyofKq4o2JSmSr+pYrvulhrPdbFWuuxLtZaj/XBb1RMKlPFKyomlanipOJE5aTiu1SmihOVqWJSOak4UZlUTiomlU8Vk8orKu5QmSomlaniROW7VE5Upoo7VO6oOFF5l4u11mNdrLUe62Kt9Vgf/IbKicpUMalMFZPKVHFSMalMFVPFpPJdFf+SylQxVZyoTCrfVTGpnKhMFa9QeUXFpPJTFa+o+JNUTiq+crHWeqyLtdZjXay1HuuDmypOVKaKk4pJZaqYVKaKSeWOik8qk8pJxVQxqdxRMalMKlPFu6hMFXdUvKJiUjlReZeKf0nlFRWTynddrLUe62Kt9VgXa63Hsl84UDmpmFT+pYpJZar4LpWTileo/K+qOFE5qXgnlZOK71I5qZhU/qWKn7pYaz3WxVrrsS7WWo/1wU0Vk8odFXeoTBUnKicqP1UxqUwVk8o7VZyonFR8l8pUcaJyh8pUMancUTGpfJfKScWkMlVMKlPFHSonFZPKVPFdF2utx7pYaz3WxVrrsT64SeWdVKaKO1Smiknlb1G5o2JS+ZtUPlW8U8V/icpU8aliUrlD5Q6VqeKkYlJ5l4u11mNdrLUey37hBpWpYlI5qbhD5aTiDpWp4pPKVHGHylRxonJHxaQyVUwqU8V3qUwVk8pUcaJyUnGHyrtUTConFScqU8UdKicV73Kx1nqsi7XWY12stR7rg99QuaNiUplU/iSVO1Q+VZyoTBVTxaQyVUwVJyonFZPKicr/CpWp4hUVk8rfovKKikllqphUpoqvXKy1HutirfVYF2utx/rgzVTuqJhUpopXVEwqU8UnlTtUTireSeWOikllqvikckfFicpJxUnFScWkMlX8VMWkckfFpDJVTCpTxaRyovJTF2utx7pYaz3WxVrrsewXDlSmijtUpopJ5Y6KP0Xljoo7VP6liq+oTBWTylRxh8pJxStU7qj4pDJVTConFZPKScUdKlPFpDJVfNfFWuuxLtZaj3Wx1nqsD25SOam4o2JSmSomlaniROW7Kl6hMlXcUTGpTBWTyknFpDJVfEVlqnhFxaRyojJVTConFZPKpPKp4qTiFRWTyknFVDGpnKhMFV+5WGs91sVa67Eu1lqP9cGLKiaVqeJEZaq4Q2WqOKn4isorKiaVqWJSOamYVKaKE5Wp4qdUpooTlanijopJ5Q6Vk4pPKicVk8pUcUfFpHJHxaTyUxdrrce6WGs91sVa67HsFw5UpopJ5RUVk8odFa9QeZeKSeWk4kTljop/ReWdKk5UpopJZaqYVL5SMamcVEwqd1RMKlPFicpJxVcu1lqPdbHWeqyLtdZj2S8cqJxUnKi8omJSOak4UZkqvqIyVUwqJxUnKlPFK1R+qmJSmSomlZOKSeUVFf+KyknFicodFZPKVDGpTBXfdbHWeqyLtdZjXay1Hst+4UBlqjhRmSpeoTJVTCpTxYnKVPFJ5Y6KSeWOikllqphUpoo7VKaKd1GZKk5U/qSKSWWq+KQyVbxCZaq4Q2WqmFROKr7rYq31WBdrrce6WGs9lv3CDSonFXeoTBWvUJkqJpWp4qdUpooTlT+p4kTlXSpOVE4qTlTuqPhTVF5RcYfKVDGpTBWTylTxlYu11mNdrLUe62Kt9VgfvKhiUpkqJpWpYlI5qZhUTlROVL5ScVLxThWTylQxqUwqU8VU8RWVk4pXVEwqU8WfpDJVfEXlnVSmikllqjipmFR+6mKt9VgXa63HulhrPZb9woHKHRWTylQxqUwVk8pUcYfKScVXVKaKd1KZKl6h8lMVk8pUMam8ouIOlaliUpkqTlS+q+IVKlPFpDJVTCp3VHzXxVrrsS7WWo91sdZ6LPuFA5Wp4hUqU8Wk8oqKd1G5o+JE5Y6KSWWqOFGZKiaVTxUnKicVk8pUcYfKScWk8lMVk8pUMalMFXeoTBUnKlPFu1ystR7rYq31WBdrrceyXzhQuaPiDpWp4hUqU8WkMlV8UrmjYlL5L6v4LpWTileoTBUnKndUTCpTxXepnFS8QuUVFT91sdZ6rIu11mNdrLUe64PfqHgnlaniROVvqThRmVSmikllqphUTipOVKaKE5WfqjhRmSomlTtUpopJZao4qXiXiknlpGJSmSomlaniT7lYaz3WxVrrsS7WWo/1wW+onFRMKneoTBVTxaRyUnFSMal8pWKqOFG5o2JSmVROKiaVqWKqmFR+SmWquKPiFRWTyknFpPKVijsqXqFyh8odFV+5WGs91sVa67E+eJHKScUdKicVJyonFVPFJ5VJ5Y6KE5Wp4qTiROVE5bsqJpVJZaq4o2JSmSruUDmpmFS+UvEKlZOKqeIOlaniXS7WWo91sdZ6rIu11mPZL7xA5U+qmFROKv4VlZOKO1TuqJhUTio+qZxUvEJlqrhD5Y6KE5VPFZPKVDGpTBWTyknFHSonFT91sdZ6rIu11mNdrLUe64PfUDmpmFTuqJhU/iSVqeKTyknFK1TuqHiniknlX1E5qZgqTlR+SuVfUpkqpooTlaniuy7WWo91sdZ6rIu11mPZL7xA5W+qeCeV76p4J5WTiknlFRV/ispUcYfKScWkclIxqXxXxaRyUjGpTBUnKicVk8odFV+5WGs91sVa67Eu1lqP9cFvqNxRMalMFScqU8Wk8oqKqeJvUZkqJpU7KiaVO1TepWJSmSomlTtU/haVqeJE5UTljoo7KiaV77pYaz3WxVrrsS7WWo/1wZupTBUnKlPFO1VMKt9VMalMFZPKScUrKl6h8lMVr1A5qbhDZaqYVL6rYlKZVKaKP0llqpgqJpWp4rsu1lqPdbHWeqyLtdZjffAbFX9SxYnKVHGHyndV3KFyUnGiMlWcqEwVd1R8l8qJylTxCpWTihOVk4pJ5SsVk8pJxaQyVdyhcqJyojJVfOVirfVYF2utx7pYaz3WB7+h8jdVnKi8U8VPVUwqd1RMKlPFVDGpTBWTyonKp4oTlaliUpkqJpWTiknlpOJdVKaKP0llqjhR+VMu1lqPdbHWeqyLtdZjfXBTxTupnFScqEwVJyrfpTJVTConKn9SxSsqfkrljooTlROVk4oTla9UnFRMKq+o+K+4WGs91sVa67Eu1lqP9cGLVO6ouENlqvhXVKaKSeWk4kRlUjmpmFROVN6lYlK5Q+WOiknljopJ5ZPKScUrVN6p4l0u1lqPdbHWeqyLtdZjffAfV3GHyknFpPKVikllUpkqJpVJ5aRiUpkqJpWTihOVr1TcUXGiMlWcqJxUTCpTxU9VTCpTxaQyVfxLKlPFVy7WWo91sdZ6rIu11mN98P9MxaTyXRWTyknFn1QxqdyhMlV8l8pUMalMFZPKicpUMVW8QuWk4isqJyonKndUnKhMFZPKVPFdF2utx7pYaz3WxVrrsT54UcXfpDJVTCpTxaTyUxWvqJhUTlSmiknlpOKk4pPKVDGpTBWTylRxojKpvFPFpPIVlaliUjmpmFROKk5UpopJ5V0u1lqPdbHWeqyLtdZjfXCTyt+kMlVMKicqJxWfVKaKSWWquENlqnhFxbtUTCp3VNxRcaIyVUwqd1R8l8pUMamcVNyhMlW8QmWq+MrFWuuxLtZaj3Wx1nos+4W11iNdrLUe62Kt9VgXa63HulhrPdbFWuuxLtZaj/V/JQSTkuPHUsEAAAAASUVORK5CYII=', 'Pending', 'Active', '2026-05-04 18:39:17', '2026-05-04 18:39:17', 1),
(19, 'BILL-MORKFYNO-2O9', 2, 'Sibyll Dominic R', '7810027381', 135.00, 0.00, 135.00, 0.00, 'Pending', 'Cash', '2026-05-04 19:01:50', NULL, NULL, 'Pending', 'Active', '2026-05-04 19:01:50', '2026-05-04 19:01:50', 1),
(20, 'BILL-MORKFZTW-AQJ', 2, 'Sibyll Dominic R', '7810027381', 135.00, 0.00, 135.00, 0.00, 'Pending', 'Cash', '2026-05-04 19:01:51', 'LAB-MAIN-KIDNEYFUNCTION-1W2D-4S4P', 'data:image/png;base64,iVBORw0KGgoAAAANSUhEUgAAAQAAAAEACAYAAABccqhmAAAAAklEQVR4AewaftIAABH4SURBVO3BQW7cWhIAwUxC979yjjcCaqNnUd22/4AVYb+w1nqki7XWY12stR7rYq31WBdrrce6WGs91sVa67Eu1lqP9cFvqPxNFZPKVPEKlanik8pUMamcVJyo3FFxojJVnKj8VMWJylRxovI3VUwqnyomlaniROWkYlL5myq+crHWeqyLtdZjXay1HuuDmyreSeWkYlK5o2Kq+ErFpDJV3KFyUvFOKlPFVDGpfKp4RcUrKk5U7qiYVKaKr1T8TRXvpPJdF2utx7pYaz3WxVrrsT54kcodFe9UMalMKt9VMVX8TSonFVPFpDKp/JTKHRV3VLyiYlK5Q+VTxaTyL6ncUfFTF2utx7pYaz3WxVrrsT74j1OZKu6omFSmindRmSpOVKaKO1TuqJhUPqmcVEwqk8odFZPKScVJxU+pTBWTyknFpPL/4mKt9VgXa63HulhrPdYH/2dUpoo/ReWkYqqYVKaKqWJSOamYKiaVE5V3qbhDZVI5qThROamYKr6i8gqVqeL/xcVa67Eu1lqPdbHWeqwPXlTxN1W8ouKnKu6oOFF5hcpUMalMFd+lMqlMFScqU8WkMlWcqNyhMlV8peKkYlKZKt6p4m+5WGs91sVa67Eu1lqP9cFNKv8lKlPFpDJVTCqfKu5QmSomlanipGJS+ZNUPlWcVEwqU8U7qUwVk8pUMamcqHyqmFSmijtUpooTlX/lYq31WBdrrce6WGs91ge/UfFfovIKlaniu1ROVKaKSWWq+Jcq/pSKk4qTiknlRGWqmFS+onKicqIyVZxU/FdcrLUe62Kt9VgXa63H+uA3VKaKO1SmiknljopJ5aRiUplUPlWcVLyi4kTlROUVKn+LylTxThWTyknFpPKpYlKZKiaVqWJS+ZMqTlSmiq9crLUe62Kt9VgXa63H+uAmlaniFRWTylQxqdyhclLxlYoTlTsqJpWTihOVOyomlU8Vk8pJxaRyojJVTCpTxVRxh8pUMVV8UnmFylRxh8pUcaJyUvFdF2utx7pYaz3WxVrrsT74jYpJ5Z1UpopJ5aRiUpkqTlQ+VUwqJxWTyp+k8k4VX6k4UZkqJpUTlROVk4o7VKaKr1S8QmWqmFSmihOVO1Smiq9crLUe62Kt9VgXa63Hsl94I5Wp4g6VqWJSuaPiu1TuqJhUpoo7VE4qJpVXVHxSmSomlZOKO1SmiknljooTlanik8pJxYnKHRUnKlPFicpU8V0Xa63HulhrPdbFWuuxPvgNlaliUpkqJpV3qrhD5bsqTlQmlROVk4qp4kRlqniXijsqTlROKu6ouEPluyomlUnlFRXvpDJVTCpTxVcu1lqPdbHWeqyLtdZj2S+8QGWqmFROKiaVqWJSmSpOVKaKr6hMFa9QeUXFicpJxaTylYpXqLyi4r9KZao4UZkqTlROKiaVk4rvulhrPdbFWuuxLtZaj/XBb6hMFScqd6hMFZPKVHGiMlW8i8pJxVQxqUwVJypTxUnFpDJVTCqfVKaKSWWqOKmYVP4klaliUpkqPqncoTJV3KHyX3Gx1nqsi7XWY31wk8o7VdyhclIxqfyUyknFpPIKlanipGJSuaPik8odKndUnKjcUTFVnFRMKl+pmFTuqJhU7qi4o+KnLtZaj3Wx1nqsi7XWY9kvHKhMFScqJxWTyknFHSp3VHxFZaqYVKaKSWWqmFReUTGpTBXfpXJHxaQyVUwqf1LFT6mcVEwqd1TcoXJScaIyVXzlYq31WBdrrce6WGs91gc3qZxUnKhMFScqU8VJxU+p/Ekq76QyVZyofFfFHRV3VJyoTBWTyqQyVZyofKViUpkqXqEyVZxUTConFd91sdZ6rIu11mNdrLUey37hQGWqOFGZKk5Upop3Ujmp+KRyR8Wk8k4Vk8pJxR0qnyomlaliUpkqJpU7Kl6hclLxXSonFe+kclLxp1ystR7rYq31WBdrrcf64EUqU8WJylQxqUwVr6j4ropXVLyTylQxqUwqU8V3qZyoTBWTylRxonKi8oqKSWWq+KQyVUwqd6i8omJSuaPiuy7WWo91sdZ6rIu11mN98BsV71QxqdyhclIxqUwV36VyR8UdKlPFVHFSMalMKt9V8YqKE5V3qphU7lD5VDGpTBWTylRxR8WkclIxqUwVk8pU8ZWLtdZjXay1HutirfVY9gs3qEwVk8pUMalMFa9QOamYVL5S8U4qd1ScqLyiYlL5VHGHylQxqUwVk8pUcaJyUvFTKlPFpHJHxR0qJxWTyh0VX7lYaz3WxVrrsS7WWo9lv3CDyisqJpWTij9J5VPFpHJHxYnKScUrVE4q3kXlFRWTylTxCpWpYlL5roo7VKaKV6i8ouIrF2utx7pYaz3WxVrrsT54UcWJyknFpDKpnFScqEwVX1E5qZhUJpWTindSmSpOVKaKr6hMFVPFicqJylRxh8orKr6icqIyVdyh8k4Vk8p3Xay1HutirfVYF2utx/rgN1SmijsqTlROKiaVE5U7Kr6i8oqKV6i8QuVE5SsVJypTxR0Vr6iYVKaKE5VPFXdUTCpTxb9U8V0Xa63HulhrPdbFWuuxPniRyknFScWk8oqKSeVdVKaKSWVSmSpOVKaKE5VJ5aRiUvlUMam8ouIOlaliUpkqTlS+S+VEZaq4Q+WOihOVd7lYaz3WxVrrsS7WWo/1wU0qU8WJylQxqUwVJxWTylQxVUwq31XxJ6mcqEwVU8WJyqTyXRWTyonKVPEKlVdUTCo/VfGKij9J5aTiKxdrrce6WGs91sVa67E+uKninSruUJkqJpU7Kj6pTConFVPFpHJHxaQyqUwV76IyVdxRcYfKVDGpnKi8S8W/pPKKiknluy7WWo91sdZ6rIu11mPZLxyonFRMKv9lFT+lMlWcqEwVk8r/q4oTlTsqXqEyVfyUyknFpPIvVfzUxVrrsS7WWo91sdZ6rA9uqphU7qi4Q2WqOFE5UflKxUnFpDJVnKi8ouJE5aTiu1SmihOVOypOVP4WlZOKSeWOijtUTiomlaniuy7WWo91sdZ6rIu11mN98I+pTBUnKlPFVHGHyieVOyomlaliUvkvUflU8U4Vk8qfVDGpnFR8qphU7qiYVE5UpoqTiknlXS7WWo91sdZ6rA9uUpkqJpU7Ku6omFT+lIoTlROVqeJE5Q6VqWJSOan4KZWp4g6VqeIVKneofKo4UZkqXlFxh8pU8S4Xa63HulhrPdbFWuuxPrip4hUqr1CZKiaVk4p3qThRmVROKiaVk4pJ5UTlv0plqphUXlExqfwtKq+omFSmikllqvjKxVrrsS7WWo91sdZ6rA9uUpkqTipeoTJVTConFd+lclJxojJVnKjcoXJHxaQyVXxSuaPiROWk4kRlqphUTip+qmJSeaeKSWWqmFROVH7qYq31WBdrrce6WGs9lv3CgcpUMalMFZPKKyr+FpU7Ku5Q+ZcqvqIyVUwqU8UdKq+oOFG5o+KTylQxqZxUTConFXeoTBWTylTxXRdrrce6WGs91sVa67E+uEnlnSomlUnlpOJE5bsqXqEyVdxRMalMFZPKScWkMlV8RWWqeEXFpDJVTConKicVk8qk8qnipOIVFZPKScVUMamcqEwVX7lYaz3WxVrrsS7WWo/1wYsqJpWpYlKZVKaKE5VJ5Y6Kn1K5Q2WqmFROKiaVqeJEZar4KZWp4kRlqrijYlK5Q+Wk4pPKScWkMlXcUTGp3FExqfzUxVrrsS7WWo91sdZ6LPuFF6icVEwqU8WkckfFpDJVnKh8pWJSOamYVE4qTlTuqPhXVN6p4kRlqphUpopJ5SsVk8pJxaRyR8WkMlWcqJxUfOVirfVYF2utx7pYaz2W/cKByknFicorKu5QOamYVL5SMalMFZPKVHGiMlW8QuWnKiaVqWJSOamYVF5R8a+onFScqNxRMalMFZPKVPFdF2utx7pYaz3WxVrrsewXDlSmihOVqeIVKlPFHSpTxVdUpoo/SeWkYlKZKu5QmSreRWWqOFH5kyomlanik8pU8QqVqeIOlaliUjmp+K6LtdZjXay1HutirfVY9gs3qJxU3KFyUjGp3FExqUwV76LyL1WcqLxLxYnKScWJyh0Vf4rKKyruUJkqJpWpYlKZKr5ysdZ6rIu11mNdrLUe64M3U5kqJpWp4o6KSeVfUbmjYlKZKiaVqWJSmVSmiqniKyonFa+omFSmij9JZar4iso7qdxRcVIxqfzUxVrrsS7WWo91sdZ6LPuFA5WTihOVqWJSmSomlaniDpWp4l1Upoo7VKaKV6j8VMWkMlVMKq+ouENlqphUpooTle+qeCeVk4pJ5Y6K77pYaz3WxVrrsS7WWo/1wYtUpoqpYlKZKiaVqeIOlaniXVSmikllqphUTlSmikllqpgqJpWpYlL5SsWkclIxqUwVd6i8QuW7KiaVE5Wp4hUVd1S8y8Va67Eu1lqPdbHWeiz7hT9IZaqYVKaKE5WpYlKZKiaVn6qYVF5RMan8SRXfpXJS8QqVqeJE5Y6KSWWq+C6Vk4pXqLyi4qcu1lqPdbHWeqyLtdZjffAbKlPFK1SmihOVqWJSuaNiUvlUcaJyUjGpnKicVJyoTBUnKj9VcaIyVUwqd6hMFZPKVHFS8S4Vk8pJxaQyVUwqU8WfcrHWeqyLtdZjXay1HuuDm1TuqDhRmSqmiknlpOKnVKaKqeJE5aTiRGVSOamYVKaKqWJS+SmVqeKOildUTConFZPKVyruqHiFyh0qd1R85WKt9VgXa63H+uBFFZPKHRWTyknFicpJxVTxSWVSuaPiRGWqOKk4UTlR+a6KSWVSmSruqJhUpoo7VE4qJpWvVLxC5aRiqrhDZap4l4u11mNdrLUe62Kt9Vj2Cy9QeaeKSeWOip9SOan4m1TuqJhUTio+qZxUvEJlqngnlaniROVTxaQyVUwqU8WkclJxh8pJxU9drLUe62Kt9VgXa63H+uA3VE4qJpU7KiaVqWJSOVGZKiaVqeJPUXlFxTtVTCr/ispJxaTyp6j8SypTxVRxojJVfNfFWuuxLtZaj3Wx1nos+4UXqPxNFZPKu1RMKlPFO6mcVEwqr6j4U1SmijtU7qiYVKaKSeW7KiaVk4pJZao4UTmpmFTuqPjKxVrrsS7WWo91sdZ6rA9+Q+WOikllqjhROVG5o2JSmSq+UjGpvKJiqphU7qiYVO5QeZeKSWWqmFROKiaVSeVPUZkqTlSmiknljoo7KiaV77pYaz3WxVrrsS7WWo/1wZupTBUnKq+omFR+SmWqmCpOVO5QuaPiFSo/VfEKlZOKV1RMKt9VMalMKlPFicorVKaKqWJSmSq+62Kt9VgXa63HulhrPdYHv1HxJ1WcqEwVJxWTyonKp4oTlTsqJpWTihOVqeKOiu9SOVGZKl6hclJxonJSMal8pWJSeUXFHSonKicqU8VXLtZaj3Wx1nqsi7XWY33wGyp/U8WJyjtV/FTFpHJScaIyVUwVk8pUMamcqHyqOFGZKiaVqWJSOal4RcVPqUwVf5LKVHGickfFd12stR7rYq31WBdrrcf64KaKd1I5qThRmSpOVL5LZaqYVE5U/qSKV1T8lModFScqr6g4UflKxUnFpPKKineq+KmLtdZjXay1HutirfVYH7xI5Y6KO1SmihOVqeK7VE5UpopJZaq4Q2VSOamYVE5U3qViUrlD5Y6KSeWOiknlk8pJxStU3qniXS7WWo91sdZ6rIu11mN98B9XcUfFpDJVTCpfqZhUJpWp4kTlpGJSmSomlZOKE5WvVNxRcaIyVZyonFRMKlPFT1VMKlPFpDJV/EsqU8VXLtZaj3Wx1nqsi7XWY9kvHKhMFZPKHRWTylRxonJHxbuovFPFHSqvqJhUvqtiUpkqJpU7Kl6hckfFV1T+pooTlaliUpkqvutirfVYF2utx7pYaz3WBy+q+Jsq7lCZKiaVTxWTyknFpHJSMalMFZPKVDGpnFScVHxSmSomlaliUpkqTlQmlXeqmFS+ojJVTConFZPKScWJylQxqbzLxVrrsS7WWo91sdZ6rA9uUvmbVE4qTiq+S+UVFZPKScUrKt6lYlK5o+KOihOVqWJSuaPiu1SmiknlpOIOlaniFSpTxVcu1lqPdbHWeqyLtdZj2S+stR7pYq31WBdrrce6WGs91sVa67Eu1lqPdbHWeqz/AUzuj370B22qAAAAAElFTkSuQmCC', 'Pending', 'Active', '2026-05-04 19:01:51', '2026-05-04 19:01:51', 1),
(21, 'BILL-MORKG9QP-MM4', 4, 'Vasanth Sandeep', '9345995944', 135.00, 0.00, 135.00, 0.00, 'Pending', 'Cash', '2026-05-04 19:02:04', 'LAB-MAIN-KIDNEYFUNCTION-LACR-HCZ8', 'data:image/png;base64,iVBORw0KGgoAAAANSUhEUgAAAQAAAAEACAYAAABccqhmAAAAAklEQVR4AewaftIAABIDSURBVO3BQXIc2ZLAQCCN978yRhuaxYZPTFVRrT8Z7vYLa61HulhrPdbFWuuxLtZaj3Wx1nqsi7XWY12stR7rYq31WB/8hsrfVDGpTBWTylRxojJVfJfKVDGpTBV3qJxUTCp3VEwq71Jxh8pUcYfKKyo+qZxUnKicVEwqf1PFVy7WWo91sdZ6rIu11mN9cFPFO6m8k8pU8S4Vk8odKn9TxXdV/MtU7qiYVL5S8V+qeCeV77pYaz3WxVrrsS7WWo/1wYtU7qh4hcp/RWWqOFGZKiaVqeJEZaqYVCaVqWKq+KTyN1XcUTGpTBV3qHyl4kTlJ6ncUfGnLtZaj3Wx1nqsi7XWY33wj6uYVE4qJpUTla9UnKi8omJSOak4qZhUJpWp4isVk8pJxYnKpDJVTCqvUJkqJpVPFZPKHRWTyv+Ki7XWY12stR7rYq31WB/841SmiknlpGJSmSo+qUwqU8Wk8gqVqWJSmVSmileofEXlpGJSmSqmiknlpGJSuaNiUpkqvlJxojKpTBX/Ky7WWo91sdZ6rIu11mN98KKKn1Txk1Q+VZyoTBWTyh0Vf1PFd6mcqJyonFScqEwVk8odFZPKVyomlZOKd6r4Wy7WWo91sdZ6rIu11mN9cJPK36QyVdyhMlVMKl9RmSomlaliUjlRmSpOKiaVqeIOlU8VJxWTylQxqUwVk8pU8U4qU8VXKiaVqWJSOVGZKk5U/isXa63HulhrPdbFWuuxPviNiv9SxUnFpDJVfJfKVHFS8U4qU8WkMlVMKndUfJfKVDGpvELljopXVHyl4qTiFRX/iou11mNdrLUe62Kt9Vgf/IbKVHGi8jdVTBUnKlPFV1SmihOVE5WTip+k8lMqJpV3UpkqJpUTlaniKypTxYnKVDGpTBUnKlPFpHJHxVcu1lqPdbHWeqyLtdZj2S8cqEwVP0llqphUpopJZar4LpWp4kRlqniFyisq7lD5ropJ5RUVk8pJxYnKScWk8i4Vk8pU8ZNUporvulhrPdbFWuuxLtZaj/XBTSonFScqJxWTylRxUvEuKicV71QxqZxUvEvFpHJS8ZMqJpWTihOVP1XxN6mcVLzLxVrrsS7WWo91sdZ6rA9uqrhDZao4UZkqJpWp4kRlqphUPlVMKicqP6niRGWqmFS+S2WqOFGZKiaVqWJSmSruqLij4isqU8UdKlPFpHJS8U4qU8VXLtZaj3Wx1nqsi7XWY33wGxV3qEwVk8pPUjlRmSo+qfzLVKaKSeWOindROVGZKl6hMlVMKlPFpPIVlTsq7qj4V1ystR7rYq31WBdrrceyX7hB5RUVJypTxaRyUjGpTBVfUZkqTlSmiknlpGJSmSpOVE4qJpWvVLxC5RUV/yqVqeJEZao4UTmpmFROKr7rYq31WBdrrce6WGs91ge/oXJHxR0qJypTxStUpoo/VTGpTBWTyitUTiomlZOK71KZKqaKSWWqmFQmlaliUjmpOFGZKr6rYlKZKk5UpoqpYlK5o2JSmSq+crHWeqyLtdZjffAbFXeonFRMFa9QOamYVL5SMalMFZPKHRUnFZPKVDGpvELluyomlaniFRWTylQxqZyonKh8qphUTiomlaliUplU7lA5UflTF2utx7pYaz3WxVrrsT54s4pJZVJ5p4pJ5aTiT6m8QuWkYqo4qTipmFSmiq+onFScVPxNKlPFpDJV/CmVqWJSOamYVE4qTlT+1MVa67Eu1lqPdbHWeqwPfkPlpOKOihOVqeJE5UTlT1VMKneonFRMKicVd6hMFZPKp4o7VE4qXlExqZxUTCpTxXdVnKj8pIo7Kv7UxVrrsS7WWo91sdZ6LPuFG1TuqDhRuaPiROWk4isqU8UdKlPFpHJS8V9RmSpOVKaKv0llqvhbVKaKE5WTindSmSq+crHWeqyLtdZjXay1HuuDF1VMKndUnKjcUTGpTCpTxVdUTiqmindSOak4UTmp+FTxTionFZPKVHFScaIyVUwqnyomlTtUpoqp4l91sdZ6rIu11mNdrLUe64ObKiaVqeIOlVeo3FExqXyquEPlpGKqmFQmlaniRGWqmComlUnlU8Wk8oqKSeUVKlPFpHJHxXdVnKicqEwVd6hMFe9ysdZ6rIu11mNdrLUe64O/TGWqmFSmiknlpOJEZar4ispUcVIxqUwVP0llqpgqJpVPKlPFK1ROVKaKSeVE5aTiROUrFScqJypTxYnKVDFVnKj8qYu11mNdrLUe62Kt9Vgf/IbKVHGiclIxqZyoTBUnKlPFicqnileoTBWTylQxqUwqU8VPqZhUpooTlaliUjlROamYVKaKOyo+qbyi4g6VE5WTipOK77pYaz3WxVrrsS7WWo/1wYsqTlROKk5UTlReUfFdKq+o+C+p/CmVqWKqeKeKk4pJ5Y6KTxWvUDmpmComlZOKSWWq+FMXa63HulhrPdbFWuuxPvjLVE4qpopJZao4UTlR+UrFicrfpPKKiknlk8pUMamcqNxRMalMKicVJxWTyldUTiqmihOVSeWdKiaVqeK7LtZaj3Wx1nqsi7XWY9kv/ENUTiomlaliUvmuiknlpGJSuaNiUpkqTlTuqJhUPlVMKndUvEJlqphUpopJ5W+pmFSmiknljooTlaniT12stR7rYq31WBdrrcf64Iep3FHxCpWTiknlk8pUMalMKlPFpDJVTCpTxYnKVHGiclLxSWWqmFTuUDmpOFGZKiaVqeJE5SsVJyr/X12stR7rYq31WBdrrcf64EUqU8VU8ZMq7lD5SsWkMlVMKicVk8qJylRxovJTVKaKSWVSOal4p4pJ5aRiUvmkclIxqUwV/yWVqeK7LtZaj3Wx1nqsi7XWY33wGypTxVRxovJOFZPKVDGpnFT8qYp3qphUpopJZaqYVCaVd6mYVO5QOamYVKaKqeJEZar4pHJHxYnKK1Smip9ysdZ6rIu11mNdrLUe64ObVKaKSeWk4g6Vd6r4ispUMam8U8UdKicqJxXfpXKiMlVMKicVd1RMKicVU8Wk8qliUplUpopJ5aTiDpVJ5aTiT12stR7rYq31WBdrrcf64DcqfpLKVPEKlaliUpkqPlVMKicVk8pUcYfKVDGpvJPKp4o7KiaVE5Wp4kTlpGJSOVGZKr5SMam8k8pUcVIxqUwqJxVfuVhrPdbFWuuxPvgNlaliUpkqJpWTijtUpopJ5aTiuypOVE5UpoqTijsqJpU7Kr5LZaq4o+KOijsqTiq+ojJVTBWTylQxqZxU/Csu1lqPdbHWeqyLtdZj2S/coPK/rGJSeZeKE5Wp4kRlqphUpopJ5adU3KEyVdyhckfFpDJVfEXlX1ZxojJVfOVirfVYF2utx7pYaz3WB7+hMlVMKndUnKhMFXeoTBV/quJE5V+ickfFV1SmikllqphUpooTlaliqphUpoqTiu+quEPljoo7VE5U/tTFWuuxLtZaj3Wx1nqsD36j4qTiDpU7VKaKSWWqmFSmij+lcofKHSpTxaQyVUwqU8WJynepvEJlqpgqXqEyVUwq71JxUjGpTCpTxaRyovIuF2utx7pYaz3WxVrrsewXblCZKiaVk4oTlaninVS+q+JE5aTiRGWquENlqjhReZeKE5WpYlK5o+JEZao4UflUMalMFScqJxUnKlPFpHJHxXddrLUe62Kt9VgXa63H+uDNKiaVE5Wp4hUqU8VU8RWVV1RMKicVk8pUMalMFZPKVHFS8UnlpGJS+S+pnKhMFe+iclIxqUwV71QxqUwVX7lYaz3WxVrrsS7WWo9lv3CgMlVMKndUnKjcUTGpnFRMKu9ScaIyVZyo3FHxX1F5p4oTlaliUpkqJpWvVEwqJxWTyh0Vk8pUcaJyUvGVi7XWY12stR7rYq31WPYLf5HKScUdKlPFHSqfKk5UpopXqLyiYlI5qfiKyknFpDJVTCpTxaTykyq+S+WkYlKZKn6SylRxojJVfOVirfVYF2utx7pYaz3WBy9SmSomlZOKn6QyVXyXyonKHRVTxYnKicpJxYnKp4pJZVKZKl5RcaIyVZyoTCpTxVcqJpU7VF5RcYfKVPGnLtZaj3Wx1nqsi7XWY33wwyomlUllqphUTiomlanipOKTylQxqbyTylRxUjGp/C0VJyqvULlD5aRiUpkqPqlMFXdUTCpTxYnKK1T+1MVa67Eu1lqPdbHWeiz7hReo3FFxojJVTCo/peJEZap4hcorKiaVOyr+lMorKl6h8rdUnKhMFScqU8WkMlVMKlPFpDJVfOVirfVYF2utx7pYaz2W/cIbqZxUTCrvVPEuKj+p4kTlJ1V8UpkqTlROKk5UpooTlZOKSWWqmFS+UjGpnFS8k8o7VXzlYq31WBdrrce6WGs91gc3qUwVU8WkclJxh8qJylTxXSpTxR0qU8WJylRxUjGpnFRMKt+lMlVMFZPKicqJylQxVUwqJxUnFZ9U7qiYVO6omFROKiaVd7lYaz3WxVrrsS7WWo9lv3CDyk+qmFSmiknlpGJSmSr+lMpJxaTyThX/FZWp4hUqP6liUvlUcaIyVUwqJxUnKlPF33Kx1nqsi7XWY12stR7LfuEFKlPFK1TuqJhUpooTlU8Vk8pPqphUpopJ5aRiUvmuikllqphUTipOVKaKO1ROKk5UPlW8QmWqOFG5o2JSmSr+1MVa67Eu1lqPdbHWeqwPblKZKiaVV1RMKndUTCpTxVTxSeWkYlI5qThReSeVk4qvqEwVJxUnKv+yik8qr6iYVKaKqWJSmSpOKiaVqeK7LtZaj3Wx1nos+4UbVE4qXqFyR8WkMlX8KZWTindSOamYVKaKSeWk4isqU8UdKlPFicpJxYnKVHGi8qliUjmpOFGZKiaVqeKdVKaKr1ystR7rYq31WBdrrcf64KaKSeUVKlPFpDJVnFRMKlPFf0XlFSonKlPFd6mcqNxRMalMFXeoTBV3qEwVn1ROKiaVk4qTindSmSq+62Kt9VgXa63HulhrPdYHv6FyUjGp3FFxUjGpnFScqEwV31XxN1W8QmWqmFS+q+KdVE4qJpVJ5Y6KSeVdKiaVk4pJZar4Wy7WWo91sdZ6rIu11mPZL7xA5SdV3KFyR8V3qZxU3KEyVUwqU8Wk8lMqXqFyUjGpvKLiROUrFZPKVDGpTBUnKicVk8pUMalMFX/qYq31WBdrrce6WGs91ge/oXJHxaQyVdyh8oqK71K5o+JEZap4hcpJxaRyUvFJ5Q6Vk4p3qjhROamYVL5ScYfKScWJyonKicpU8V0Xa63HulhrPdbFWuux7BcOVF5RcaIyVZyoTBV3qEwVP0XljooTlaniROWnVEwqJxWTylQxqZxUTConFZPKd1WcqPxNFe9ysdZ6rIu11mNdrLUey37hH6YyVUwq71IxqUwVk8pUMalMFZPKScWJyh0V36UyVZyonFTcoXJS8S4qU8WJylQxqUwVd6hMFXeoTBVfuVhrPdbFWuuxLtZaj/XBb6j8TRUnKndUnKh8pWJSeaeKSWVSOak4UTlR+VRxojJVvJPKScWkckfFpPIVlaninVSmihOVn3Kx1nqsi7XWY12stR7rg5sq3knlFRWTyqQyVXxFZao4qTipuKNiUjlReUXFd1WcVEwqk8pJxR0Vk8odFZ9UTlSmildU3FHxUy7WWo91sdZ6rIu11mN98CKVOyp+UsWkMql8peKdVP6mikllUnkXlZOKn6QyVUwqk8pU8V0Vr1B5J5Wp4k9drLUe62Kt9VgXa63H+uB/TMWJylQxqXxFZao4UZkqpopJZao4UblD5aRiUvlU8YqKv6nipOJPVdyhclJxojJVvEJlqvjKxVrrsS7WWo91sdZ6rA/+cRUnKlPFScWk8hWVqWJSmVSmiqninSomlanipOKTylRxUnGHylRxojJVTConFZPKVypOVKaKk4pJZaqYKiaVO1T+1MVa67Eu1lqPdbHWeqwPXlTxN6lMFZPKHRVfUXknlZOKqeJEZaq4Q+VdVE4qJpWp4kRlqphUTiq+onKHyonKicpU8V+5WGs91sVa67Eu1lqP9cFNKn+TyonKHRVfUZkq7qh4hcpJxVQxqdxR8RWVqWJSOak4qZhUpopJZVK5Q+UrFZPKVDGpvKJiUpkqJpWp4kTluy7WWo91sdZ6rIu11mPZL6y1HulirfVYF2utx7pYaz3WxVrrsS7WWo91sdZ6rP8DjI6UlO57CbkAAAAASUVORK5CYII=', 'Pending', 'Active', '2026-05-04 19:02:04', '2026-05-04 19:02:04', 1),
(22, 'AI-20260504-0007', 3, NULL, NULL, 120.00, 0.00, 120.00, 0.00, 'Paid', 'Cash', '2026-05-04 20:04:11', NULL, NULL, 'AI Scanned Prescription - Paper ID: HSP-277345-9429', 'Active', '2026-05-04 20:04:11', '2026-05-04 20:04:11', 1),
(23, 'AI-20260504-0008', 4, NULL, NULL, 1200.00, 0.00, 1200.00, 0.00, 'Paid', 'Cash', '2026-05-04 20:11:21', NULL, NULL, 'AI Scanned Prescription - Paper ID: HSP-277345-9429', 'Active', '2026-05-04 20:11:21', '2026-05-04 20:11:21', 1),
(24, 'AI-20260504-0009', 4, NULL, NULL, 1200.00, 0.00, 1200.00, 0.00, 'Paid', 'Cash', '2026-05-04 20:13:52', NULL, NULL, 'AI Scanned Prescription - Paper ID: HSP-277345-9429', 'Active', '2026-05-04 20:13:52', '2026-05-04 20:13:52', 1),
(25, 'AI-20260504-0010', 5, NULL, NULL, 120.00, 0.00, 120.00, 0.00, 'Paid', 'Cash', '2026-05-04 20:23:10', NULL, NULL, 'AI Scanned Prescription - Paper ID: HSP-277345-9429', 'Active', '2026-05-04 20:23:10', '2026-05-04 20:23:10', 1),
(26, 'AI-20260504-0011', 3, NULL, NULL, 120.00, 0.00, 120.00, 0.00, 'Paid', 'Cash', '2026-05-04 20:54:43', NULL, NULL, 'Mobile AI Scan - ID: HSP-277345-9429', 'Active', '2026-05-04 20:54:43', '2026-05-04 20:54:43', 1),
(27, 'AI-20260505-0012', 3, NULL, NULL, 120.00, 0.00, 120.00, 0.00, 'Paid', 'Cash', '2026-05-05 03:07:51', NULL, NULL, 'Mobile AI Scan - ID: HSP-277345-9429', 'Active', '2026-05-05 03:07:51', '2026-05-05 03:07:51', 1),
(28, 'AI-20260505-0013', 1, NULL, NULL, 120.00, 0.00, 120.00, 0.00, 'Paid', 'Cash', '2026-05-05 04:07:14', NULL, NULL, 'Mobile AI Scan - ID: HSP-678626-1754', 'Active', '2026-05-05 04:07:14', '2026-05-05 04:07:14', 1);
INSERT INTO `bills` (`id`, `bill_number`, `patient_id`, `patient_name`, `patient_phone`, `total_amount`, `discount_amount`, `net_amount`, `paid_amount`, `payment_status`, `payment_method`, `bill_date`, `lab_barcode`, `lab_qr_code`, `notes`, `status`, `created_at`, `updated_at`, `branch_id`) VALUES
(29, 'BILL-MOS6BYJT-DFR', 5, 'Sentil paramesh', '9952746925', 135.00, 0.00, 135.00, 0.00, 'Pending', 'Cash', '2026-05-05 05:14:34', 'LAB-MAIN-KIDNEYFUNCTION-VG5T-NZ0A', 'data:image/png;base64,iVBORw0KGgoAAAANSUhEUgAAAQAAAAEACAYAAABccqhmAAAAAklEQVR4AewaftIAABIVSURBVO3BQXLk2JLAQICm+18ZUxuZxUavRWWqu/4w3O0P1lqPdLHWeqyLtdZjXay1HutirfVYF2utx7pYaz3WxVrrsT74Byr/popJ5aRiUvlfUTGpTBUnKlPFicpPVZyoTBUnKv+miknlU8WkMlWcqJxUTCr/poqvXKy1HutirfVYF2utx/rgpop3Ujmp+K9UvEJlqphUpopXqEwVU8Wk8qniFRWvqDhRuaNiUpkqvlLxb6p4J5XvulhrPdbFWuuxLtZaj/XBi1TuqPhNFZPKVDGpfEXlpGJSmSpOKiaVk4qpYlKZVH5K5Y6KOypeUTGp3KHyqWJS+S+p3FHxUxdrrce6WGs91sVa67E++MupTBWTyknFpDJV/JTKHSpTxVRxh8odFZPKJ5WTikllUrmjYlI5qTip+CmVqWJSOamYVP5XXKy1HutirfVYF2utx/rgf1zFpPIuKlPFScWkcofKScVUMamcqLxLxR0qk8pJxYnKScVU8RWVV6hMFf8rLtZaj3Wx1nqsi7XWY33woor/JRXvUnFScaLyCpWpYlKZKr5LZVKZKk5UpopJZao4UblDZar4SsVJxaQyVbxTxb/lYq31WBdrrce6WGs91gc3qfxNVKaKSWWqmFQ+VdyhMlVMKlPFScWk8ptUPlWcVEwqU8U7qUwVk8pUMamcqHyqmFSmijtUpooTlf/KxVrrsS7WWo91sdZ6rA/+QcXfROUVKlPFd6mcqEwVk8pU8V+q+C0Vk8pUcVIxqZyoTBWTyldUTlROVKaKk4q/xcVa67Eu1lqPdbHWeqwP/oHKVHGHylQxqdxRMamcVEwqk8qnipOKE5VJZap4hcorVP4tKicqU8UdFZPKpDJVTCqfKiaVqWJSmSomld9UcaIyVXzlYq31WBdrrce6WGs91gc3qUwVJxUnFScqk8qJyh0VP6UyVdyhckfFpHJHxaTyqWJSOamYVO6omFSmiqninSo+qbxTxR0qU8WJyknFd12stR7rYq31WBdrrceyP/hFKlPFpHJScaIyVUwqU8VPqZxU/CaVk4pJZap4F5WpYlL5TRUnKicVn1SmihOVqeIOlaniROUVFV+5WGs91sVa67Eu1lqPZX9woHJSMalMFXeoTBWTylQxqUwVk8pU8UllqrhDZao4UZkqJpWpYlJ5RcUnlaliUjmpuEPlpGJSOak4UZkqPqmcVNyhclJxojJVnKhMFd91sdZ6rIu11mNdrLUe64N/UHGiMlWcqPymiknluypOVO5QmSqmipOKSWWqeJeKOypOVE4q7qiYVE5UvqtiUplUXlHxTipTxaQyVXzlYq31WBdrrce6WGs9lv3BgcpUMamcVNyhMlW8QuWnKl6hclIxqUwVJyonFZPKVypeofKKir+VylRxojJVnKicVEwqJxXfdbHWeqyLtdZjXay1HuuDm1ReoXJSMalMFScqU8V3qZyonFRMFZPKScWkMlWcVEwqU8Wk8kllqphUpoqTiknlDpWp4kRlqphUpopPKneoTBV3qPwtLtZaj3Wx1nos+4MbVKaKE5WTikllqphUTiomld9SMancUTGpTBV3qJxUfEVlqphU7qi4Q+WOileofKViUjmpeIXKVHGiMlX81MVa67Eu1lqPdbHWeqwP/oHKHSonFZPKHRXvVPFJ5aRiUpkq7lC5Q2WqOKn4KZWTiknlROWdVKaKOyo+qUwqU8WkMqmcVJxUTConFScqU8VXLtZaj3Wx1nqsi7XWY33wIpWp4kRlqphUXqFyUvGVileoTBWTyjupTBUnKt9VcUfFHRUnKlPFpDKpTBUnKl+pmFSmileoTBUnFZPKScV3Xay1HutirfVYF2utx7I/OFCZKk5UpooTlTsqJpWpYlL5ropJ5aTiDpWpYlJ5RcUdKp8qJpWpYlKZKiaVOypeoXJS8V0qJxWvULmj4rdcrLUe62Kt9VgXa63Hsj84UJkqJpWp4hUqU8WkckfFpPJbKiaVV1ScqJxUnKj8VMWkMlWcqEwVk8orKiaVqeKTylRxojJVTCp3VJyo3FHxXRdrrce6WGs91sVa67HsD95IZao4UTmpuEPlpOIrKicVk8orKiaVk4oTlZ+q+E0qJxWTyknFpDJVTCpfqZhUpopJZaqYVE4qJpWTikllqphUpoqvXKy1HutirfVYF2utx7I/uEFlqphU7qi4Q+Wk4kTlKxWTyr+pYlJ5p4pJ5VPFHSpTxaQyVUwqU8WJyknFT6lMFZPKHRW/SeWOiq9crLUe62Kt9VgXa63Hsj84UJkqJpWTihOVk4pJZaqYVKaKSeW7Kk5UpooTlTsq7lA5qXgXlVdUTCpTxStUpopJ5bsq7lCZKu5QeaeKr1ystR7rYq31WBdrrceyP/hFKlPFO6lMFT+l8oqKE5VXVEwqU8WJylTxFZWp4g6VOyruULmj4rtUpopJZaqYVKaKSeWdKiaVqeIrF2utx7pYaz3WxVrrsT64SWWqmFSmihOVqeJE5UTlpGJS+VQxqUwVJypTxUnFicqkcofKicpXKk5Upoo7Kl5RMalMFScqnyruqJhUpor/UsV3Xay1HutirfVYF2utx/rgH6icqEwVd1RMKlPFScWJyknFd6lMFScqU8WkclJxojKpnFRMKp8qJpVXVNyhMlVMKlPFicp3qZyoTBV3qNxRcaLyLhdrrce6WGs91sVa67E+eDOVk4pJZao4qZhUpoqpYlL5ror/kspUMVWcqEwq31UxqZyoTBWvUHlFxaTyUxWvqPhNKicVX7lYaz3WxVrrsS7WWo/1wU0Vk8pUcUfFpHJHxaRyR8UnlUnlpGKqmFTuqJhUJpWp4l1Upoo7Kl5RMamcqLxLxX9J5RUVk8p3Xay1HutirfVYF2utx7I/OFA5qZhU/mYVX1G5o2JSOamYVP5XVZyo3FHxCpWTiu9SOak4Ufk3VfzUxVrrsS7WWo91sdZ6rA9uqphU7qi4Q2WqOFGZKiaVr1TcoXKHyisqTlROKr5LZao4UTmpuENlqjipmFS+S+WkYlK5o+IOlZOKSWWq+K6LtdZjXay1HutirfVYH/yDiknlnVSmin9TxSeVk4qpYlKZKiaVv4nKp4p3qphUpoo7VKaKO1Smik8Vk8pvUpkqTiomlXe5WGs91sVa67E+eFHFpHJHxStUpoqfqphUJpW/icpUMamcVPyUylRxh8pUcVIxqbxC5VPFicpUMancUXGHylTxLhdrrce6WGs91sVa67E++JepvELlROUOlU8VU8WkMlWcqEwVd6icVEwqJyp/K5XfVDGpvEvFpDKpvKJiUpkqJpWp4isXa63HulhrPdbFWuuxPniRylRxojJVnKicVEwqU8WkMlV8UjmpmFROKiaVk4oTlTsqJpWp4pPKHRUnKicVJyonFZPKVPFTFZPKicodFZPKVDGpnKj81MVa67Eu1lqPdbHWeqwP/oHKVDGp3FExqZxU3FFxUvFTKlPFO6m8k8pU8V0Vk8pUcVIxqUwqU8U7qZxUfFKZKk5U3qnijopJZar4rou11mNdrLUe62Kt9Vgf3KTyCpWpYlKZVE4qTlS+q+IVKlPFHRWTylQxqZxUTCpTxVdUpopXVEwqr1A5qZhUJpVPFScVd6hMFZPKScVUMamcqEwVX7lYaz3WxVrrsS7WWo/1wYsqJpWpYqqYVKaKE5VJZao4qfiKyisqJpWpYlI5qZhUpooTlanip1SmihOVqeKOiknlDpWTik8qJxWTylRxR8WkckfFpPJTF2utx7pYaz3WxVrrsewPDlSmiknlFRWTyh0Vr1B5l4pJ5aTiROWOiv+KyjtVnKhMFZPKVDGpfKViUjmpmFTuqJhUpooTlZOKr1ystR7rYq31WBdrrceyPzhQOak4UXlFxYnKVHGHyqeKSeWkYlKZKk5UpopXqPxUxaQyVUwqJxWTyisq/isqJxUnKndUTCpTxaQyVXzXxVrrsS7WWo91sdZ6LPuDA5Wp4kRlqniFylTxW1ROKiaVV1RMKlPFpDJV3KEyVbyLylRxovKbKiaVqeKTylTxCpWp4g6VqWJSOan4rou11mNdrLUe62Kt9Vj2BzeonFTcoXJHxaQyVUwqU8Wk8qniRGWqmFSmihOVd6o4UXmXihOVk4oTlTsqfovKO1WcqEwVk8pUMalMFV+5WGs91sVa67Eu1lqP9cGLKiaVqWJSmSomlROVOyomlb9FxYnKVDGpTCpTxVTxFZWTildUTCpTxW9SmSq+ovJvUpkqTiomlZ+6WGs91sVa67Eu1lqPZX9wg8pJxaQyVUwqJxWvUDmp+KQyVdyhMlWcqEwVr1D5qYpJZaqYVF5RcYfKVDGpTBUnKt9V8QqVOyomlTsqvutirfVYF2utx7pYaz2W/cGBylTxCpWpYlJ5p4qfUrmj4kTljopJZao4UZkqJpVPFScqJxWTylRxh8pJxaTyUxWTylQxqUwVd6hMFScqU8W7XKy1HutirfVYF2utx7I/OFCZKiaVqWJSuaPiFSpTxaQyVXxSuaNiUvmbVXyXyknFK1SmihOVOyomlaniu1ROKl6h8oqKn7pYaz3WxVrrsS7WWo/1wT+omFSmikllqphUpooTlX9LxYnKpDJVTCpTxaRyUnGiMlWcqPxUxYnKVDGp3KEyVUwqU8VJxbtUTConFZPKVDGpTBW/5WKt9VgXa63HulhrPdYH/0DljopJZaqYVKaKqWJSOak4qZhUvlIxVZyo3FExqUwqJxWTylQxVUwqP6UyVdxR8YqKSeWkYlL5SsUdFa9QuUPljoqvXKy1HutirfVYH7xI5aRiUpkqJpWTihOVk4qp4pPKpHJHxYnKVHFScaJyovJdFZPKpDJV3FExqUwV71QxqXyl4hUqJxVTxR0qU8W7XKy1HutirfVYF2utx7I/eIHKb6qYVE4qJpWp4isqU8UdKlPFK1TuqJhUTio+qZxUvEJlqniFyknFicqnikllqphUpopJ5aTiDpWTip+6WGs91sVa67Eu1lqP9cE/UDmpmFTuqJhU3qliUpkqvqIyVZxUTCqvqHiniknlv6JyUjGp/BaV/5LKVDFVnKhMFd91sdZ6rIu11mNdrLUe64N/UHGi8gqVE5WTikllqpgqfovKVDGpvELlnSreRWWqmCpOVCaVd1L5ropJ5RUVd6hMFZPKicpU8ZWLtdZjXay1HutirfVYH/wDlTsqJpWp4kRlqjhRmSpOVL5S8YqKk4pJ5RUVk8odKu9SMalMFZPK30plqrijYlK5o+KOiknluy7WWo91sdZ6rIu11mPZHxyovKLiROWkYlKZKiaVqeJE5SsVJyqvqJhUpoo7VH5LxR0qd1TcoTJVTCrfVTGpnFScqLxTxYnKVPFdF2utx7pYaz3WxVrrsT74BxW/qeJEZao4qZhUvqvijopJZaqYVCaVqeJEZaq4o+K7VE5UpopXqJxUnKicVEwqX6mYVF5RcYfKicqJylTxlYu11mNdrLUe62Kt9Vgf/AOVf1PFico7VXyXylRxR8WJylQxVUwqU8WkcqLyqeJEZaqYVKaKSeWkYlI5qXgXlaniN6lMFScqv+VirfVYF2utx7pYaz3WBzdVvJPKScWJylRxovJdKlPFpHKi8psqXlHxUyp3VJyonKicVJyofKXipGJSeUXF3+JirfVYF2utx7pYaz3WBy9SuaPiDpWp4r+iMlVMKicVJyqTyknFpHKi8i4Vk8odKndUTCp3VEwqn1ROKl6h8k4V73Kx1nqsi7XWY12stR7rg79cxR0qJxWTylcqJpVJZaqYVCaVk4pJZaqYVE4qTlS+UnFHxYnKVHGiclIxqUwVP1UxqUwVk8pU8V9SmSq+crHWeqyLtdZjXay1HuuD/2cqJpWTiq+onFS8ouKkYlK5Q2Wq+C6VqWJSmSomlROVqWKqeIXKScVXVE5UTlTuqDhRmSomlaniuy7WWo91sdZ6rIu11mN98KKK/1LFpDJV/K9SmSomlZOKk4pPKlPFpDJVTCpTxYnKpPJOFZPKV1SmiknlpGJSOak4UZkqJpV3uVhrPdbFWuuxLtZaj/XBTSr/JpWp4qRiUpkqJpWvVEwqd1RMKu9U8S4Vk8odFXdUnKhMFZPKHRXfpTJVTConFXeoTBWvUJkqvnKx1nqsi7XWY12stR7L/mCt9UgXa63HulhrPdbFWuuxLtZaj3Wx1nqsi7XWY/0fpuK5adZc1kgAAAAASUVORK5CYII=', 'Pending', 'Active', '2026-05-05 05:14:34', '2026-05-05 05:14:34', 1),
(30, 'BILL-MOS6IXID-BWX', 1, 'Bhaskar Sekar', '8925386821', 135.00, 0.00, 135.00, 0.00, 'Pending', 'Cash', '2026-05-05 05:20:00', 'LAB-MAIN-KIDNEYFUNCTION-ACGK-6SC0', 'data:image/png;base64,iVBORw0KGgoAAAANSUhEUgAAAQAAAAEACAYAAABccqhmAAAAAklEQVR4AewaftIAABH0SURBVO3BQXIc2ZLAQCCN978yRhuaxYZPTFVR6j8Z7vYLa61HulhrPdbFWuuxLtZaj3Wx1nqsi7XWY12stR7rYq31WB/8hsrfVDGpnFRMKicVX1E5qThRmSomlaliUjmpmFSmihOVP1VxojJVnKj8TRWTyqeKSWWqOFE5qZhU/qaKr1ystR7rYq31WBdrrcf64KaKd1I5qThRmSrepWJSeUXFScWkcofKVDFVTCqfKl5R8YqKE5U7KiaVqeIrFX9TxTupfNfFWuuxLtZaj3Wx1nqsD16kckfFK1SmihOVk4pPFT9JZap4RcWkMqn8KZU7Ku6oeEXFpHKHyqeKSeVfUrmj4k9drLUe62Kt9VgXa63H+uA/TmWqmFROKiaVSeVTxU+quKPiROWOiknlk8pJxaQyqdxRMamcVJxU/CmVqWJSOamYVP5XXKy1HutirfVYF2utx/rgf1zFpPIuKlPFHSpTxYnKScVUMamcqLxLxR0qk8pJxYnKScVU8RWVV6hMFf8rLtZaj3Wx1nqsi7XWY33woor/JRV/S8WJyitUpopJZar4LpVJZao4UZkqJpWp4kTlDpWp4isVJxWTylTxThV/y8Va67Eu1lqPdbHWeqwPblL5L1GZKiaVqWJS+VRxh8pUMalMFScVk8pPUvlUcVIxqUwV76QyVUwqU8WkcqLyqWJSmSruUJkqTlT+lYu11mNdrLUe62Kt9Vgf/EbFf4nKK1Smiu9SOVGZKiaVqeJfqvgpFZPKVHFSMamcqEwVk8pXVE5UTlSmipOK/4qLtdZjXay1HutirfVYH/yGylRxh8pUMancUTGpTCp3qHyqOKk4UTmpOFE5UXmFyt+icqIyVdxRMalMKlPFpPKpYlKZKiaVqeJE5Z0qTlSmiq9crLUe62Kt9VgXa63H+uAmlanipGJSmSomlaliUnmnik8qU8WJyitU7qiYVO6omFQ+VUwqJxWTyitUpoqp4p0qPqn8pIoTlaniROWk4rsu1lqPdbHWeqyLtdZjfXBTxSsqJpUTlaliUjmpeBeVk4o7KiaVqWJSeaeKr1ScqEwVk8pJxaQyqZxU3KEyVXyl4g6Vk4pJZao4UblDZar4ysVa67Eu1lqPdbHWeiz7hTdSOak4UZkqJpWpYlJ5l4o7VE4qJpWp4g6VV1R8UpkqJpWTijtUTiomlZOKE5Wp4pPKScWJylQxqUwVJypTxYnKVPFdF2utx7pYaz3WxVrrsT74DZWTipOKE5U7KiaVqWJS+a6Kn6QyVdyhMlW8S8UdFScqJxV3VEwqJyrfVTGpTCp3qEwV76QyVUwqU8VXLtZaj3Wx1nqsi7XWY9kv/CCVk4pJZap4hcpU8RWVqWJSOamYVKaKSeWk4kTlpGJS+UrFK1R+UsW/ojJVnKhMFScqJxWTyknFd12stR7rYq31WBdrrcf64EUqU8VUMalMKlPFpDJVnKhMFf9KxaQyVZyoTBUnFZPKVDGpfFKZKiaVqeKkYlI5qZhU7lCZKiaVqeKTyh0qU8UdKv8VF2utx7pYaz2W/cKByknFicpJxaTyiopJ5adUTCp3VEwqU8UdKicVX1GZKiaVOyruULmj4hUqX6mYVE4q7lA5qThRmSr+1MVa67Eu1lqPdbHWeqwPbqo4UTmpmFSmileo3FHxSeWkYlKZKiaVqWJSmSomlZOKk4o/pXJSMamcqLyTylRxR8UnlUllqphUJpWTipOKSeWk4kRlqvjKxVrrsS7WWo91sdZ6LPuFF6hMFScqU8WkMlX8V6m8U8WJyknFicp3VbyTylRxojJVTConFScqX6mYVKaKn6QyVUwqJxXfdbHWeqyLtdZjXay1Hst+4UBlqjhRmSpOVE4qJpVXVEwqf6piUnlFxaRyR8UdKp8qJpWpYlKZKiaVOypeoXJS8V0qJxWvULmj4qdcrLUe62Kt9VgXa63H+uBFKlPFpDJVTBWTyknFicpUMan8lIpJ5aRiUjmpmFQmlaniu1ROVKaKSWWqOFE5UXlFxaQyVXxSmSpeofKKiknljorvulhrPdbFWuuxLtZaj/XBb1T8JJU7VE4qJpWTik8qJxWTylQxVdxRcUfFpDKpfFfFKypOVN6pYlK5Q+VTxaQyVUwqU8UdFZPKScWkMlVMKlPFVy7WWo91sdZ6rIu11mPZL9ygckfFO6mcVEwqU8V3qfxNFScqr6iYVD5V3KEyVUwqU8WkMlWcqJxU/CmVqWJSuaPiJ6ncUfGVi7XWY12stR7rYq31WB/8hspUMamcqLyi4qRiUrlD5SsVk8pUMalMFXeonFScqNxR8S4qJypTxaQyVUwVd6hMFZPKV1SmijtUpopXqPyUi7XWY12stR7rYq31WB/cpDJVTConFScqk8pUMancofJdKndUTCpTxTupTBUnKlPFV1SmiqniROVEZaq4Q+UVFV9ROVGZKu5QeaeKSeW7LtZaj3Wx1nqsi7XWY33wGxWTyqRyUnGiMlX8TRVfUblDZao4UZkqJpVJ5Q6VE5WvVJyoTBV3VLyiYlKZKk5UPlXcUTGpTBX/UsV3Xay1HutirfVYF2utx7JfOFCZKk5UpopXqJxUnKh8V8Wk8i9VnKjcUTGpfKqYVO6oeIXKVDGpTBWTyt9SMalMFZPKHRUnKlPFn7pYaz3WxVrrsS7WWo9lv3CgclJxojJVTCpTxaQyVUwqU8WJyndV3KFyUjGp3FFxh8p3VZyo3FFxh8odFZPKVDGp/KmKE5Wp4iep3FHxlYu11mNdrLUe62Kt9Vgf3FQxqdyhMlVMKicqU8WkckfFJ5VJ5aRiqphU7qiYVCaVqeJdVKaKOypOVE4qJpUTlXep+JdUXlExqXzXxVrrsS7WWo91sdZ6LPuFA5WTiknlX6r4Uyp3VEwqJxWTyv+qihOVqeInqUwVf0rlpGJS+Zcq/tTFWuuxLtZaj3Wx1nqsD26qmFTuqLhDZap4hcpXKu5QmSpOVF5RcaJyUvFdKlPFicqJyknFpDJVnFRMKlPFV1ROKiaVOyruUDmpmFSmiu+6WGs91sVa67Eu1lqP9cFvVPwklaninVROKv5UxaRyR8Wk8jepfKp4p4p3Upkq7lCZKj5VTCp3VEwqJypTxUnFpPIuF2utx7pYaz3WBy+qmFTuqHiFylRxUjGpfKqYVN6pYlJ5hcpUMamcVPwplaniROWOikllUnmFyqeKE5Wp4hUVd6hMFe9ysdZ6rIu11mNdrLUe64PfUDmpmComlUnlnSomlROV76p4hcpJxYnKScWkcqLyX1UxqbxTxaTyt6i8omJSmSomlaniKxdrrce6WGs91sVa67E++I2KV1S8QmVSuaPiROWTyknFpHJSMamcVJyo3FExqUwVn1TuqDhROamYVE4qJpWTij9VMam8U8WkMlVMKicqf+pirfVYF2utx7pYaz2W/cKByr9U8beo3FFxh8q/VPEVlaliUpkq7lA5qXiFyh0Vn1SmiknlpGJSOam4Q2WqmFSmiu+6WGs91sVa67Eu1lqPZb9wg8pUMalMFZPKVDGp3FFxovJdFa9QmSomlZOKSWWqmFROKiaVqeKTyknFO6lMFZPKVDGpnFRMKl+peCeVqWJSOak4Ubmj4isXa63HulhrPdbFWuuxPvgNlXeqmFSmihOVSeWOij+lcofKVDGpnFRMKlPFicpU8adUpooTlanijopJ5Q6Vk4pPKicVk8pUcUfFpHJHxaTypy7WWo91sdZ6rIu11mPZLxyoTBWTyh0VJyp3VLxC5VPFpHJHxYnKVHGickfFv6LyThUnKlPFpDJVTCpfqZhUTiomlTsqJpWp4kTlpOIrF2utx7pYaz3WxVrrsewXDlROKk5UXlFxojJVTConFZ9UTiomlaniDpWp4hUqf6piUpkqJpWTiknlFRX/ispJxYnKHRWTylQxqUwV33Wx1nqsi7XWY12stR7LfuFAZao4Ubmj4kRlqphUTiomla9UvELlpOJEZaqYVKaKO1SmindRmSpOVH5SxaQyVXxSmSpeoTJV3KEyVUwqJxXfdbHWeqyLtdZjXay1HuuD36iYVE4q7lCZKk5UpopJ5Y6KTypTxYnKVHGicofKicpUcYfKn6qYKiaVk4oTlTsqTiq+UnGi8l9WMalMFV+5WGs91sVa67Eu1lqPZb9wg8odFZPKVPFOKlPFu6i8omJSmSomlaliUjmp+C6Vk4o7VKaKSWWqmFTuqDhRmSq+ovIvVdyhclLxlYu11mNdrLUe62Kt9Vj2Cz9IZaqYVE4qXqEyVXxFZap4hcpUMalMFa9Q+VMVk8pUMam8ouIOlaliUpkqTlS+q+IVKlPFpDJVTCp3VHzXxVrrsS7WWo91sdZ6rA9+Q2WqmFROKiaVqWJSuUNlqrhD5VPFicodFZPKVDGpTBWTylQxVUwqU8Wk8pWKSeWkYlKZKu5QeYXKd1VMKicqU8VJxaQyVdxR8S4Xa63HulhrPdbFWuux7Bf+IZWp4kTljopJ5V0qJpX/sorvUjmpeIXKVHGickfFpDJVfJfKScUrVF5R8acu1lqPdbHWeqyLtdZjffCXqUwVJyrvVDGpfKq4Q2WqmFROKiaVqeJEZao4UflTFScqU8WkcofKVDGpTBUnFe9SMamcVEwqU8WkMlX8lIu11mNdrLUe62Kt9Vgf/IbKHRWTyonKVDFVTConFX9KZao4qZhUTiruUDmpmFSmiqliUvlTKlPFHRWvqJhUTiomla9U3FHxCpU7VO6o+MrFWuuxLtZaj/XBiypOKu5QOak4UTmpmCo+qUwqd1ScqEwVJxUnKicq31UxqUwqU8UdFZPKVPFOFZPKVypeoXJSMVXcoTJVvMvFWuuxLtZaj3Wx1nos+4UXqLxTxYnKScWkMlX8FJWp4hUqd1RMKicVn1ROKl6hMlW8QuWk4kTlU8WkMlVMKlPFpHJScYfKScWfulhrPdbFWuuxLtZaj/XBb6icVEwqd1ScqNyhMlVMKlPFJ5Wp4o6KE5U7Kt6pYlL5V1ROKk4qJpU/pfIvqUwVU8WJylTxXRdrrce6WGs91sVa67HsF16g8k4V76TyUyomlaliUrmjYlJ5RcVPUZkq7lC5o2JSmSomle+qmFROKl6hclIxqdxR8ZWLtdZjXay1HutirfVYH/yGyh0Vk8pU8U4qJxWTylTxSeUVFX9TxaRyh8q7VEwqU8WkclIxqUwqP0VlqjhRmSomlTsq7qiYVL7rYq31WBdrrce6WGs9lv3CgcorKk5U7qiYVE4qTlS+UjGpTBWTyknFpHJScYfKT6m4Q+UnVZyofFfFpHJSMan8pIoTlaniuy7WWo91sdZ6rIu11mN98BsVP6niROWk4kTlpOKnVNxRcaIyVdxR8V0qJypTxSsqJpWpYlK5o2JS+UrFpPKKijtUTlROVKaKr1ystR7rYq31WBdrrcf64DdU/qaKE5X/LyomlaliqphUpopJ5UTlU8WJylQxqUwVk8qJyh0V76IyVfwklaniROWnXKy1HutirfVYF2utx/rgpop3UjmpOFGZKk5UvktlqphUTlR+UsUrKv6Uyh0VJyonKicVJypfqTipmFReUfGTKr7rYq31WBdrrce6WGs91gcvUrmj4g6VqeJE5aeoTBUnKlPFicqkclIxqZyovEvFpHKHyh0Vk8odFZPKJ5WTileovFPFu1ystR7rYq31WBdrrcf64D+u4o6KSWWqmFQ+VdyhMlWcqJxUTCpTxaRyUnGi8pWKOypOVKaKE5WTikllqvhTFZPKVDGpTBX/kspU8ZWLtdZjXay1HutirfVYH/yPUZkqJpWpYlL5UxWTyh0Vd1RMKneoTBXfpTJVTCpTxaRyojJVTBWvUDmp+IrKicqJyh0VJypTxaQyVXzXxVrrsS7WWo91sdZ6rA9eVPEvqZyoTBVfUZkqTiomlaniFSpTxaRyUnFS8UllqphUpopJZao4UZlU3qliUvmKylQxqZxUTConFScqU8Wk8i4Xa63HulhrPdbFWuuxPrhJ5W9SmSomlaniT1XcoTJVTCpTxaQyVdxR8S4Vk8odFXdUnKhMFZPKHRXfpTJVTConFXeoTBWvUJkqvnKx1nqsi7XWY12stR7LfmGt9UgXa63HulhrPdbFWuuxLtZaj3Wx1nqsi7XWY/0fjrmMfguz7FIAAAAASUVORK5CYII=', 'Pending', 'Active', '2026-05-05 05:20:00', '2026-05-05 05:20:00', 1),
(31, 'BILL-MOS6JC6I-H8R', 4, 'Vasanth Sandeep', '9345995944', 1215.00, 0.00, 1215.00, 0.00, 'Pending', 'Cash', '2026-05-05 05:20:19', 'LAB-MAIN-COMPLETEBLOODCH-Y5DL-SOBU', 'data:image/png;base64,iVBORw0KGgoAAAANSUhEUgAAAQAAAAEACAYAAABccqhmAAAAAklEQVR4AewaftIAABIGSURBVO3BQW7cWhIAwUxC979yjjcCaqNnUd22/4AVYb+w1nqki7XWY12stR7rYq31WBdrrce6WGs91sVa67Eu1lqP9cFvqPxNFZPKVHGickfFT6ncUTGp3FExqUwVJyrvUnGiclJxh8pUMancUfEVlaniROWkYlL5myq+crHWeqyLtdZjXay1HuuDmyreSeWk4kTl/4XKScUrVKaKqWJS+VRxonKiclIxqZxUTBWTylTxLhWTylTxThXvpPJdF2utx7pYaz3WxVrrsT54kcodFa9QOan4r6g4UZlUpoqTikllUvkplROVqeKOijtUTlSmikllqviKyonKn6RyR8VPXay1HutirfVYF2utx/rgP05lqphUJpU7Kj6pnFRMFXeoTBUnKlPFpHJHxaTySeWkYlKZVO6omFTuqHiFylcqJpWTiknl/8XFWuuxLtZaj3Wx1nqsD/7PqJxUTCpTxU+pnFRMKicqU8VUcVIxqZyovEvFHSqTyknFpDKpnFT8LSpTxf+Li7XWY12stR7rYq31WB+8qOJvqjhRmSomlanib6mYVCaVk4pJ5Y6K71KZVKaKE5WpYlKZKk4qJpUTlaniT6l4p4q/5WKt9VgXa63HulhrPdYHN6n8l6hMFZPKVDGpfKqYVKaKSeWdKiaVOyomlROVTxUnFZPKVPFOKlPFScWkcqLyqWJSmSomlROVqeJE5V+5WGs91sVa67Eu1lqPZb/wH6YyVbyTyk9VTCpTxaTyiopJ5Y6K71KZKiaVqeJEZaq4Q+WOiknlT6n4f3Wx1nqsi7XWY12stR7rg99QmSruUJkqJpU7VE4qTlSmiu9SOamYVKaKV6i8QuVvUfmTKiaVk4pJ5VPFpDJVTCp3qLxTxYnKVPGVi7XWY12stR7rYq31WPYLN6icVEwqU8WJyh0Vk8pUMalMFZ9U7qiYVE4q7lCZKiaVqWJSmSomla9U3KHyThWvUJkqvqJyUjGpnFTcoTJVTCp3VHzXxVrrsS7WWo91sdZ6LPuFA5WpYlK5o2JSOamYVO6omFS+q+JPUpkqTlROKiaVqeIrKicVk8pUMalMFScqd1ScqJxUfFKZKk5U7qiYVKaKV6icVHzlYq31WBdrrce6WGs9lv3CC1TuqPibVE4qfkrlpOIOlZOKSeUVFV9RuaPiDpWp4kTlpOJEZar4pHJScYfKScWJyisqvutirfVYF2utx7pYaz3WBy+qmFTuUDmpmFSmipOKE5WvVLyTyh0Vk8pU8a9UnKicVNxRMamcqHxXxaQyqbyi4hUVk8pUMalMFV+5WGs91sVa67Eu1lqP9cFvqJxUTBWTyknFpPJfoXJHxSsq7lA5qZhUvlIxVdyhcofKScVJxUnFT1VMKlPFicodKndUTCpTxXddrLUe62Kt9VgXa63H+uA3Kk5UTiomlZOKk4oTlTsqvktlqphUTiomlTsqJpWpYlKZKiaVTypTxaQyVZxUTConFZPKVHGiMlVMKlPFJ5U7VKaKO1TuUPlTLtZaj3Wx1nqsD35DZao4qbijYlKZKk5Upoo7VL5ScaIyVUwqd6icVJyo3FHxFZUTlTsqTlROVKaKOyomlU8VJyp3VNxR8a9crLUe62Kt9VgXa63Hsl+4QeWk4g6Vk4pJ5aTiRGWq+KTyioo7VE4qTlROKr5L5Y6KSWWqmFT+pIqfUpkqTlTuqLhD5aTiRGWq+MrFWuuxLtZaj3Wx1nqsD35DZap4p4oTlaniDpX/CpWp4kTljop3qbij4o6KE5WpYlKZVKaKE5VPFScqU8UrVE4qTlROKr7rYq31WBdrrce6WGs9lv3CC1SmikllqphUTiruUJkqJpWp4pPKVPEKlaniDpU7Kk5UpoqvqEwVk8pUMancUfEKlZOK71I5qXiFylQxqUwVf8rFWuuxLtZaj3Wx1nqsD15UMalMFScVk8q/UnGi8k4qJxUnKpPKVHGi8l0qU8WkMlWcqEwqd1ScVJyofKqYKl6hclJxh8odFd91sdZ6rIu11mNdrLUe64ObVKaKV6hMFScqJxWTylTxUxWvUJkqJpU7KiaVSeWk4k9ROamYVKaKOyruqPikclIxqUwVJxWTyknFicpUMalMFV+5WGs91sVa67Eu1lqPZb9woHJHxaRyUjGpTBWTylQxqUwVk8pU8UllqphU7qg4UfmbKiaVTxUnKlPFicpU8QqVqWJSmSomla9UTConFZPKVHGHylRxojJV/NTFWuuxLtZaj3Wx1nqsD15UMalMFZPKpDJVnFRMKn9LxYnKpHJHxStU7qj4KZWTileoTBV3qEwVk8pXKk5UpopJ5aTiROUVKlPFVy7WWo91sdZ6rIu11mN9cFPFHSonFScqf0vFpHJS8YqKV6hMFScqU8VXVKaKO1TuqJgq3kllqviKylTxiopJ5Z1UfupirfVYF2utx7pYaz2W/cILVE4qJpWTijtU3qViUvmbKiaVOyomlZ+qOFGZKiaVk4pXqJxUnKh8qphUXlFxovJOFT91sdZ6rIu11mNdrLUey37hBpWp4kTlpGJSOamYVKaKE5V3qZhUpopJZaqYVKaKE5U7KiaVTxWTyh0Vr1CZKiaVqWJS+VMqJpU/qeJEZar4qYu11mNdrLUe62Kt9Vj2CwcqU8WkMlVMKq+omFTeqeK7VKaKd1I5qbhD5bsqTlTuqLhD5aRiUjmpmFSmik8qJxUnKlPFn6RyUvFdF2utx7pYaz3WxVrrsewXDlT+pIpJ5RUVk8pPVUwqJxWTyh0Vk8pJxR0q31UxqZxU3KEyVUwqr6iYVL5S8S+pvFPFd12stR7rYq31WBdrrcf64EUVJyonKndUvFPFJ5VJZaqYVF5RMancoTJVTCo/pXJScaJyUnFScYfKScV3qZxUnKj8TRWTylTxlYu11mNdrLUe62Kt9Vj2CzeoTBWTyknFHSp3VNyh8qliUjmpmFROKiaVk4o7VE4qvktlqjhROam4Q2WquENlqviKyknFpDJVTCpTxR0qJxWTylTxXRdrrce6WGs91sVa67E+uKliUnmFylRxUjGp3KEyVXxSuUPlpGJSmSomlUllqngnlU8V71QxqUwVd6hMFXeoTBWfKiaVO1TuUJkq/pWLtdZjXay1HuuD31CZKt6p4g6VE5WTiu+qeIXKicpUcaLyThU/pTJV3KEyVUwVk8qk8gqVTxUnKlPFpHJHxStUpoqfulhrPdbFWuuxLtZaj/XBTSonFZPKpPKKikllqphUTlS+onJScVJxojKp/EkqT1UxqfwtKq+omFROVKaKr1ystR7rYq31WBdrrcf64KaKSWVSOak4UZkqJpVXqLyLyh0VU8UrVE4qJpWp4pPKHRUnKicVk8pUMVVMKicVP1UxqZxUTConFZPKVHGHyk9drLUe62Kt9VgXa63Hsl84UJkqJpWpYlK5o2JSeUXFpPIuFZPK31QxqZxUfJfKScUdKq+oOFG5o+KTylQxqbxTxR0qd1R818Va67Eu1lqPdbHWeqwPblJ5RcU7VZyofFfFpPIvVbyiYlKZKj6pnFS8omJSeYXKScWkMql8qjipuENlqphUTiqmihOVSWWq+MrFWuuxLtZaj3Wx1nqsD36jYlKZKk4qJpW/qeJdKiaVqWJSmSreSWWqmFSmiu+qmFSmihOVqeKk4kTlpOKOik8qU8WJylRxR8Wk8q9crLUe62Kt9VgXa63H+uA3VKaKSeWOijtUpooTlf+KikllqjhRmSqmipOKd6k4UTlRuUNlqphUJpWTiknlU8Wk8k4qJxWTylTxp1ystR7rYq31WBdrrceyXzhQmSomlaniDpWp4g6Vd6k4UbmjYlI5qXiFyk9VTCpTxaRyUjGp3FFxh8pU8V0qU8WkclJxonJHxaQyVUwqU8V3Xay1HutirfVYF2utx/rgNypeoTJVTBUnKlPFVDGpTBUnKp9UTiomlTsqTlSmikllqpgqTlSmiq9UvFPFK1TuUDmp+K6KSeVEZaq4Q2WqmFTe5WKt9VgXa63HulhrPdYHv6Fyh8pUMam8k8odKl+peEXFicodKicqU8UdKt9VMVVMKpPKScWkMlVMFScqU8VPqdyh8gqVV1RMKlPFVy7WWo91sdZ6rIu11mPZL7yRyh0VJypTxYnKT1VMKicVk8pUMamcVEwqU8WkclLxXSqvqJhUpopXqEwVk8pPVZyovFPFO6mcVHzlYq31WBdrrce6WGs91ge/ofKKikllUrlD5b+q4o6Kk4qTikllUpkqJpVPFZPKScUdKlPFicorKiaV71KZKl6hMqlMFScqJxWTynddrLUe62Kt9VgXa63Hsl+4QeWdKiaVqeIOlX+l4kRlqphUpopJZao4UfmuihOVk4pJZaq4Q+WdKiaVTxWTylTxN6mcVEwqJxVfuVhrPdbFWuuxLtZaj2W/cKByUjGpTBUnKlPFicpUcaLyXRV3qEwVk8pUcYfKn1TxFZWTileoTBWvUJkqTlQ+VZyonFScqJxUTCqvqPiui7XWY12stR7rYq31WPYLBypTxaQyVUwqU8WJylQxqZxUnKh8V8WkckfFpHJScYfKVHGi8lMVJypTxaRyUjGpTBWvUPlKxYnKVDGpnFRMKlPFK1ROKr5ysdZ6rIu11mNdrLUe64M3U5kqTlSmiknlDpWpYqr4ispJxYnKHRWTylQxqUwVk8pUMVVMKj+lMlXcUfEKlVdUfFKZKqaKk4p3UpkqJpWp4qcu1lqPdbHWeiz7hQOVqeIOlZOKE5U7Kk5UpopPKicVk8pUMalMFZPKVHGHyrtUTConFa9QmSomlaniRGWqmFS+UnGiMlVMKlPFO6lMFScqU8VXLtZaj3Wx1nqsi7XWY31wk8odFScqU8UrVE4qJpXvUpkqTipOKiaVV1ScqEwVn1ROKl6hMlWcVJyo3FExqXxFZaqYVO5QmSpeoTJV/NTFWuuxLtZaj3Wx1nqsD36j4p1UpoqTihOVqeKOiq+o3KEyVbyi4hUqU8Wk8q+onFScVEwqP6XyiopXqEwVU8WJylTxXRdrrce6WGs91sVa67E+eJHKK1Smin9F5Z1UpopJZaqYVKaKd6p4F5WpYqo4UZlUTiruUPmuiknlFRV3qJxUnKhMFV+5WGs91sVa67Eu1lqP9cFvqNxRMalMFa9QOVH5qYpJZaqYVKaKOyomlaliUrmj4kTlXSomlaliUpkqJpUTlT9FZao4UZkqJpU7KiaVk4pJ5bsu1lqPdbHWeqyLtdZjffBmKlPFicpJxUnFicp3qUwVJxWTyknFO1VMKpPKu1S8QuWOileofFfFpDKpTBUnKq9QmSomlZOK77pYaz3WxVrrsS7WWo/1wW9U/EkVJyonKlPFu6hMFZPKVHGHylTxJ1V8l8qJylTxCpWp4g6Vk4pJ5SsVk8pJxaQyVdyh8gqVqeIrF2utx7pYaz3WxVrrsT74DZW/qeKk4kRlqphUvlIxqdyhMlXcoTJV3FExqZyofKo4UZkqJpWpYlI5qZhUpoqTip9SmSr+JJWp4kRlqphUporvulhrPdbFWuuxLtZaj/XBTRXvpHJSMalMFXdUTCrfpXJScaLyiop3qvgplTsq7qiYVE4qJpXvqjipmFSmijsq7qi4Q2Wq+MrFWuuxLtZaj3Wx1nqsD16kckfFHSonKlPFpDJVfEXljopXVEwqk8pUMancofIuFZPKHSp/UsWJyieVqeIOlROVd1KZKn7qYq31WBdrrce6WGs91gf/cRV3qEwVk8pPVUwqJxVTxUnFpDKp3FFxovKVijsqTlSmihOVqWJSmVROKr5ScaIyVUwqU8WfVHGiMlV85WKt9VgXa63HulhrPZb9woHKVDGp3FExqUwVJypTxYnKT1XcoXJHxR0qr6iYVL6rYlKZKiaVV1S8QuWk4rtU/qSKE5WpYlKZKr7rYq31WBdrrce6WGs9lv3CgcpU8U4qU8UdKicVJyp/SsWkMlWcqEwVk8pJxbuoTBXvpPKKihOVr1RMKlPFHSonFScqU8WkclLxXRdrrce6WGs91sVa67HsFw5U/qaKSeWOijtUPlVMKlPFpHJHxaQyVUwqU8V/lcpUMalMFZPKVPEnqbxLxStUpooTlTsqvnKx1nqsi7XWY12stR7LfmGt9UgXa63HulhrPdbFWuuxLtZaj3Wx1nqsi7XWY/0Pap2gcyNcNPEAAAAASUVORK5CYII=', 'Pending', 'Active', '2026-05-05 05:20:19', '2026-05-05 05:20:19', 1),
(32, 'BILL-MOS6JN87-ETY', 4, 'Vasanth Sandeep', '9345995944', 135.00, 0.00, 135.00, 0.00, 'Pending', 'Cash', '2026-05-05 05:20:33', 'LAB-MAIN-KIDNEYFUNCTION-QZ21-Z6W4', 'data:image/png;base64,iVBORw0KGgoAAAANSUhEUgAAAQAAAAEACAYAAABccqhmAAAAAklEQVR4AewaftIAABIMSURBVO3BQW4c2ZIAQfcE739lH20IxIZPTFZR/QcZZvYHa61HulhrPdbFWuuxLtZaj3Wx1nqsi7XWY12stR7rYq31WB/8hcq/VDGpnFRMKj9V8QqVqWJSmSomlZOKSWWqOFH5qYoTlaniROVfqphUPlVMKlPFicpJxaTyL1V85WKt9VgXa63HulhrPdYHN1W8k8pJxYnKKyp+SmWqmFROVKaKV6hMFVPFpPKp4hUVr6g4UbmjYlKZKr5S8S9VvJPKd12stR7rYq31WBdrrcf64EUqd1S8QuUVFd+lMlWcqEwVJyonKlPFVDGpTCo/pXJHxR0Vr6iYVO5Q+VQxqfyXVO6o+KmLtdZjXay1HutirfVYH/yPU5kqJpWTikllqvhKxUnFpHKiMlWcVJyo3FExqXxSOamYVCaVOyomlZOKk4qfUpkqJpWTiknl/4uLtdZjXay1HutirfVYH/w/o/KKiu9SuaNiUjlRuaNiqphUTlTepeIOlUnlpOJE5aRiqviKyitUpor/Ly7WWo91sdZ6rIu11mN98KKKf6niROW3VNxRcaLyCpWpYlKZKr5LZVKZKk5UpopJZao4UblDZar4SsVJxaQyVbxTxb9ysdZ6rIu11mNdrLUe64ObVP6XqEwVk8pUMal8qrhDZaqYVKaKk4pJ5TepfKo4qZhUpop3UpkqJpWpYlI5UflUMalMFXeoTBUnKv+Vi7XWY12stR7rYq31WB/8RcX/EpVXqEwV36VyojJVTCpTxX+p4rdUTCpTxUnFpHKiMlVMKl9ROVE5UZkqTir+V1ystR7rYq31WBdrrcf64C9Upoo7VKaKSeWOiknlpGJSmVQ+VUwVr1CZKk5UpopJ5RUq/4rKVDGpTBV3VEwqJxWTyqeKSWWqmFTuUHmnihOVqeIrF2utx7pYaz3WxVrrsewPDlROKk5UTipOVF5RMalMFV9RmSomlZOKE5Wp4g6VqWJSmSomlU8Vk8pUcaLyThWvUJkqvqJyUjGpTBWvUJkqTlROKr7rYq31WBdrrce6WGs91gd/UfGKikllUrmjYlL5r1TcoTJVTCr/UsVXKk5UpopJZaqYVE5UTiruUJkqvlJxh8pUcaIyVZyo3KEyVXzlYq31WBdrrce6WGs9lv3BgcpJxaRyUnGiMlW8QuWnKk5UTipeoTJVTCqvqPikMlVMKicVd6i8U8WJylTxSeWk4hUqU8WJylRxojJVfNfFWuuxLtZaj3Wx1nqsD26qmFSmiknlROUVKlPFHRW/RWWqmFSmiqliUpkq3qXijooTlZOKSWWqOFE5UfmuikllUnlFxTupTBWTylTxlYu11mNdrLUe62Kt9Vgf/EXFpDJVvKJiUvlNFV9RmSomlZOKSWVSmSomlaliqphUTiomla9UnFScqNyhMlVMKlPFVHFS8VMVk8pUcaJyh8orVKaK77pYaz3WxVrrsS7WWo/1wU0Vk8pUMVVMKicVk8pUMVVMKlPFf6ViUjmpmFSmipOKSWWqmFQ+qUwVk8pUcVIxqfwmlaliUpkqPqncoTJV3KHyv+JirfVYF2utx/rgL1SmijtUTiomlROVk4pJ5adUTiomlVeoTBUnFZPKHRWfVO5QuaPiROVEZaqYKk4qJpWvVEwqd1RMKndU3FHxUxdrrce6WGs91sVa67HsD25QmSomlZOKSeWk4p1UpopPKicVk8pUcYfKScWkMlVMKlPFd6ncUTGpTBWTym+q+CmVk4pJ5Y6KO1ROKk5UpoqvXKy1HutirfVYF2utx/rgL1SmikllqjhRmSpOVKaKO1Smiv+KyknFpHKiMlWcqHxXxR0Vd1ScqEwVk8qkMlWcqHylYlKZKl6hMlWcVEwqJxXfdbHWeqyLtdZjXay1Hsv+4EBlqjhRmSpOVO6oOFGZKk5UvlIxqUwVJyonFScqd1TcofKpYlKZKiaVqWJSuaPiFSonFd+lclLxTionFb/lYq31WBdrrce6WGs91gcvUpkq7qiYVKaKd1L5SsVJxYnKScWkclJxojKpTBXfpXKiMlVMKlPFicqJyisqJpWp4pPKVPEKlTsqJpVJ5Y6K77pYaz3WxVrrsS7WWo/1wV9UnFRMKicVk8orVF5R8UnlpGJSmSpeUTGpTBVTxaQyqXxXxSsqTlTeqWJSuUPlU8WkMlVMKlPFHRV3VEwqU8WkMlV85WKt9VgXa63HulhrPdYHN6mcVJyoTBV3qJxU/FTFO6lMFXdUTCqvqJhUfkplqphUpopJ5aRiUplUpoqTiq+oTBWTyonKVPEvqfzUxVrrsS7WWo91sdZ6LPuDG1SmikllqjhROak4UTmpmFSmindR+U0VJyonFe+i8oqKSWWqeIXKVDGpfFfFHSpTxR0q71TxlYu11mNdrLUe62Kt9Vgf/IXKVHGHylQxVZyo3FHxLionFVPFicpUcaJyojJVnKhMFV9RmSqmihOVE5Wp4g6VV1R8ReVEZaq4Q+WdKiaV77pYaz3WxVrrsS7WWo/1wYtUpoo7VKaKqeJEZVK5Q+VTxR0qJxUnKlPFicodKicqX6k4UZkq7qh4RcWkMlWcqHyquKNiUpkq/ksV33Wx1nqsi7XWY12stR7rg7+omFSmikllqjipmFROKk4qJpXfUjGpTConFZPKVHGiMqmcVEwqnyomlVdU3KEyVUwqU8WJynepnKhMFXeo3FFxovIuF2utx7pYaz3WxVrrsewPDlTeqWJSOak4UZkqTlS+q+IOlZOKSeWOijtUvqviROWOijtU7qiYVKaKSeWnKk5UporfpHJHxVcu1lqPdbHWeqyLtdZjfXBTxaQyVUwqJxUnKicVk8odFZ9UJpWTiqliUrmjYlKZVKaKd1GZKu6oOFGZKqaKSeVE5V0q/ksqr6iYVL7rYq31WBdrrce6WGs9lv3BgcpJxaTyX6r4LSpTxaRyUjGp/H9VcaIyVfwmlanip1ROKk5U/qWKn7pYaz3WxVrrsS7WWo9lf3CgMlVMKndU3KEyVZyoTBWTylcq7lCZKk5UXlFxonJS8V0qU8WJyisqJpWp4g6VqeIrKicVk8odFXeonFRMKlPFd12stR7rYq31WBdrrcf64CaVd1KZKk5UTiomlaniKyonFVPFpHJHxaTyL6l8qninikllqrhDZaq4Q2Wq+FQxqfwmlanipGJSeZeLtdZjXay1HuuDv6iYVKaKSeWOijsq7qj4qYpJ5Y6KSeWdVKaKSeWk4qdUpoo7VKaKO1ReofKp4kRlqphU7qi4Q2WqeJeLtdZjXay1HutirfVYH9xUcVIxqUwqr1CZKiaVn6o4qbhD5Y6KSeWkYlI5UXmqiknlX1F5RcWkMlVMKlPFVy7WWo91sdZ6rIu11mN98BcqU8WkMlVMFXeo3KFyUjGpfEXljopJZaqYVF6hckfFpDJVfFK5o+JE5aRiUpkqTlROKn6qYlI5qThRmSomlaliUjlR+amLtdZjXay1HutirfVYH7yZyknFpDJV/KaKr6i8ouIOld+kMlV8V8WkMlWcVEwqk8orKiaVSeWk4pPKVHGi8k4Vd1RMKlPFd12stR7rYq31WBdrrceyPzhQuaPinVROKk5UvqviFSpTxaRyUjGpTBWTyknFpDJVfFI5qXgnlaliUpkqJpWTiknlKxXvpDJVTConFScqd1R85WKt9VgXa63HulhrPZb9wQ0qU8WkMlVMKicVJyonFe+ickfFpDJVTCpTxYnKVHGiMlV8ReWOihOVqWJSmSpOVN6p4pPKScWkMlVMKlPFicpUcYfKScVXLtZaj3Wx1nqsi7XWY9kfHKhMFZPKHRUnKndUTConFZPKu1ScqEwVJyp3VPxXVN6p4kRlqphUpopJ5SsVk8pJxaRyR8WkMlWcqJxUfOVirfVYF2utx7pYaz2W/cGByknFK1ROKiaVV1T8FpWpYlI5qXiFyk9VTCpTxaRyUjGpvKLiv6JyUnGickfFpDJVTCpTxXddrLUe62Kt9VgXa63Hsj84UJkqTlROKu5QOamYVKaKSWWq+KRyR8WkMlVMKndUTCpTxR0qU8W7qEwVJyq/qWJSmSo+qUwVr1CZKu5QmSomlZOK77pYaz3WxVrrsS7WWo/1wV9UTCp3VJyonFT8r1KZKiaVk4pJZVI5UZkq7lD5qYqpYlI5qThRuaPipOIrFScqr1A5qXhFxaQyVXzlYq31WBdrrce6WGs91gcvqphUTlSmihOVqeIOlZ+qOFGZVE4qTiomlaliUplUpoqp4isqJxWvqJhUporfpDJVfEXlnSpOVKaKk4pJ5acu1lqPdbHWeqyLtdZj2R/coPKKiknlpGJS+S0VJypTxYnKScU7qfxUxaQyVUwqr6i4Q2WqmFSmihOV76p4J5WTiknljorvulhrPdbFWuuxLtZaj/XBX6i8omJSmSpOVKaKV6i8i8o7qUwVk8pUMVVMKlPFpPKViknlpGJSmSruUHmFyndVTConKlPFKyruqHiXi7XWY12stR7rYq31WPYHL1CZKiaVOypOVKaKSWWqmFR+qmJSuaPiROU3VXyXyknFK1SmihOVOyomlaniu1ROKl6h8oqKn7pYaz3WxVrrsS7WWo/1wU0qU8UdFXeonKi8S8WJyknFpDKp3FFxojJVnKj8VMWJylQxqdyhMlVMKlPFScW7VEwqJxWTylQxqUwVv+VirfVYF2utx7pYaz2W/cGByh0Vd6hMFScqJxV3qHyl4g6Vk4oTlTsqJpWp4kTluyomlaniRGWqOFGZKk5UTiomla9UTCpTxStU7qiYVO6o+MrFWuuxLtZaj/XBiypeUTGpnFScqJxUTBWfVCaVOypOVKaKk4oTlROV76qYVCaVqeKOin+pYlL5SsUrVE4qpoo7VKaKd7lYaz3WxVrrsS7WWo9lf/AClXeqmFTuqPivqEwVr1C5o2JSOan4pHJS8QqVqeIVKicVJyqfKiaVqWJSmSomlZOKO1ROKn7qYq31WBdrrce6WGs91gd/oXJSMancUXFSMamcqNxR8RWVqeIVKndUvFPFpPJfUTmpOKmYVH5K5b+kMlVMFScqU8V3Xay1HutirfVYF2utx7I/eIHKO1W8k8pU8RWVqeJE5Y6KE5WpYlJ5RcVvUZkq7lC5o2JSmSomle+qmFROKiaVqeJE5aRiUrmj4isXa63HulhrPdbFWuuxPvgLlTsqJpWp4l+qOFH5VDGpTBUnFZPKicorKiaVO1TepWJSmSomlVeo/BaVqeJEZaqYVO6ouKNiUvmui7XWY12stR7rYq31WPYHByqvqDhRmSomlVdUfJfKVHGHyh0Vk8pUcYfKb6m4Q+WOindS+a6KSeWkYlL5TRUnKlPFd12stR7rYq31WBdrrcf64C8qflPFHRV3qEwVk8qnihOVqeKkYlKZVKaKE5Wp4o6K71I5UZkq3kllqjhROamYVL5SMamcVEwqU8UdKicqJypTxVcu1lqPdbHWeqyLtdZjffAXKv9SxYnKK1Smin+l4kRlqpgqJpWpYlI5UflUcaIyVUwqU8Wk8psqfkplqvhNKlPFicodFd91sdZ6rIu11mNdrLUe64ObKt5J5aTiRGWqOFH5LpWpYlI5UflNFa+o+CmVOypOVE5UTipOVL5ScVIxqbyi4jepTBVfuVhrPdbFWuuxLtZaj/XBi1TuqLhDZaq4Q+W7VE5Upop3UplUTiomlROVd6mYVO5QuaNiUrmjYlL5pHJS8QqVd6p4l4u11mNdrLUe62Kt9Vgf/I+ruENlqjhR+SmVk4pJ5aRiUpkqJpWTihOVr1TcUXGiMlWcqJxUTCpTxU9VTCpTxaQyVfyXVKaKr1ystR7rYq31WBdrrceyPzhQmSomlTsqJpWp4p1UfqpiUpkqJpU7Ku5QeUXFpPJdFZPKVDGp3FHxCpU7Kr6i8i9VnKhMFZPKVPFdF2utx7pYaz3WxVrrsT54UcX/EpWp4kTlKypTxR0Vr1CZKiaVk4qTik8qU8WkMlVMKlPFicqk8k4Vk8pXVKaKSeWkYlI5qThRmSomlXe5WGs91sVa67Eu1lqP9cFNKv+SyitUpoqvVJyovEJlqnhFxbtUTCp3VNxRcaIyVUwqd1R8l8pUMamcVNyhMlW8QmWq+MrFWuuxLtZaj3Wx1nos+4O11iNdrLUe62Kt9VgXa63HulhrPdbFWuuxLtZaj/V/pHenb3Wz7QsAAAAASUVORK5CYII=', 'Pending', 'Active', '2026-05-05 05:20:33', '2026-05-05 05:20:33', 1),
(33, 'BILL-MOS96SK8-60V', 6, 'Gaurav Aggarwal', '9311863506', 135.00, 0.00, 135.00, 0.00, 'Pending', 'Cash', '2026-05-05 06:34:32', 'LAB-MAIN-KIDNEYFUNCTION-UURB-WW5R', 'data:image/png;base64,iVBORw0KGgoAAAANSUhEUgAAAQAAAAEACAYAAABccqhmAAAAAklEQVR4AewaftIAABHtSURBVO3BQXIkV7IgQbMQ3P/KNrWBiC8+HhHIRJE94ar2B2utR7pYaz3WxVrrsS7WWo91sdZ6rIu11mNdrLUe62Kt9Vgf/AOVv6liUjmpmFSmip9SOak4UXlFxYnKVHGi8lMVJypTxYnK31QxqXyqmFSmihOVk4pJ5W+q+MrFWuuxLtZaj3Wx1nqsD26qeCeVk4pJZVK5Q+W7Kk5U7qg4UZlUpooTlaliqphUPlW8ouIVFScqd1RMKlPFVyr+pop3Uvmui7XWY12stR7rYq31WB+8SOWOineqmFTeReWkYlI5Ubmj4qRiUplUfkrljoo7Kl5RMancofKpYlL5N6ncUfFTF2utx7pYaz3WxVrrsT74j1N5p4pJ5VPFO1VMKlPFK1TuqJhUPqmcVEwqk8odFZPKScVJxU+pTBWTyknFpPK/4mKt9VgXa63HulhrPdYH/2Mq3qniKypTxUnFpDJVnKicVEwVk8qJyrtU3KEyqZxUnKicVEwVX1F5hcpU8b/iYq31WBdrrce6WGs91gcvqlj/t4oTlVeoTBWTylTxXSqTylRxojJVTCpTxYnKHSpTxVcqTiomlaninSr+lou11mNdrLUe62Kt9Vgf3KTyX6IyVUwqU8Wk8qniDpWpYlKZKk4qJpXfpPKp4qRiUpkq3kllqphUpopJ5UTlU8WkMlXcoTJVnKj8Wy7WWo91sdZ6rIu11mN98A8q/ktUXqEyVXyXyonKVDGpTBX/porfUnFScVIxqZyoTBWTyldUTlROVKaKk4r/iou11mNdrLUe62Kt9Vgf/AOVqeIOlaliUrmjYlI5qZhUJpVPFVPFHSonFa9QeYXK36JyUvGKikllUpkqJpVPFZPKVDGpTBWTym+qOFGZKr5ysdZ6rIu11mNdrLUe64ObVKaKO1SmihOVSeUOlZOKr6hMFZPKVHGHylQxVZyo3FExqXyqmFROKiaVO1ROKqaKd6r4pPIKlaniDpWp4kTlpOK7LtZaj3Wx1nqsi7XWY33wDyomlTsqTlReUfEKlU8Vd1RMKlPFpPIKlXeq+ErFicpUMamcVEwqk8pJxR0qU8VXKu6omFSmikllqjhRuUNlqvjKxVrrsS7WWo91sdZ6LPuDG1SmikllqrhDZaqYVKaKV6h8V8WkclJxh8pUcaLyiopPKlPFpHJScYfKVDGpTBWTylRxojJVfFI5qbhD5aTiRGWqOFGZKr7rYq31WBdrrce6WGs91ge/TOWdKu5Q+a6KE5WpYlKZVE4qpooTlaniXSruqDhROak4qXiFyndVTCqTyisq3kllqphUpoqvXKy1HutirfVYF2utx7I/+EUqU8WJylQxqZxUTConFZ9UpopJ5aRiUpkqJpWTihOVk4pJ5SsVr1B5p4r/CpWp4kRlqjhROamYVE4qvutirfVYF2utx7pYaz3WB/9A5Y6KE5WTikllqjhRmSr+LRWTylRxojJVnFRMKlPFpPJJZaqYVKaKk4pJ5TepTBWTylTxSeUOlaniDpX/iou11mNdrLUey/7gjVTuqJhUpopJ5aRiUvktFZPKHRWTylRxh8pJxVdUpopJ5Y6KO1TuqHiFylcqJpWTihOVOypOVKaKn7pYaz3WxVrrsS7WWo/1wT9QOam4o2JSmSpOKt6p4isqU8WkMlXcoTJVTConFScVP6VyUjGpnKi8k8pUcUfFJ5VJZaqYVCaVV1RMKicVJypTxVcu1lqPdbHWeqyLtdZjffAilaniRGWqOFGZKl5R8V0Vr1B5RcWkMqlMFScq31VxR8UdFScqU8WkMqlMFScqX6mYVKaKV6jcUTGpnFR818Va67Eu1lqPdbHWeiz7gwOVqeJEZao4UbmjYlJ5RcUnlZOKSeUVFZPKKyruUPlUMalMFZPKVDGp3FHxCpWTiu9SOal4hcodFb/lYq31WBdrrce6WGs91gcvUpkqJpWTikllqphU7qiYVL5ScUfFpPKKikllqphUJpWp4rtUTlSmikllqjhROVF5RcWkMlV8UpkqJpVJZaqYVO6oOFG5o+K7LtZaj3Wx1nqsi7XWY9kfvJHKO1WcqNxRMal8V8Wk8oqKSWWquEPlpyp+k8pJxaRyUjGpTBWTylcqJpWpYlKZKiaVk4pXqEwVk8pU8ZWLtdZjXay1HutirfVY9gc3qEwVd6hMFXeoTBV3qHxXxaQyVbxCZaqYVN6pYlL5VHGHylQxqUwVk8pUcaJyUvFTKlPFpHJHxR0qU8WJyh0VX7lYaz3WxVrrsS7WWo9lf3CgclIxqZxUTConFZPKScWkMlVMKp8qJpWpYlKZKiaVd6o4UTmpeBeVV1RMKlPFK1SmiknluyruUJkq7lB5p4qvXKy1HutirfVYF2utx/rgH1RMKu9UMam8QmWqmFTepeKdKiaVE5Wp4kRlqviKylQxVZyonKhMFXeovKLiKyonKlPFHSrvVDGpfNfFWuuxLtZaj3Wx1nqsD/6ByisqTlROVKaKE5VJ5aTiu1SmikllqphUpoo7VO5QOVH5SsWJylRxR8UrKiaVqeJE5VPFHRWTylTxb6r4rou11mNdrLUe62Kt9Vj2By9QmSpeoTJVnKhMFZPKVPFdKu9UcaIyVZyo3FExqXyqmFTuqHiFylQxqUwVk8rfUjGpTBWTyh0VJypTxU9drLUe62Kt9VgXa63H+uAfqJxUnKhMFZPKVPFOFZPKd1XcoXKHyonKVDFVnKhMKt9VMamcqEwVr1B5RcWk8lMVr6j4TSonFV+5WGs91sVa67Eu1lqP9cFNFScqU8WkMlXcoTJVTCp3VHxSmVROKqaKSeWOikllUpkq3kVlqrij4kTlpGJSOVF5l4p/k8orKiaV77pYaz3WxVrrsS7WWo9lf3CgclIxqfyXVXxF5Y6KV6j8r6o4Ubmj4hUqU8VPqZxUnKj8TRU/dbHWeqyLtdZjXay1HuuDmyomlTsq7lCZKk5UpopJ5SsVk8pUMamcVEwqr6g4UTmp+C6VqeJE5aTiDpWp4reonFRMKndU3KFyUjGpTBXfdbHWeqyLtdZjXay1HuuDm1TeSWWquEPlROVdVE4q7qiYVP4mlU8V71QxqZxUnKhMFVPFpHJS8aliUvlNKlPFScWk8i4Xa63HulhrPdYH/6BiUpkqJpU7Kl5RMamcVHxF5X+JylQxqZxU/JTKVPE3qbxC5VPFicpUcaJyUnGHylTxLhdrrce6WGs91sVa67E++AcqU8WkMlVMKpPKK1R+S8U7qUwVJxWTyknFpHKi8r+i4g6Vk4pJ5V1UTlReUTGpTBWTylTxlYu11mNdrLUe62Kt9Vgf3KQyVUwqJxV3qLyi4kTlt1ScqEwVJyp3VEwqU8UnlTsqTlROKn5TxU9VTConFZPKScWkMlVMKicqP3Wx1nqsi7XWY12stR7rg79M5RUV71TxSeWOijtUTlTeSWWq+K6KSWWqOKmYVCaVOyruUDmp+KQyVZyoTBWvqLijYlKZKr7rYq31WBdrrce6WGs9lv3BDSqvqDhRuaPiROW7Kl6hMlVMKicVk8pUMamcVEwqU8UnlZOKd1KZKiaVqWJSOamYVL5S8U4qU8WkclJxonJHxVcu1lqPdbHWeqyLtdZjffAPVKaKE5WpYlI5qThRmVSmipOKr6j8popJ5aRiUpkqTlSmip9SmSpOVKaKOyomlTtUTio+qZxUTCpTxR0Vk8odFZPKT12stR7rYq31WBdrrcf64B9UTCrvVDGp3FHxCpW/RWWqOFE5UZkqporvqniFyonKicpUMVVMKlPFpDJVTCpfqZhUXqFyUjGpTBW/5WKt9VgXa63HulhrPZb9wYHKScWJylQxqZxUnKicVEwqU8V3qUwVk8pUcaIyVbxC5acqJpWpYlI5qZhUXlHxb1E5qThRuaNiUpkqJpWp4rsu1lqPdbHWeqyLtdZj2R8cqEwVJyonFXeoTBWTyh0Vk8p3VdyhMlWcqEwVk8pUcYfKVPEuKlPFicpvqphUpopPKlPFK1SmijtUpopJ5aTiuy7WWo91sdZ6rIu11mPZH9ygclJxh8pUMancUTGpTBW/RWWqOFF5p4oTlXepOFE5qThRuaPit6i8omJSmSomlaliUpkqJpWp4isXa63HulhrPdbFWuuxPnhRxR0qU8WkclJxR8Wk8pWKSeWkYqq4o+JEZaqYVCaVqWKq+IrKScUrKiaVqeI3qUwVX1H5TRWTylRxUjGp/NTFWuuxLtZaj3Wx1nos+4MbVKaKE5WpYlKZKiaVk4pJ5aRiUvlKxaQyVZyonFS8k8pPVUwqU8Wk8oqKO1SmikllqjhR+a6KV6jcUTGp3FHxXRdrrce6WGs91sVa67E+uKniRGWqmFSmipOKSeWOinepmFROKiaVSeWkYlKZKqaKSWWqmFS+UjGpnFRMKlPFHSqvUPmuiknlRGWqOKmYVKaKOyre5WKt9VgXa63HulhrPZb9wQtUpoo7VKaKE5WpYlKZKiaVqeKTyt9UMan8porvUjmpeIXKVHGickfFpDJVfJfKScUrVF5R8VMXa63HulhrPdbFWuuxPvhlKlPFVHGi8ptUPlW8k8pUcUfFicpUcaLyUxUnKlPFpHKHylQxqUwVJxXvUjGpnFRMKlPFpDJV/JaLtdZjXay1HutirfVYH/wDlXdSOamYKiaVSWWqOKmYVD6pTBV3qLyTyknFpDJVTBWTyk+pTBV3VLyiYlI5qZhUvlJxR8UrVO5QuaPiKxdrrce6WGs91ge/rGJSmSomlZOKE5WTiqnik8qkckfFicpUcVJxonKi8l0Vk8qkMlXcUTGpTBXvVDGpfKXiFSonFVPFHSpTxbtcrLUe62Kt9VgXa63Hsj94gco7VZyonFRMKlPF/wqVOyomlZOKTyonFa9QmSreSWWqOFH5VDGpTBWTylQxqZxU3KFyUvFTF2utx7pYaz3WxVrrsT74ByonFZPKHRXvpDJVTCpTxbuoTBWTyh0V71QxqfxbVE4qJpXfovJvUpkqpooTlaniuy7WWo91sdZ6rIu11mPZH7xA5W+qmFTuqJhUvlLxm1ROKiaVV1T8FpWp4g6Vd6qYVL6rYlI5qZhUpooTlZOKSeWOiq9crLUe62Kt9VgXa63H+uAfqNxRMalMFXeonFRMKicqX6mYVKaKE5Wp4jdVTCp3qLxLxaQyVUwq/1UqU8UrVO6ouKNiUvmui7XWY12stR7rYq31WPYHByqvqDhROamYVKaKSWWq+C6VqWJSmSomlZOKE5Wp4g6V31Jxh8odFZPKVDGpTBWTyndVTConFZPKb6o4UZkqvutirfVYF2utx7pYaz3WB/+g4jdVnKhMFZPKVDGpTBVfqXinikllqpgqTlSmijsqvkvlRGWq+JsqJpWTiknlKxWTyknFpDJV3KFyonKiMlV85WKt9VgXa63HulhrPdYH/0Dlb6o4UTlROVGZKv6WihOVqWKqmFSmiknlROVTxYnKVDGpTBWTyh0Vd1T8lMpU8ZtUpooTlTsqvutirfVYF2utx7pYaz3WBzdVvJPKScWJylRxovJdKlPFpHKi8psqXlHxUyp3VJyovKLiROUrFScVk8orKt6pYlKZKr5ysdZ6rIu11mNdrLUe64MXqdxRcYfKVPFbVKaKSWWqOFGZKk5UJpWTiknlROVdKiaVO1TuqJhU7qiYVD6pnFS8QuWdKk4qvutirfVYF2utx7pYaz3WB/9xFXeoTBVTxaTyUyonFZPKScWkMlVMKicVJypfqbij4kRlqjhROamYVKaKn6qYVKaKSWWq+DepTBVfuVhrPdbFWuuxLtZaj/XB/2cqfkvFicqkMlVMKicVk8odKlPFd6lMFZPKVDGpnKhMFVPFK1ROKr6icqJyonJHxYnKVDGpTBXfdbHWeqyLtdZjXay1HuuDF1X8TSonKlPF31JxonKHylQxqZxUnFR8UpkqJpWpYlKZKk5UJpV3qphUvqIyVUwqJxWTyknFicpUMam8y8Va67Eu1lqPdbHWeqwPblL5m1TuqLij4rtUTiomlaninSrepWJSuaPijooTlaliUrmj4rtUpopJ5aTiDpWp4hUqU8VXLtZaj3Wx1nqsi7XWY9kfrLUe6WKt9VgXa63HulhrPdbFWuuxLtZaj3Wx1nqs/wdB4Y1uGdAFswAAAABJRU5ErkJggg==', 'Pending', 'Active', '2026-05-05 06:34:32', '2026-05-05 06:34:32', 1),
(34, 'AI-20260505-0019', 6, NULL, NULL, 120.00, 0.00, 120.00, 0.00, 'Paid', 'Cash', '2026-05-05 07:38:30', NULL, NULL, 'Mobile AI Scan - ID: HSP-930514-8240', 'Active', '2026-05-05 07:38:30', '2026-05-05 07:38:30', 1);

-- --------------------------------------------------------

--
-- Table structure for table `bill_items`
--

CREATE TABLE `bill_items` (
  `id` int NOT NULL,
  `bill_id` int NOT NULL,
  `service_type` enum('Appointment','Laboratory','Pharmacy','Other') NOT NULL,
  `service_id` int DEFAULT NULL,
  `service_name` varchar(200) NOT NULL,
  `service_code` varchar(50) DEFAULT NULL,
  `lab_id` int DEFAULT NULL,
  `lab_barcode` varchar(100) DEFAULT NULL,
  `sample_id` varchar(50) DEFAULT NULL,
  `quantity` int DEFAULT '1',
  `unit_price` decimal(10,2) NOT NULL,
  `total_price` decimal(10,2) NOT NULL,
  `status` enum('Pending','Collected','In Progress','Test Done','Completed','Active','Inactive') DEFAULT 'Pending',
  `created_at` timestamp NOT NULL DEFAULT CURRENT_TIMESTAMP,
  `updated_at` timestamp NULL DEFAULT CURRENT_TIMESTAMP ON UPDATE CURRENT_TIMESTAMP
) ENGINE=InnoDB DEFAULT CHARSET=utf8mb4 COLLATE=utf8mb4_0900_ai_ci;

--
-- Dumping data for table `bill_items`
--

INSERT INTO `bill_items` (`id`, `bill_id`, `service_type`, `service_id`, `service_name`, `service_code`, `lab_id`, `lab_barcode`, `sample_id`, `quantity`, `unit_price`, `total_price`, `status`, `created_at`, `updated_at`) VALUES
(1, 1, 'Other', NULL, 'Registration Fee', NULL, NULL, NULL, NULL, 1, 15.00, 15.00, 'Pending', '2026-05-03 15:51:22', '2026-05-03 15:51:22'),
(2, 1, 'Laboratory', 2, 'Complete Blood Cholestrol', NULL, 8, 'LAB-MAIN-COMPLETEBLOODCH-BUGK-LQ06', 'LAB-20260503-0001', 1, 1200.00, 1200.00, 'Completed', '2026-05-03 15:51:22', '2026-05-03 15:53:23'),
(3, 2, 'Other', NULL, 'Registration Fee', NULL, NULL, NULL, NULL, 1, 15.00, 15.00, 'Pending', '2026-05-03 15:55:11', '2026-05-03 15:55:11'),
(4, 2, 'Laboratory', 2, 'Complete Blood Cholestrol', NULL, 8, 'LAB-MAIN-COMPLETEBLOODCH-3N6F-O934', 'LAB-20260503-0002', 1, 1200.00, 1200.00, 'Completed', '2026-05-03 15:55:11', '2026-05-03 15:57:40'),
(5, 3, 'Other', NULL, 'Registration Fee', NULL, NULL, NULL, NULL, 1, 15.00, 15.00, 'Pending', '2026-05-03 16:03:08', '2026-05-03 16:03:08'),
(6, 3, 'Laboratory', 1, 'Kidney Function', NULL, 8, 'LAB-MAIN-KIDNEYFUNCTION-TZJY-3PNZ', 'LAB-20260503-0003', 1, 120.00, 120.00, 'Test Done', '2026-05-03 16:03:08', '2026-05-03 16:04:34'),
(7, 4, 'Other', NULL, 'Registration Fee', NULL, NULL, NULL, NULL, 1, 15.00, 15.00, 'Pending', '2026-05-04 02:24:46', '2026-05-04 02:24:46'),
(8, 4, 'Laboratory', 1, 'Kidney Function', NULL, 8, 'LAB-MAIN-KIDNEYFUNCTION-HPIL-44X6', 'LAB-20260504-0001', 1, 120.00, 120.00, 'Completed', '2026-05-04 02:24:46', '2026-05-04 06:16:09'),
(9, 5, 'Other', NULL, 'Registration Fee', NULL, NULL, NULL, NULL, 1, 15.00, 15.00, 'Pending', '2026-05-04 02:30:30', '2026-05-04 02:30:30'),
(10, 5, 'Laboratory', 2, 'Complete Blood Cholestrol', NULL, 8, 'LAB-MAIN-COMPLETEBLOODCH-QVUF-GQPC', 'LAB-20260504-0002', 1, 1200.00, 1200.00, 'Completed', '2026-05-04 02:30:30', '2026-05-04 06:16:30'),
(11, 6, 'Other', NULL, 'Registration Fee', NULL, NULL, NULL, NULL, 1, 15.00, 15.00, 'Pending', '2026-05-04 11:15:57', '2026-05-04 11:15:57'),
(12, 6, 'Laboratory', 2, 'Complete Blood Cholestrol', NULL, 8, 'LAB-MAIN-COMPLETEBLOODCH-QW3U-TJUK', 'LAB-20260504-0003', 1, 1200.00, 1200.00, 'Test Done', '2026-05-04 11:15:57', '2026-05-04 19:00:46'),
(13, 7, 'Other', NULL, 'Registration Fee', NULL, NULL, NULL, NULL, 1, 15.00, 15.00, 'Pending', '2026-05-04 16:05:13', '2026-05-04 16:05:13'),
(14, 7, 'Appointment', NULL, 'Consultation — Dr. sam issac (Emergency)', NULL, NULL, NULL, NULL, 1, 200.00, 200.00, 'Pending', '2026-05-04 16:05:13', '2026-05-04 16:05:13'),
(15, 8, 'Other', NULL, 'Registration Fee', NULL, NULL, NULL, NULL, 1, 15.00, 15.00, 'Pending', '2026-05-04 16:19:36', '2026-05-04 16:19:36'),
(16, 8, 'Appointment', NULL, 'Consultation — Dr. sam issac (Emergency)', NULL, NULL, NULL, NULL, 1, 200.00, 200.00, 'Pending', '2026-05-04 16:19:36', '2026-05-04 16:19:36'),
(17, 9, 'Other', NULL, 'Registration Fee', NULL, NULL, NULL, NULL, 1, 15.00, 15.00, 'Pending', '2026-05-04 16:30:45', '2026-05-04 16:30:45'),
(18, 9, 'Appointment', 10, 'Consultation — Dr. sam issac (Emergency)', NULL, NULL, NULL, NULL, 1, 200.00, 200.00, 'Pending', '2026-05-04 16:30:45', '2026-05-04 16:30:45'),
(19, 10, 'Other', NULL, 'Registration Fee', NULL, NULL, NULL, NULL, 1, 15.00, 15.00, 'Pending', '2026-05-04 16:59:38', '2026-05-04 16:59:38'),
(20, 10, 'Appointment', 10, 'Consultation — Dr. sam issac (Emergency)', NULL, NULL, NULL, NULL, 1, 200.00, 200.00, 'Pending', '2026-05-04 16:59:38', '2026-05-04 16:59:38'),
(21, 11, 'Other', NULL, 'Registration Fee', NULL, NULL, NULL, NULL, 1, 15.00, 15.00, 'Pending', '2026-05-04 17:02:17', '2026-05-04 17:02:17'),
(22, 11, 'Appointment', 10, 'Consultation — Dr. sam issac (Emergency)', NULL, NULL, NULL, NULL, 1, 200.00, 200.00, 'Pending', '2026-05-04 17:02:17', '2026-05-04 17:02:17'),
(23, 12, 'Appointment', NULL, 'Consultation Fee', NULL, NULL, NULL, NULL, 1, 35.00, 35.00, 'Pending', '2026-05-04 17:30:25', '2026-05-04 17:30:25'),
(24, 12, 'Other', NULL, 'Registration Fee', NULL, NULL, NULL, NULL, 1, 15.00, 15.00, 'Pending', '2026-05-04 17:30:25', '2026-05-04 17:30:25'),
(25, 12, 'Laboratory', 2, 'Complete Blood Cholestrol', NULL, NULL, 'LAB-UNKNOWN-COMPLETEBLOODCH-447L-UAXI', 'LAB-20260504-0004', 1, 1200.00, 1200.00, 'Test Done', '2026-05-04 17:30:25', '2026-05-04 19:14:12'),
(26, 13, 'Appointment', NULL, 'Consultation Fee', NULL, NULL, NULL, NULL, 1, 35.00, 35.00, 'Pending', '2026-05-04 17:32:07', '2026-05-04 17:32:07'),
(27, 13, 'Other', NULL, 'Registration Fee', NULL, NULL, NULL, NULL, 1, 15.00, 15.00, 'Pending', '2026-05-04 17:32:07', '2026-05-04 17:32:07'),
(28, 13, 'Laboratory', 2, 'Complete Blood Cholestrol', NULL, NULL, 'LAB-UNKNOWN-COMPLETEBLOODCH-6G7J-WEM8', 'LAB-20260504-0005', 1, 1200.00, 1200.00, 'Completed', '2026-05-04 17:32:07', '2026-05-05 03:10:43'),
(29, 14, 'Other', NULL, 'Registration Fee', NULL, NULL, NULL, NULL, 1, 15.00, 15.00, 'Pending', '2026-05-04 17:34:03', '2026-05-04 17:34:03'),
(30, 14, 'Appointment', 10, 'Consultation — Dr. sam issac (Emergency)', NULL, NULL, NULL, NULL, 1, 200.00, 200.00, 'Pending', '2026-05-04 17:34:03', '2026-05-04 17:34:03'),
(31, 15, 'Appointment', NULL, 'Consultation Fee', NULL, NULL, NULL, NULL, 1, 35.00, 35.00, 'Pending', '2026-05-04 17:34:31', '2026-05-04 17:34:31'),
(32, 15, 'Other', NULL, 'Registration Fee', NULL, NULL, NULL, NULL, 1, 15.00, 15.00, 'Pending', '2026-05-04 17:34:31', '2026-05-04 17:34:31'),
(34, 16, 'Other', NULL, 'Registration Fee', NULL, NULL, NULL, NULL, 1, 15.00, 15.00, 'Pending', '2026-05-04 18:34:27', '2026-05-04 18:34:27'),
(35, 16, 'Laboratory', 1, 'Kidney Function', NULL, 8, 'LAB-MAIN-KIDNEYFUNCTION-8LF2-VLVB', 'LAB-20260504-0001', 1, 120.00, 120.00, 'Collected', '2026-05-04 18:34:27', '2026-05-04 18:35:26'),
(36, 17, 'Other', NULL, 'Registration Fee', NULL, NULL, NULL, NULL, 1, 15.00, 15.00, 'Pending', '2026-05-04 18:39:07', '2026-05-04 18:39:07'),
(37, 17, 'Laboratory', 1, 'Kidney Function', NULL, 8, 'LAB-MAIN-KIDNEYFUNCTION-M1WP-T80M', 'LAB-20260504-0002', 1, 120.00, 120.00, 'Collected', '2026-05-04 18:39:07', '2026-05-04 18:40:54'),
(38, 18, 'Other', NULL, 'Registration Fee', NULL, NULL, NULL, NULL, 1, 15.00, 15.00, 'Pending', '2026-05-04 18:39:17', '2026-05-04 18:39:17'),
(39, 18, 'Laboratory', 1, 'Kidney Function', NULL, 8, 'LAB-MAIN-KIDNEYFUNCTION-P5P7-S3FQ', 'LAB-20260504-0003', 1, 120.00, 120.00, 'Test Done', '2026-05-04 18:39:17', '2026-05-04 19:00:46'),
(40, 20, 'Other', NULL, 'Registration Fee', NULL, NULL, NULL, NULL, 1, 15.00, 15.00, 'Pending', '2026-05-04 19:01:51', '2026-05-04 19:01:51'),
(41, 20, 'Laboratory', 1, 'Kidney Function', NULL, 8, 'LAB-MAIN-KIDNEYFUNCTION-1W2D-4S4P', 'LAB-20260504-0004', 1, 120.00, 120.00, 'Test Done', '2026-05-04 19:01:51', '2026-05-04 19:14:12'),
(42, 21, 'Other', NULL, 'Registration Fee', NULL, NULL, NULL, NULL, 1, 15.00, 15.00, 'Pending', '2026-05-04 19:02:04', '2026-05-04 19:02:04'),
(43, 21, 'Laboratory', 1, 'Kidney Function', NULL, 8, 'LAB-MAIN-KIDNEYFUNCTION-LACR-HCZ8', 'LAB-20260504-0005', 1, 120.00, 120.00, 'Completed', '2026-05-04 19:02:04', '2026-05-05 03:10:43'),
(44, 22, 'Laboratory', 1, 'Kidney Function (KF)', NULL, NULL, NULL, 'LAB-20260504-0007', 1, 120.00, 120.00, 'Completed', '2026-05-04 20:04:11', '2026-05-05 09:24:30'),
(45, 23, 'Laboratory', 2, 'Complete Blood Cholestrol', NULL, NULL, NULL, 'LAB-20260504-0006', 1, 1200.00, 1200.00, 'In Progress', '2026-05-04 20:11:21', '2026-05-05 09:24:05'),
(46, 24, 'Laboratory', 2, 'Complete Blood Cholestrol', NULL, NULL, NULL, 'LAB-20260505-0002', 1, 1200.00, 1200.00, 'Collected', '2026-05-04 20:13:52', '2026-05-05 05:04:11'),
(47, 25, 'Laboratory', 1, 'Kidney Function', NULL, NULL, NULL, 'LAB-20260504-0008', 1, 120.00, 120.00, 'Completed', '2026-05-04 20:23:10', '2026-05-05 06:38:32'),
(48, 26, 'Laboratory', 1, 'Kidney Function', NULL, NULL, NULL, 'LAB-20260505-0003', 1, 120.00, 120.00, 'Collected', '2026-05-04 20:54:43', '2026-05-05 05:06:23'),
(49, 27, 'Laboratory', 1, 'Kidney Function', NULL, NULL, NULL, 'LAB-20260505-0004', 1, 120.00, 120.00, 'Collected', '2026-05-05 03:07:51', '2026-05-05 05:06:59'),
(50, 28, 'Laboratory', 1, 'Kidney Function', NULL, NULL, NULL, 'LAB-20260505-0001', 1, 120.00, 120.00, 'Collected', '2026-05-05 04:07:14', '2026-05-05 04:07:21'),
(51, 29, 'Other', NULL, 'Registration Fee', NULL, NULL, NULL, NULL, 1, 15.00, 15.00, 'Pending', '2026-05-05 05:14:34', '2026-05-05 05:14:34'),
(52, 29, 'Laboratory', 1, 'Kidney Function', NULL, 8, 'LAB-MAIN-KIDNEYFUNCTION-VG5T-NZ0A', 'LAB-20260505-0005', 1, 120.00, 120.00, 'In Progress', '2026-05-05 05:14:34', '2026-05-05 06:20:53'),
(53, 30, 'Other', NULL, 'Registration Fee', NULL, NULL, NULL, NULL, 1, 15.00, 15.00, 'Pending', '2026-05-05 05:20:00', '2026-05-05 05:20:00'),
(54, 30, 'Laboratory', 1, 'Kidney Function', NULL, 8, 'LAB-MAIN-KIDNEYFUNCTION-ACGK-6SC0', 'LAB-20260505-0006', 1, 120.00, 120.00, 'Collected', '2026-05-05 05:20:00', '2026-05-05 05:22:14'),
(55, 31, 'Other', NULL, 'Registration Fee', NULL, NULL, NULL, NULL, 1, 15.00, 15.00, 'Pending', '2026-05-05 05:20:19', '2026-05-05 05:20:19'),
(56, 31, 'Laboratory', 2, 'Complete Blood Cholestrol', NULL, 8, 'LAB-MAIN-COMPLETEBLOODCH-Y5DL-SOBU', 'LAB-20260505-0008', 1, 1200.00, 1200.00, 'Collected', '2026-05-05 05:20:19', '2026-05-05 09:23:47'),
(57, 32, 'Other', NULL, 'Registration Fee', NULL, NULL, NULL, NULL, 1, 15.00, 15.00, 'Pending', '2026-05-05 05:20:33', '2026-05-05 05:20:33'),
(58, 32, 'Laboratory', 1, 'Kidney Function', NULL, 8, 'LAB-MAIN-KIDNEYFUNCTION-QZ21-Z6W4', NULL, 1, 120.00, 120.00, 'Pending', '2026-05-05 05:20:33', '2026-05-05 05:20:33'),
(59, 33, 'Other', NULL, 'Registration Fee', NULL, NULL, NULL, NULL, 1, 15.00, 15.00, 'Pending', '2026-05-05 06:34:32', '2026-05-05 06:34:32'),
(60, 33, 'Laboratory', 1, 'Kidney Function', NULL, 8, 'LAB-MAIN-KIDNEYFUNCTION-UURB-WW5R', NULL, 1, 120.00, 120.00, 'Pending', '2026-05-05 06:34:32', '2026-05-05 06:34:32'),
(61, 34, 'Laboratory', 1, 'Kidney Function', NULL, NULL, NULL, 'LAB-20260505-0007', 1, 120.00, 120.00, 'Completed', '2026-05-05 07:38:30', '2026-05-05 07:41:51');

-- --------------------------------------------------------

--
-- Table structure for table `branches`
--

CREATE TABLE `branches` (
  `id` int NOT NULL,
  `district_id` int NOT NULL,
  `branch_name` varchar(255) NOT NULL,
  `category` varchar(100) DEFAULT 'General Lab',
  `branch_level` varchar(50) DEFAULT 'Center',
  `parent_branch_id` int DEFAULT NULL,
  `hospital_code` varchar(50) NOT NULL,
  `address` text,
  `contact_number` varchar(50) DEFAULT NULL,
  `status` enum('Active','Inactive') DEFAULT 'Active',
  `created_at` timestamp NULL DEFAULT CURRENT_TIMESTAMP
) ENGINE=InnoDB DEFAULT CHARSET=utf8mb4 COLLATE=utf8mb4_0900_ai_ci;

--
-- Dumping data for table `branches`
--

INSERT INTO `branches` (`id`, `district_id`, `branch_name`, `category`, `branch_level`, `parent_branch_id`, `hospital_code`, `address`, `contact_number`, `status`, `created_at`) VALUES
(1, 1, 'Ranchi Central Hub', 'General Hospital', 'Center', NULL, 'RANC-CH', 'Kanta Toli Chowk, Purulia Rd, 10b, Purulia Rd, Kantatoli, Chowk, Ranchi, Jharkhand 834001', NULL, 'Active', '2026-04-29 07:14:28'),
(3, 35, 'Chatra Lab', 'Govt Diagnostic Lab', 'Center', 1, 'CL', 'skjd\n', '1212312', 'Active', '2026-04-29 07:16:38'),
(5, 1, 'Sub center', 'Primary Health Center', 'Center', 1, 'SUB', '12', '12', 'Active', '2026-04-29 07:19:16'),
(6, 1, 'single', 'Primary Health Center', 'Center', 5, 'SINGLE', '23', '23', 'Active', '2026-04-29 07:19:43'),
(7, 44, 'sample 3', 'Community Health Center', 'Center', 1, 'ASQ', 'q', 'q', 'Active', '2026-04-29 07:20:24');

-- --------------------------------------------------------

--
-- Table structure for table `consultations`
--

CREATE TABLE `consultations` (
  `id` int NOT NULL,
  `appointment_id` int NOT NULL,
  `patient_reg_no` varchar(50) NOT NULL,
  `doctor_id` int NOT NULL,
  `vitals_json` text,
  `symptoms` text,
  `diagnosis` text,
  `prescription_json` text,
  `lab_requests_json` text,
  `doctor_notes` text,
  `consultation_date` timestamp NULL DEFAULT CURRENT_TIMESTAMP
) ENGINE=InnoDB DEFAULT CHARSET=utf8mb4 COLLATE=utf8mb4_0900_ai_ci;

--
-- Dumping data for table `consultations`
--

INSERT INTO `consultations` (`id`, `appointment_id`, `patient_reg_no`, `doctor_id`, `vitals_json`, `symptoms`, `diagnosis`, `prescription_json`, `lab_requests_json`, `doctor_notes`, `consultation_date`) VALUES
(1, 12, 'REG-38126', 10, '{\"bp\":\"\",\"pulse\":\"\",\"temp\":\"\",\"weight\":\"\",\"spo2\":\"\"}', '', 'fever', '[{\"medicine\":\"\",\"dosage\":\"\",\"frequency\":\"\",\"duration\":\"\"}]', '[2]', '', '2026-05-04 16:44:06'),
(2, 12, 'REG-38126', 10, '{\"bp\":\"\",\"pulse\":\"\",\"temp\":\"\",\"weight\":\"\",\"spo2\":\"\"}', '', '', '[{\"medicine\":\"\",\"dosage\":\"\",\"frequency\":\"\",\"duration\":\"\"}]', '[]', '', '2026-05-04 16:44:16'),
(3, 13, 'REG-33125', 10, '{\"bp\":\"\",\"pulse\":\"\",\"temp\":\"\",\"weight\":\"\",\"spo2\":\"\"}', '', '', '[{\"medicine\":\"\",\"dosage\":\"\",\"frequency\":\"\",\"duration\":\"\"}]', '[2]', '', '2026-05-04 16:59:58'),
(4, 14, 'REG-20190', 10, '{\"bp\":\"\",\"pulse\":\"\",\"temp\":\"\",\"weight\":\"\",\"spo2\":\"\"}', '', '', '[{\"medicine\":\"\",\"dosage\":\"\",\"frequency\":\"\",\"duration\":\"\"}]', '[2]', '', '2026-05-04 17:02:32'),
(5, 17, 'REG-59523', 10, '{\"bp\":\"\",\"pulse\":\"\",\"temp\":\"\",\"weight\":\"\",\"spo2\":\"\"}', '', '', '[{\"medicine\":\"\",\"dosage\":\"\",\"frequency\":\"\",\"duration\":\"\"}]', '[1]', '', '2026-05-04 17:34:14');

-- --------------------------------------------------------

--
-- Table structure for table `departments`
--

CREATE TABLE `departments` (
  `id` int NOT NULL,
  `name` varchar(100) NOT NULL,
  `code` varchar(20) DEFAULT NULL,
  `description` text,
  `is_active` tinyint(1) DEFAULT '1',
  `created_at` timestamp NOT NULL DEFAULT CURRENT_TIMESTAMP
) ENGINE=InnoDB DEFAULT CHARSET=utf8mb4 COLLATE=utf8mb4_0900_ai_ci;

--
-- Dumping data for table `departments`
--

INSERT INTO `departments` (`id`, `name`, `code`, `description`, `is_active`, `created_at`) VALUES
(1, 'General Medicine', 'GM', 'General medical services and primary care', 1, '2026-04-09 23:07:38'),
(2, 'Cardiology', 'CARD', 'Heart and cardiovascular system', 1, '2026-04-09 23:07:38'),
(3, 'Orthopedics', 'ORTHO', 'Bones, joints, and musculoskeletal system', 1, '2026-04-09 23:07:38'),
(4, 'Pediatrics', 'PEDS', 'Medical care for infants, children, and adolescents', 1, '2026-04-09 23:07:38'),
(5, 'Gynecology', 'GYN', 'Female reproductive health', 1, '2026-04-09 23:07:38'),
(6, 'Dermatology', 'DERM', 'Skin, hair, and nail conditions', 1, '2026-04-09 23:07:38'),
(7, 'Neurology', 'NEURO', 'Brain and nervous system', 1, '2026-04-09 23:07:38'),
(8, 'Radiology', 'RAD', 'Medical imaging and diagnostics', 1, '2026-04-09 23:07:38'),
(9, 'Laboratory', 'LAB', 'Clinical laboratory services', 1, '2026-04-09 23:07:38'),
(10, 'Dental', 'DENT', 'Oral health and dental care', 1, '2026-04-09 23:07:38'),
(11, 'Ophthalmology', 'OPTH', 'Eye care and vision', 1, '2026-04-09 23:07:38'),
(12, 'ENT', 'ENT', 'Ear, nose, and throat', 1, '2026-04-09 23:07:38'),
(13, 'Urology', 'URO', 'Urinary system and male reproductive organs', 1, '2026-04-09 23:07:38'),
(14, 'Oncology', 'ONCO', 'Cancer treatment and care', 1, '2026-04-09 23:07:38'),
(15, 'Psychiatry', 'PSYCH', 'Mental health and behavioral disorders', 1, '2026-04-09 23:07:38'),
(16, 'Emergency', 'ER', 'Emergency medical services', 1, '2026-04-09 23:07:38'),
(17, 'ICU', 'ICU', 'Intensive Care Unit', 1, '2026-04-09 23:07:38'),
(18, 'Surgery', 'SURG', 'Surgical services', 1, '2026-04-09 23:07:38'),
(19, 'Anesthesiology', 'ANES', 'Anesthesia and pain management', 1, '2026-04-09 23:07:38'),
(20, 'Physiotherapy', 'PHYSIO', 'Physical therapy and rehabilitation', 1, '2026-04-09 23:07:38'),
(21, 'sample', 'sa', NULL, 1, '2026-04-09 23:10:32');

-- --------------------------------------------------------

--
-- Table structure for table `districts`
--

CREATE TABLE `districts` (
  `id` int NOT NULL,
  `name` varchar(100) NOT NULL,
  `state` varchar(100) DEFAULT 'Jharkhand',
  `created_at` timestamp NULL DEFAULT CURRENT_TIMESTAMP
) ENGINE=InnoDB DEFAULT CHARSET=utf8mb4 COLLATE=utf8mb4_0900_ai_ci;

--
-- Dumping data for table `districts`
--

INSERT INTO `districts` (`id`, `name`, `state`, `created_at`) VALUES
(1, 'Ranchi', 'Jharkhand', '2026-04-29 06:07:58'),
(26, 'Dhanbad', 'Jharkhand', '2026-04-29 06:09:13'),
(27, 'Bokaro', 'Jharkhand', '2026-04-29 06:09:13'),
(28, 'East Singhbhum', 'Jharkhand', '2026-04-29 06:09:13'),
(29, 'West Singhbhum', 'Jharkhand', '2026-04-29 06:09:13'),
(30, 'Seraikela Kharsawan', 'Jharkhand', '2026-04-29 06:09:13'),
(31, 'Hazaribagh', 'Jharkhand', '2026-04-29 06:09:13'),
(32, 'Ramgarh', 'Jharkhand', '2026-04-29 06:09:13'),
(33, 'Giridih', 'Jharkhand', '2026-04-29 06:09:13'),
(34, 'Koderma', 'Jharkhand', '2026-04-29 06:09:13'),
(35, 'Chatra', 'Jharkhand', '2026-04-29 06:09:13'),
(36, 'Palamu', 'Jharkhand', '2026-04-29 06:09:13'),
(37, 'Latehar', 'Jharkhand', '2026-04-29 06:09:13'),
(38, 'Garhwa', 'Jharkhand', '2026-04-29 06:09:13'),
(39, 'Lohardaga', 'Jharkhand', '2026-04-29 06:09:13'),
(40, 'Gumla', 'Jharkhand', '2026-04-29 06:09:13'),
(41, 'Simdega', 'Jharkhand', '2026-04-29 06:09:13'),
(42, 'Khunti', 'Jharkhand', '2026-04-29 06:09:13'),
(43, 'Deoghar', 'Jharkhand', '2026-04-29 06:09:13'),
(44, 'Dumka', 'Jharkhand', '2026-04-29 06:09:13'),
(45, 'Godda', 'Jharkhand', '2026-04-29 06:09:13'),
(46, 'Jamtara', 'Jharkhand', '2026-04-29 06:09:13'),
(47, 'Sahebganj', 'Jharkhand', '2026-04-29 06:09:13'),
(48, 'Pakur', 'Jharkhand', '2026-04-29 06:09:13');

-- --------------------------------------------------------

--
-- Table structure for table `doctors`
--

CREATE TABLE `doctors` (
  `id` int NOT NULL,
  `user_id` int NOT NULL,
  `specialization` varchar(100) DEFAULT NULL,
  `experience_years` int DEFAULT NULL,
  `consultation_fee` decimal(10,2) DEFAULT '0.00',
  `availability_status` enum('Available','On Leave','In Surgery') DEFAULT 'Available',
  `bio` text,
  `created_at` timestamp NULL DEFAULT CURRENT_TIMESTAMP
) ENGINE=InnoDB DEFAULT CHARSET=utf8mb4 COLLATE=utf8mb4_0900_ai_ci;

--
-- Dumping data for table `doctors`
--

INSERT INTO `doctors` (`id`, `user_id`, `specialization`, `experience_years`, `consultation_fee`, `availability_status`, `bio`, `created_at`) VALUES
(1, 10, 'Emergency', 10, 200.00, 'Available', '', '2026-05-04 15:28:14'),
(2, 11, 'heart', 12, 900.00, 'Available', '', '2026-05-04 16:01:35');

-- --------------------------------------------------------

--
-- Table structure for table `doctor_lab_orders`
--

CREATE TABLE `doctor_lab_orders` (
  `id` int NOT NULL,
  `consultation_id` int NOT NULL,
  `patient_reg_no` varchar(50) NOT NULL,
  `doctor_id` int NOT NULL,
  `test_id` int NOT NULL,
  `status` enum('Pending','Billed','Collected','Completed') DEFAULT 'Pending',
  `order_date` timestamp NULL DEFAULT CURRENT_TIMESTAMP
) ENGINE=InnoDB DEFAULT CHARSET=utf8mb4 COLLATE=utf8mb4_0900_ai_ci;

--
-- Dumping data for table `doctor_lab_orders`
--

INSERT INTO `doctor_lab_orders` (`id`, `consultation_id`, `patient_reg_no`, `doctor_id`, `test_id`, `status`, `order_date`) VALUES
(1, 3, 'REG-33125', 10, 2, 'Billed', '2026-05-04 16:59:58'),
(2, 4, 'REG-20190', 10, 2, 'Billed', '2026-05-04 17:02:32'),
(3, 5, 'REG-59523', 10, 1, 'Billed', '2026-05-04 17:34:14');

-- --------------------------------------------------------

--
-- Table structure for table `doctor_schedules`
--

CREATE TABLE `doctor_schedules` (
  `id` int NOT NULL,
  `doctor_id` int NOT NULL,
  `day_of_week` enum('Monday','Tuesday','Wednesday','Thursday','Friday','Saturday','Sunday') DEFAULT NULL,
  `start_time` time DEFAULT NULL,
  `end_time` time DEFAULT NULL,
  `slot_duration_mins` int DEFAULT '15',
  `is_active` tinyint(1) DEFAULT '1'
) ENGINE=InnoDB DEFAULT CHARSET=utf8mb4 COLLATE=utf8mb4_0900_ai_ci;

--
-- Dumping data for table `doctor_schedules`
--

INSERT INTO `doctor_schedules` (`id`, `doctor_id`, `day_of_week`, `start_time`, `end_time`, `slot_duration_mins`, `is_active`) VALUES
(16, 1, 'Monday', '09:00:00', '22:41:00', 15, 1),
(17, 1, 'Tuesday', '09:00:00', '17:00:00', 15, 1),
(18, 1, 'Wednesday', '09:00:00', '17:00:00', 15, 1),
(19, 1, 'Thursday', '09:00:00', '17:00:00', 15, 1),
(20, 1, 'Friday', '09:00:00', '17:00:00', 15, 1);

-- --------------------------------------------------------

--
-- Table structure for table `duty_schedules`
--

CREATE TABLE `duty_schedules` (
  `id` int NOT NULL,
  `doctor_id` int NOT NULL,
  `room_id` int NOT NULL,
  `duty_date` date NOT NULL,
  `start_time` time NOT NULL,
  `end_time` time NOT NULL,
  `price` decimal(10,2) DEFAULT '0.00',
  `notes` text,
  `status` varchar(50) DEFAULT 'Scheduled',
  `created_at` timestamp NOT NULL DEFAULT CURRENT_TIMESTAMP
) ENGINE=MyISAM DEFAULT CHARSET=utf8mb4 COLLATE=utf8mb4_0900_ai_ci;

-- --------------------------------------------------------

--
-- Table structure for table `facility_categories`
--

CREATE TABLE `facility_categories` (
  `id` int NOT NULL,
  `name` varchar(100) NOT NULL,
  `created_at` timestamp NULL DEFAULT CURRENT_TIMESTAMP
) ENGINE=InnoDB DEFAULT CHARSET=utf8mb4 COLLATE=utf8mb4_0900_ai_ci;

--
-- Dumping data for table `facility_categories`
--

INSERT INTO `facility_categories` (`id`, `name`, `created_at`) VALUES
(1, 'Primary Health Center', '2026-04-29 06:34:22'),
(2, 'District Hospital', '2026-04-29 06:34:22'),
(3, 'Community Health Center', '2026-04-29 06:34:22'),
(4, 'Govt Diagnostic Lab', '2026-04-29 06:34:22');

-- --------------------------------------------------------

--
-- Table structure for table `goods_receipts`
--

CREATE TABLE `goods_receipts` (
  `id` int NOT NULL,
  `grn_number` varchar(50) NOT NULL,
  `po_id` int DEFAULT NULL,
  `vendor_id` int NOT NULL,
  `receipt_date` date NOT NULL,
  `invoice_number` varchar(100) DEFAULT NULL,
  `invoice_date` date DEFAULT NULL,
  `subtotal` decimal(10,2) DEFAULT '0.00',
  `tax_amount` decimal(10,2) DEFAULT '0.00',
  `total_amount` decimal(10,2) DEFAULT '0.00',
  `received_by` int NOT NULL,
  `approved_by` int DEFAULT NULL,
  `status` enum('Pending','Approved','Rejected') DEFAULT 'Pending',
  `notes` text,
  `branch_id` int DEFAULT '1',
  `created_at` timestamp NOT NULL DEFAULT CURRENT_TIMESTAMP,
  `updated_at` timestamp NOT NULL DEFAULT CURRENT_TIMESTAMP ON UPDATE CURRENT_TIMESTAMP
) ENGINE=InnoDB DEFAULT CHARSET=utf8mb4 COLLATE=utf8mb4_0900_ai_ci;

-- --------------------------------------------------------

--
-- Table structure for table `goods_receipt_items`
--

CREATE TABLE `goods_receipt_items` (
  `id` int NOT NULL,
  `grn_id` int NOT NULL,
  `po_item_id` int DEFAULT NULL,
  `item_id` int NOT NULL,
  `quantity_received` decimal(10,2) NOT NULL,
  `quantity_damaged` decimal(10,2) DEFAULT '0.00',
  `unit_cost` decimal(10,2) NOT NULL,
  `total_cost` decimal(10,2) NOT NULL,
  `batch_number` varchar(100) DEFAULT NULL,
  `lot_number` varchar(100) DEFAULT NULL,
  `manufacturing_date` date DEFAULT NULL,
  `expiry_date` date DEFAULT NULL,
  `created_at` timestamp NOT NULL DEFAULT CURRENT_TIMESTAMP
) ENGINE=InnoDB DEFAULT CHARSET=utf8mb4 COLLATE=utf8mb4_0900_ai_ci;

-- --------------------------------------------------------

--
-- Table structure for table `hospital_settings`
--

CREATE TABLE `hospital_settings` (
  `id` int NOT NULL,
  `hospital_name` varchar(255) DEFAULT 'MERIL HIMS',
  `logo_url` longtext,
  `address` text,
  `phone` varchar(50) DEFAULT NULL,
  `website` varchar(255) DEFAULT NULL,
  `email` varchar(255) DEFAULT NULL,
  `updated_at` timestamp NULL DEFAULT CURRENT_TIMESTAMP ON UPDATE CURRENT_TIMESTAMP,
  `smtp_host` varchar(255) DEFAULT '',
  `smtp_port` int DEFAULT '587',
  `smtp_user` varchar(255) DEFAULT '',
  `smtp_pass` varchar(255) DEFAULT '',
  `smtp_from_name` varchar(255) DEFAULT 'HIMS Procurement'
) ENGINE=InnoDB DEFAULT CHARSET=utf8mb4 COLLATE=utf8mb4_0900_ai_ci;

--
-- Dumping data for table `hospital_settings`
--

INSERT INTO `hospital_settings` (`id`, `hospital_name`, `logo_url`, `address`, `phone`, `website`, `email`, `updated_at`, `smtp_host`, `smtp_port`, `smtp_user`, `smtp_pass`, `smtp_from_name`) VALUES
(1, 'Rela Hospital - Multispeciality Hospital', 'data:image/webp;base64,UklGRu4dAABXRUJQVlA4WAoAAAAQAAAA8wEAJAEAQUxQSJkPAAAB8FZtT55t27ZFAhKQgIRIqAQkVAIOKgEJlRAJSEBCJCw/VkpDP9jW7TiO89wiYgLoz/9//v/z/5///1s9im385UqwTX/++/Pfn//+/PfvGeaUVvYv4TimTUQAFZE9JQ5XcbymLCIFEBHZ0hJey3NKu3TmtLKfLL8VHNbNP5xbkihM93Fh3StMy7a4t1mSwFYlLW6WXMLJ7cFCKrCXQUtWDC2rfw0XdwyW1c/QUnG6uGdya8HQISErLijxFTjjkhJnx+2wLE/ks2LwABZctSb3dFFwWU1uZhaFbXoclzDejAuurOnRWHBpTW5WXIa1uodZKu7iBVev/Fhux+U1zkkosF+eZcMlbRLuuLtnioo7ip+QqBiYnsQX3MUL7lnDA7kdN9U4HRlDnyQo7sKK28bHCQX3zXPhBGPX54i47LmIO+eHCYo7FzcRvmCwf4yI20TcOz9KUNy7uGkIisEbPSXjNhF3zw8SFHcvbhKCYnCmpwx6m4j7b4/hFfff5yAoBhf3FK7iLkEfAPEhXMETbjMQFIPV0VPuuIureEL1z5DxjMv7BcXoQE+54DY7nlEeYcFDqnu7oBi90lM6vQ3jKdcHcPoUyC8XFKN3eswNt6mPoe5+G56TX80pRlf3GB63iXjOdDuPB5U3cwXDmR4zj6t5ZU/NwGnfj+qDqLtbvkIRSWkXGQd+sR3DN3pMh8F19WQdccUqIlIugHQzj8Gao6fOEPdB+b02DK/uOdIYYRooo8q2eDr0y1YG1ZulMbLQebfWEXBvFTGe6TnrCGEa6TFUk6fTftMRWO5VRwiTrUsj4ksFjM/0nAEDVxq7jtCVbF3SAflWAQNXsg9qt7+T03HqHmSz00CDywBxZO6Lnd5qtdNAI4Oa6TsJxkd60GKmgQY72Gcams0Q7rSbaaCxQa0Q3ihhvNCDOpgzjV7sMg3OZuud1CzQ6NVseSHGBflJFrNEw5PZTsPFKt/IwXql8dUqvY/TC2R60mRVafxupW6cV6NyI7aqdME4DYIL+kfZreIFilWiCyYjPE+8gpuFhAtmelQxUncBWPsruJdQuuQ+BwEXVP8s1Win2xS6pBjxM1Q53q6RpsDVKyR6Vhin+6RrpKe5dZyCjAuqewW+QLCK1+CJ4BlYcMWNJoGt+Pvi9RL+J+C+CoIrZvoJ0ES490u4pP8y0esFXFLod8nVa/C3yb3djktW+jbxy0Vcc/0hhDfyzMx+NoJeQ933xS9pF0WvSFp5ElxBfzLL9EOgt3AxV1iXHP37ZfTnaBYmaOUrpvQKbi0YXTd+txX9O2WrShN062fhjGvq/mKM/uJIrdavCQtu/gpe+4qjAGv/JfGC27+BK+gujiha7fQdSXjANxB0qyeibBW/Ir5gijK6NRARVSv3DVkUU5TRrYGIyMN4py9IxEM+3opuDfS5WMUvSMQcRXQXR81k5b4fEXMU0V0ctcVop69HxBxldBdHhzBevx5B5yijOzs6DFb+2+EqZsjt6M7UGY0KfTs2zJAv6I7Uuxlt3w7GDC2KXl2oW4z42yEXUGmX99rQXQL1qxF9ORhjdV+Zeh2nXN8nFHTvjvo9bMWK+VsgQ/JCpj7u75IU3SudZaNkEgsAZP8N8BiYPQ1c9tfggu4a6HQyYgOuaGuYipVv7O6U7JRpML+Dz+jfHZ3fjej8hk6dCqZHvEE1K4EmwCVFty5kWWzklCvojj8+D2v19H4uKfp3R6awTWeCor/++KJZoNfzm6K/LmQbjPhEUJyNP71slejtlh1nkyPjxcj1BcXp+tMrRurezaeKs9mTebKp1B0UhusPD8aJXsyvBaeFaWC2yV2uwFLdjy5Y+dcKW8X5nWmo2KQeV2C7T8PyZGLHRoXeibPivGZPg2HLPRm9K61HWF7HWaWJ2N4pwbBER6OdketI6N2IKB+pexuy2p+s2q1G6Z3qKVk9XZBtlI4ZvUJE5PQAZRLUXSKwrRsGu3Qn/zh7j0paHF0z2siR1x71H7QcIb+NGiFewSlsQ8dqtTyRe5ywi0hOaWFHF04221FB70Lt/Qj5ZcSqXmGHMXWyVX4iepybZpt0sKF3p0OnR8jvkq2QxkUYS0+wUmfFRjJRYsMtRq+6I+IO7O5NkhnCqKBWuYeskK6Fa/g5UJvQcNoVqXftQAkvwnYaxgSFdewqVghGwWq5BM8BbKm5o7dQf+4AknsNsoOGEaww912bmTobspJpCiMWdPMJKj2o8TV2OyDZJdhX6o5mKN6mGGGdJbYpH067djrrSg+gWzDxvKYUHyWOQGEbrhiY+pwdlE12Kw2TFG3kQ9DtT5ErXQBqjnzkeElZ0E5P4oYAJbozLhYM9X1U7IDsDVYrKM9RslvQnckynzgUKTgrT0J5DABJ7FuO1x2DM51cRwD74s4EMyC5GdrMnPZ5E1rVwnJ5lDCsLVJxRX/GjQEg28rsj6jaocYJErMd3TsZexmnmelRSK5x0Y1O51HtdLQNAHQLdpzKzDD62YqIZYBKioFM78XPoe4cXywMAaB7Yn8i8LoJ7N9GjVztqzQybNWgSlo82d+L8mMwGcq1qAxqqxwWDH8bGO/oj0OIKMQkIhVFRLa0MI2+mdOHSGTJF4uXuPLLOKuT6kZd/ma0PIOQ7X4tKhPHl8g0FZSfoDgjp9fiH84yGa7cTx1ZL9ei7VGWd1muoDQZ5PRuGsg+X4vKk/h3SVfI00FB76WBRpZreX2OQtOxzAcFvVMJNNSVS1HQx1inQ2lCyJf7FEeDXbkUBX0IdS8jF9inhNx+l0zjXbkUhfoMiaYjzglRuoUudMntUuTkCQrNh58VCuV64umii16JaNXbVfc6ZVylaSFa9Vp1oeu6/VLk95sVT6+L8XlmyCW9jiZHl2a5EhHLnTZHE7JODZFL9Ro1Obo8y5WIQtZ76ObpjS8QJoeIln3cHumeYdMLEbm4X65uC730BeiBxTjch8jFXQfI6unGS67XISIXc72KSlo8vfc4eaKH5rRXA9kWR7f3cZPLfPol7WVEkZwiO3p3HpenqclLSklEJKe0sqcHdbyklLJIHNf2zCmltEtzSyklZvY0iRdY5+pbegH+lfO/cvQbV37l5Fcu/Wtu+ZXjf825bxfHrU4IfQv9mqJ7EgGgOPy12ABA44Nsgt7fig3t+BxEFHVe5DvgcaiPQvxi/pWYTwV2XYH9Gcfh5dYj8KNQfi96JVhyl8BQXi49VfxZpSwniiTfFTepfVW2+HLrIHcf/ll9rh27J0suR8r0/v6o0klmXreC+4SfF+WD6sg2HC00g+lgOYP2fejFymvxwUbWpaU0h6sCqAv9GOS16CCa7S2ZBHLMTOe/OGyWJsN44rZfufSvOf7XHP2TitckIpJWHuGWtIvsaXGtNblzbvEHYd1E9rS4EQtfzXFKIiJp5emQGeOs6NTMRryjM/MHQM0oqblLBfjDpYrj7PuCbOkzSwVSK0j7QHpDj1sLejX7udjH1CkJAgA1MRGnCgASLDYAkMUR+SjA5mg5Suj+WCoAEW0AqYvRfcCw5yO3AXVbApHjTfGZpiKNwYwkfGZHTZfxmc7tALDSISvqWo7Ic+5bgRyIiMLegLgO8rzpqeMDslwUutKxKx/YZmKZrYzPTJ3pA/nMBgCZOl3B5wERBe2IqIEOYwPSQ0ReLxcBbNTr9APLRITJyvjcqXv/QO7z+PQ9FPQMpaMFxVHn2sDWR8vVGJ/FdVBq1ImguYpo+j6vH4hd20eh/vWUO1hUHXVLA9xHejFpQHpCA8tEyJgwGV4bmU5uDfU99UNOUAVKF9WWgKmfW+WEXMvjkDuolSdiG8OTkdH0Z3wDuQef5cwKSJ+0IHS2NrD0bdfio9RTG2Ui4kR5NAudLg34M/AnnBmfSq29L10rmEgDE+Enamulc6m1ndpOkBgVOs0tuPuQHsSZoTpknYva4nPcqqfAJ5JROkcH8Uappc7AT0Qekp4vJ2uxCGiTYQvhqLaU+9iIDUor34jyRw1kwBMR321439qqFrW1HuUWsHY5DhfZW+VO5JkD9U+IH7I938rW2SK3xEJa+cgfQXzH6QGphVsZ1vmgMkKej8k6WUgrW+SWHFE+gq73cU/CmJB1ltBOFqmFDleOAAlXiwf8IEFnxP9AKGgHkC7Gz7MqdEKoDNCZcFdwHRRKD0p4MbdWVJYZWQdgJvggWqwH3ENu7wHSW/ms0ORoStxcsQWbEK3ag+LeKAqgyRHNCeXZW4zISw80vI1LFdDk6HNOeABPSLJIB+EM0aId0HA1dy+XFNDkqD0nJDNEVyBDlzug/iLxgG4VFYB4Op4U/rEQcT1CuUhqlTs5AYBMvZNCMkM6rh74tPaQ248QL7XfKCgA7DRBPEPS2i32lhww0EW0HtVr7K31Pk4BQN0M0T5BW0sspLX1+D6KBwiXkFa4j+BzoynyauRnYmnBAu2lh09QPkiXQFPpNowmzxGtRjQT7sCf8weuJ51x2tquEFr5PrlFk0S7iUwF7a14LrZ26tnPUG7JFdZWuIIabIlIJssVi3UuYiufy63YpadiK19hbwhdQQwURLAp80JBz6mbC6oNPaeNSl0IZ7iVLuDQ5HssECvGxFCopxJNRmxgObOgGU9sZ5bWcoHUELrE1godOxJRbS1dTm38LJDbTwi9QDTbbag05Iw0hE6oO5EaSgbxjNMP9Wd2o9hajjwQiPZW7nEF1YSngSjWHnFPxgebWWnpGa8fWPoWfKo/g3SiNJJFdScyPiOdrS0541rbkaAQUWwhHvmCVUziQZgAolhaNdKj54PqjAIOlxMU9EN9j9cPDXQK3MX4LGSB3BfxGeks4zCcoNxQ31qBhYictrA2XFJk2lrxY3WtcpCngMgxR/b06G7F8e5NuB4pn6CgAFD8kS8AoIEMlDuCfqg3UeyuI+Ez0tmoR5VPeP1AYSJyGyD0uRxA95QEQCbiVvUUBOnD7zhObgoeP+2C/iLJd8VNKrpVcuwhLwCgsRUVAMTTKQ4VyL4VFQCKI5NFoKv/cLEAgC7UHUQU3VUkdNDSAIoIgOIaFLXV1oWISBrNEmiTgn6R+OOBJXcJDKWLKFYA0D2lXQGgRjq7oBC5DUDJKeUKADXS2QOmpEAVKfjU5KifYcg9xNpoiqNDnzs0Ofp0cqCJiATn04+HPZ117LoC0+kQThCFreBQtkDno6xERD4VtGte6HwHubWgqXt0dNaxp5OBXRe5VFolUreLSURyYuoMSUS26IiIAtNJx/7H85SemdnT8MDMTLY9n8zMju7KzEy/pGd+y/9n3fIrt/2uoV3db9p6gN39mnFGp27sf8MEhun3axPZU6+ISPz9+vP/n////P9/sAIAVlA4IC4OAACwZACdASr0ASUBPkkgjkWioaEReC1YKASEsbdwuT8efwD8AP0A/gH1l0SUDnTHx+A/JT9//LxkX0F9l/v37Gf1/9pvSu1390+9P4zdD+jr2A9aPyP50/1r5m/p79gH1s/xH6q+4B+hH+V/vf+N/Xnvc+YL+e/zv/ff2b9//mH/1n9A/P/5u/rZ7AH9Q/pP/r9mb/aez7/J/UA/kn+K/7Hs0f4j9bPgb/ZX9yfgR/nX9p/+P7g///5AP3/9gD9//YA9afoB/APwA/QD/5fv73+ELKN47lG8dyjeO5RvHco3juUbx3KN47lG8dyjeO5RvHco3juUbx3KN47lG7EZ2uXCLQ0Wc3xQ+B2NyjeO5RvHco3dCkRgWYfA7G5Rpu3nvumUQ3IGQAeBrIIUndtY5wJkCS8k8EP7+jebcfZgaYGGf+zUL3v7UkoylRpu3sa4Ybj3rAqi+06nHXkednk7XbDX1AV097+S68QqN2uX0LUYd0FSTm/BMWTpWvcTl1tfFeO6cgwVWz4E59+m3UgAxTNzS8Cr7Qm9VH7j6fPjbouF83a+08Du0kjnNaNIdaeUo82Zo2a36lypgzZF1/9z/a9bqZhG3JlI3Fbm59S0lhkW4bvr1AfaMQnL/umrShp+4Iav+VsLbXS/Wq30DLqOZcbs0lHLlsYk5Djup5Zb6m2l4kUql7T7RiFRu6EsT3wGhymyHpmEPJf5zYxnaiYJCk8517dHXBy5npBGZu0h0sx2+Cmp/ArwUiCMHtg6r5wRkHvrSZIsVGfsq119zdYx48wSD/AEZ2Kx/BorKa4JRn2LRYjjygEDOx3KFKA0eJ/cN0PJRUQqN4zdbKW0BhHN1PQLmgruZ247HMvUmSoaKSlSg2L8NfhDGHnBgBpMjX16NaI8cvylUYpm+Ja6Puh5uegQJEGgbSG0ZWi5eTUnOPdrr3ehpeBU0O9u14NxNcoU/c0WnomOz1hA0FknWXA0ygocHhppLL+hpv4Zvqjiam+Jcbe9MMM1jco3jtCKRbRbZPBfB6n7rfQ0ghy2pY3KN47lG8dyjeO5RvHco3juUbx3KN47lG8dyjeO5RvHco0QAP5cHgAAAAAAAAAGDgAjml/JVm0CnyhsI6hx03isQ7glDQ/itVRyaX64BqK/67eVYIV7ZM0RvIC3NX7FHRzFsLfgAAAVmnUqHNaTUAaSKyn4ue6fUQGVxyaHqyzwpWWEMsBrMkEaIW3GPuD16qhlloInCyDY9Z8d54YL//+oL//04t//6d30YnHWO+RtO4l+lWYl6zQCFXuQ5df9Vy+yNBP98vW8zf2RIi8i24cX/wpK0gip4/kHbypkPNJpWmeDyrBbdshh/3jylYEUlXRlXmupilZ9W4cOydiPv//j5UX7T3lXe8TUPOqYMtIqGwfLekNg+dV57WNkqDmh9vwuCFXtAPM3HV2bPsZHYis0KnNhmeaL+lqNROP1A7weUhbzE8LDELXrc9fMaYGwfhbo07XDc4IIIsJkeT9is5ZjPfNhK6eWV/Ngu22Qr1WuRAchA1xaZntIfu8gSKUWFfwWm6VU9RIf9nO3/eoYe3ZQ4aCVxY90qVyj9uIPwfCIgerzt/8VKJxP35I+FGqBfdM3FIaxiHDXLZaR0Ebm0NS/8WOBticg6/uQ5ShfHyB3p4IxKxtiV3rGwBUN4Wf+J4782EmDnT7XBp1NEff8v4HgJSRj5E1djnGeh4Whws5aWL2Zf5oh1ohzbYNL8tAJZ9OjKVKp1WRDXO7qqJTzBAc4a0a+4p6vu+iHrS9+i/5udzfWsFllrRgw+LOkpiCS3WEroDo8HFwtL3zmI/xiZ1HinSHx+WdkA5rUB8PZflhj6UrvFcU2Z9MjrQ6BhyX+e8ohgmfP+y7jjQOFSUG1QaRldDJTzCK/tra2F44h5IDrddueiZ078Lcqcvtg53Lm10P7XP7dx+DSjLq9Dks5EsUwR2Wh/VJ5HLpoeJ9Dk67mSQrEquSz9ybkEM2+z5Mv28raasg4Q4VzKEXnOfbWUarPzibITIHhVnd3yrpdKAJ+mnWX4kd1MswFY/z5LM40BmNmmWWNn30rK42mZ6HU1iT3go5ai+gKEAvHxqG0nqpsI9REQvp4YlRUXlGBzXiAOIuzgyWjh39rmZ3fvMmisrWzvNTTa4IEPxlxKP5jp7LwZEQrBLOOAEUdxVZAnGUlrVAYE3tI1N5+jh3ZFnof7mS3gr5Nyba1VmQJCwINC7XlVeA2bxAQFh8er8Gon3/whpswL6eztjlstKjN6C92qhpDCx0/R4Bq+HjbH4rzNlEGjo9GsejrJH2Dbe8kLxKN1tNYHgnwsh8lx5FYoy1yNbYOCB+gQVpNQjUWbry8PHPhvP4sllWF3GTRljVg7GqD7UsRUhtiQZc+OhhmTGLgkPhKLwXo4WspUxqpInJzLAHiDlQ110jvIbsWL/BQD84ts10sh6Q0iKlAloUUli9q2KwACU0MHze82prdUWtAAl6bS5KCq36h3rGvP98qyR97vtQQCgV111gaypJMaPqFpV2h+BO5E7YJdNnJo3Sy9L5MIP6PlOiG62uxW5M3IpaewoN+TkIJUM7QlNK8ZWsBZ8ucGakC2HZ2KA4BJ4IknMOkTdMKnEmAb2BeJeYI0CzwizIj9b5Uu+PuQ2sNqiHOqAZIJPrh5+nH4ir/ownUErNpX/D+4ID3bpP/NBPqc7aL9+Z1VhLylPjRNlOcCRldW62iH81lj0wHL1nev1iPuY8f//zLNZxDt8LCV2975jjGipRxMS+aEA1WHyTMxlphbaKvhBrcX4tjhdc6V1VqEREQ94gijnbnl1jhiIfDA3OjcP4mnLoCj3StjrCWZlEFKEmZAVMIU/91Ide4jRWoAyqBJc1QBNhtdwKFNgNlxgo2YgUUxlOvsiyjEkMJH/OeaAa44qvZFaXMFsHofpy69xWkj/oba/1VQ/bruz8/Np+5g7/NkFt8LCEYT+8+gg3hiVKIMzDxpIpAI2a382Bzp+1wRZjpMvug+sqdldn5AI7AuMWQdWt7K1/v3tgtFdncf785yDQckULZj0yYuOElD/KpXpntcEjwWbET/w2U3ihKjVzlVixDo5lZYgNbmWcT5qD16/G2SF0WVGLrbrDmhWI8sU3Z8952O3cqWfPmtqy2LcJkeKiScG8mlYUI6itnFdLctcIGAwHWBEHQSXYnmJZa4tY7g/22OJJ3HDSIPYXau0VMPDq+poE6nxCipuE6iTdFb8zZ/bHwXYiaCl0D2Oki/B9WRh/O0fV30Z4Q85Bp26qCBUGGkbjCgfbOAxhnPhNjWdG9ARIzbjN3rifm2AeRsVSF62XnUEbONUPC+KreoP9Fklo7F6MSbc/a9Y+uMAymnjandxrdE1xLgJT4kBf0es5i7f/FSilhtBew4J3Wl/69b77K6ZJrcL9Z4v0y9mX3ltY6iqN4jf81oaAW/bwwNFuAjf/vwz+i0cLJhCCmJvOt6iXeiOTD++HAsq+9qleliS0efw3kZ7DV9kZsdnlgwfnQAKA2SyhEuZYAe4GKyxbM8KS2m55CKLidpft21AjWKe1HyWNjO602QNRyUtPp7w9uHGqi1IjQTEW0phpd9XG7bSRKUnL+Wqi5JnQflsxfmjt56tKB10bdfm/RYqi+3rnNM+9r64zxl7eG2nxhRc4RU65FYrj02Zw+92FTgXt/M18WzSqvJJ6PyT0TOnvFdjne7McX0/ROxjQNIyN4UcChLu+2WYLMU/bnqbr6c6xu8wLLI9xzQxd+02ABqCjRMdg51+MjJBYB125CYvpC4aUSRPmPLfNUWbWrS0YGMGrWAD7P/zEgJ3+SQ7C7mQXBKa/LZTw/TQ2JLTif7E+eh/opO5ofQb4yR2+Vm3q7RFVvlHyf5Wh0PzX95n4X/CaM3cuHuXJquttnpqVNKaNx9VeVbCFgDN2EFBSFIzrPNomgZFeSnk+fMJOsaJL5YkDAwP1UndtvHnbYANb6ibsZHI8YQ4Sef5w4ijbua6E0pZ12++jKXB/4wVflmipuQP2E7DF5ijji0fWMjjBOn3Hbvgx7+fUwtHFMJURESckeOysw8oIlgVvcmIFXHwuXjpL7jfY3M9KCD5sCtvaqw1p54Emx1WryYURWnfkhHiIhemwJkBzQSyGzSLxFRPPWmCwFrR6SfYp1xSnekeh/6H7lC9VRGV7oSRLl3ClDTqoeiPzRnTgPSccOAZQDxtyxeDrX2jE7Trzh63iKlmB1jX92k4cgDS8tzyhACfSisFEQpMsj/9C8hlj9IS2kfl61umIWPJwrJ4za3ubFqXgQtFwoyxApTz55KgVwzQJXDoxNwMQ9GgYe/RxA+BR44Vf2lUsR0WIs4NVD7dVoVZa4HQZx2NaM8ujLfJ/1sX9Tt7vEULKC6Ld4xjsuO4KbcOkQ9NvsqcZOlSTIg65BcFXoTJDhhIsbK+eyG7z+zp5gbTOAlDpi3Xtgw9rGsLztRSov2f0PRKHp4muRzOECsRjCOiUkc34oqEsKQU6Q+p4FVp6Rh1GZMvXHHxp/xwCnEoMRJ2BRXJjRW5y+q1k8rCTm6wd4nvQ6iA4aicvHbgq5kU/JQzlNxi/o1CziKgGB1tZwI9Q+2KjL5saqKyuGAQi8dTkwLRPnBrRp+loOfl3bgRh5KM7X1laKSfVRqpl45otNbCl2k6MFf5prpAeB5+p34eSL0p59TTwXVmAwcTP3+enxTWw/fcwAiECDdre0LhgM/kwrMCcLWHsDoC/sK/SW1tmtyb8RpEEEPKbsULQwBDOFizhZb6BT/ANXEgk9GrGiZ5YuU9yeoAAAAAKrsqzWFCBwiwA4RGXoF9AAAAAAAAAAAAAAAAA=', 'DR. RELA INSTITUTE & MEDICAL CENTER, \n7, CLC Works Rd, Nagappa Nagar, \nChromepet, Chennai, \nTamil Nadu 600044', '9025740156', 'rela.com', 'stevejerald632@gmail.com', '2026-04-20 10:17:18', '', 587, 'stevejerald632@gmail.com', 'yifk zyee tnlk lhjz', 'Rela LIS');

-- --------------------------------------------------------

--
-- Table structure for table `infrastructure`
--

CREATE TABLE `infrastructure` (
  `id` int NOT NULL,
  `name` varchar(100) NOT NULL,
  `type` enum('Room','Ward','Lab','Pharmacy') NOT NULL,
  `block` varchar(100) DEFAULT NULL,
  `floor` int DEFAULT NULL,
  `capacity` int DEFAULT NULL,
  `machines_count` int NOT NULL DEFAULT '1',
  `status` enum('Available','Occupied','Maintenance') DEFAULT 'Available',
  `created_at` timestamp NOT NULL DEFAULT CURRENT_TIMESTAMP,
  `branch_id` int DEFAULT '1'
) ENGINE=InnoDB DEFAULT CHARSET=utf8mb4 COLLATE=utf8mb4_0900_ai_ci;

--
-- Dumping data for table `infrastructure`
--

INSERT INTO `infrastructure` (`id`, `name`, `type`, `block`, `floor`, `capacity`, `machines_count`, `status`, `created_at`, `branch_id`) VALUES
(8, 'Main ', 'Lab', 'l', 0, NULL, 1, 'Available', '2026-04-19 13:29:26', 1),
(9, 'Sub Lab', 'Lab', 'B wing', 5, NULL, 1, 'Available', '2026-04-19 19:31:45', 1);

-- --------------------------------------------------------

--
-- Table structure for table `inventory_batches`
--

CREATE TABLE `inventory_batches` (
  `id` int NOT NULL,
  `item_id` int NOT NULL,
  `batch_number` varchar(100) NOT NULL,
  `lot_number` varchar(100) DEFAULT NULL,
  `manufacturing_date` date DEFAULT NULL,
  `expiry_date` date DEFAULT NULL,
  `vendor_id` int DEFAULT NULL,
  `quantity_received` decimal(10,2) NOT NULL DEFAULT '0.00',
  `quantity_available` decimal(10,2) NOT NULL DEFAULT '0.00',
  `quantity_reserved` decimal(10,2) NOT NULL DEFAULT '0.00',
  `quantity_damaged` decimal(10,2) NOT NULL DEFAULT '0.00',
  `unit_cost` decimal(10,2) NOT NULL DEFAULT '0.00',
  `grn_id` int DEFAULT NULL,
  `status` enum('Active','Quarantine','Expired','Empty') DEFAULT 'Active',
  `open_vial_date` date DEFAULT NULL,
  `stability_days` int DEFAULT NULL,
  `branch_id` int DEFAULT '1',
  `created_at` timestamp NOT NULL DEFAULT CURRENT_TIMESTAMP,
  `updated_at` timestamp NOT NULL DEFAULT CURRENT_TIMESTAMP ON UPDATE CURRENT_TIMESTAMP
) ENGINE=InnoDB DEFAULT CHARSET=utf8mb4 COLLATE=utf8mb4_0900_ai_ci;

--
-- Dumping data for table `inventory_batches`
--

INSERT INTO `inventory_batches` (`id`, `item_id`, `batch_number`, `lot_number`, `manufacturing_date`, `expiry_date`, `vendor_id`, `quantity_received`, `quantity_available`, `quantity_reserved`, `quantity_damaged`, `unit_cost`, `grn_id`, `status`, `open_vial_date`, `stability_days`, `branch_id`, `created_at`, `updated_at`) VALUES
(2, 1, '123', NULL, NULL, '2026-07-16', 4, 30.00, 120.00, 0.00, 0.00, 0.00, NULL, 'Active', NULL, NULL, 1, '2026-04-29 12:34:13', '2026-04-29 12:34:13'),
(3, 1, '123', NULL, NULL, '2026-07-16', 4, 30.00, 0.00, 0.00, 0.00, 0.00, NULL, 'Active', NULL, NULL, 1, '2026-04-29 12:34:53', '2026-04-29 12:46:02'),
(4, 1, '123', NULL, NULL, '2026-07-16', 4, 30.00, 500.00, 0.00, 0.00, 0.00, NULL, 'Active', NULL, NULL, 1, '2026-04-29 12:35:20', '2026-04-30 04:29:37'),
(5, 1, '123', NULL, NULL, '2026-07-16', 4, 120.00, 120.00, 0.00, 0.00, 0.00, NULL, 'Active', NULL, NULL, 7, '2026-04-29 12:46:04', '2026-04-29 12:46:04'),
(6, 1, '123', NULL, NULL, '2026-07-16', 4, 40.00, 40.00, 0.00, 0.00, 0.00, NULL, 'Active', NULL, NULL, 5, '2026-04-29 13:43:19', '2026-04-29 13:43:19'),
(7, 8, 'LOT-101', NULL, NULL, '2026-05-28', 4, 500.00, 300.00, 0.00, 0.00, 0.00, NULL, 'Active', NULL, NULL, 1, '2026-04-30 04:58:36', '2026-05-02 04:38:19'),
(8, 8, 'LOT-101', NULL, NULL, '2026-05-28', 4, 200.00, 200.00, 0.00, 0.00, 0.00, NULL, 'Active', NULL, NULL, 3, '2026-05-02 04:38:26', '2026-05-02 04:38:26');

-- --------------------------------------------------------

--
-- Table structure for table `inventory_items`
--

CREATE TABLE `inventory_items` (
  `id` int NOT NULL,
  `item_code` varchar(50) NOT NULL,
  `item_name` varchar(200) NOT NULL,
  `category` enum('Reagents','Consumables','Test Kits','Calibrators','Controls','Glassware','General Lab Supplies') NOT NULL,
  `brand` varchar(100) DEFAULT NULL,
  `manufacturer` varchar(200) DEFAULT NULL,
  `unit` enum('ml','liter','test','box','pack','piece','mg','g','kg') NOT NULL,
  `min_stock_level` decimal(10,2) NOT NULL DEFAULT '0.00',
  `reorder_level` decimal(10,2) NOT NULL DEFAULT '0.00',
  `storage_condition` varchar(200) DEFAULT NULL,
  `cost_price` decimal(10,2) NOT NULL DEFAULT '0.00',
  `selling_cost` decimal(10,2) NOT NULL DEFAULT '0.00',
  `expiry_required` tinyint(1) DEFAULT '0',
  `lot_tracking` tinyint(1) DEFAULT '0',
  `status` enum('Active','Inactive') DEFAULT 'Active',
  `created_at` timestamp NOT NULL DEFAULT CURRENT_TIMESTAMP,
  `updated_at` timestamp NOT NULL DEFAULT CURRENT_TIMESTAMP ON UPDATE CURRENT_TIMESTAMP
) ENGINE=InnoDB DEFAULT CHARSET=utf8mb4 COLLATE=utf8mb4_0900_ai_ci;

-- --------------------------------------------------------

--
-- Table structure for table `inventory_item_master`
--

CREATE TABLE `inventory_item_master` (
  `id` int NOT NULL,
  `item_code` varchar(50) NOT NULL,
  `item_name` varchar(200) NOT NULL,
  `category` enum('Consumable','Reagent','Equipment') NOT NULL,
  `unit` varchar(50) NOT NULL,
  `min_stock_level` int DEFAULT '0',
  `reorder_level` int DEFAULT '0',
  `status` enum('Active','Inactive') DEFAULT 'Active',
  `created_at` timestamp NULL DEFAULT CURRENT_TIMESTAMP,
  `updated_at` timestamp NULL DEFAULT CURRENT_TIMESTAMP ON UPDATE CURRENT_TIMESTAMP,
  `lead_time_days` int DEFAULT '3',
  `safety_stock_buffer` int DEFAULT '20',
  `preferred_vendor_id` int DEFAULT NULL,
  `estimated_cost` decimal(10,2) DEFAULT '0.00',
  `default_vendor_id` int DEFAULT NULL,
  `delivery_lead_time_days` int DEFAULT '3',
  `unit_price` decimal(12,2) DEFAULT '0.00'
) ENGINE=InnoDB DEFAULT CHARSET=utf8mb4 COLLATE=utf8mb4_0900_ai_ci;

--
-- Dumping data for table `inventory_item_master`
--

INSERT INTO `inventory_item_master` (`id`, `item_code`, `item_name`, `category`, `unit`, `min_stock_level`, `reorder_level`, `status`, `created_at`, `updated_at`, `lead_time_days`, `safety_stock_buffer`, `preferred_vendor_id`, `estimated_cost`, `default_vendor_id`, `delivery_lead_time_days`, `unit_price`) VALUES
(1, 'ITEM-001', 'Blood Diluent', 'Reagent', 'ml', 50, 300, 'Active', '2026-04-29 12:28:35', '2026-04-30 03:03:22', 3, 20, NULL, 0.00, 4, 3, 100.00),
(2, 'ITEM-002', 'Cell Lyse', 'Reagent', 'ml', 50, 200, 'Active', '2026-04-30 03:03:53', '2026-04-30 03:03:53', 3, 20, NULL, 0.00, 5, 3, 120.00),
(3, 'ITEM-003', 'Rinse', 'Reagent', 'l', 20, 100, 'Active', '2026-04-30 03:04:19', '2026-04-30 03:04:19', 3, 20, NULL, 0.00, 4, 3, 300.00),
(4, 'ITEM-004', 'Enz Cleaner', 'Reagent', 'l', 50, 150, 'Active', '2026-04-30 03:04:41', '2026-04-30 03:04:41', 3, 20, NULL, 0.00, 4, 3, 250.00),
(5, 'ITEM-005', 'PROBE CLEANER', 'Reagent', 'l', 90, 100, 'Active', '2026-04-30 03:05:07', '2026-04-30 03:05:07', 3, 20, NULL, 0.00, 4, 3, 120.00),
(6, 'ITEM-006', 'Control for CQEdge-1x3ml (L-1)', 'Reagent', 'l', 50, 100, 'Active', '2026-04-30 03:05:41', '2026-04-30 03:05:41', 3, 20, NULL, 0.00, 4, 3, 120.00),
(7, 'ITEM-007', 'Control for CQEdge-1x3ml (L-2)', 'Reagent', 'l', 50, 130, 'Active', '2026-04-30 03:06:03', '2026-04-30 03:06:03', 3, 20, NULL, 0.00, 3, 3, 120.00),
(8, 'ITEM-008', 'Control for CQEdge-1x3ml (L-3)', 'Reagent', 'l', 50, 100, 'Active', '2026-04-30 03:06:22', '2026-04-30 03:06:22', 3, 20, NULL, 0.00, 2, 3, 450.00);

-- --------------------------------------------------------

--
-- Table structure for table `inventory_payments`
--

CREATE TABLE `inventory_payments` (
  `id` int NOT NULL,
  `payment_number` varchar(100) NOT NULL,
  `vendor_id` int NOT NULL,
  `invoice_id` int NOT NULL,
  `amount` decimal(12,2) NOT NULL,
  `payment_method` enum('CASH','BANK','UPI','CHEQUE') NOT NULL,
  `reference_no` varchar(100) DEFAULT NULL,
  `paid_by` int DEFAULT NULL,
  `paid_at` timestamp NULL DEFAULT CURRENT_TIMESTAMP,
  `created_at` timestamp NULL DEFAULT CURRENT_TIMESTAMP
) ENGINE=InnoDB DEFAULT CHARSET=utf8mb4 COLLATE=utf8mb4_0900_ai_ci;

--
-- Dumping data for table `inventory_payments`
--

INSERT INTO `inventory_payments` (`id`, `payment_number`, `vendor_id`, `invoice_id`, `amount`, `payment_method`, `reference_no`, `paid_by`, `paid_at`, `created_at`) VALUES
(1, 'PAY-20260430-001', 3, 3, 50000.00, 'CASH', '', 1, '2026-04-30 05:31:15', '2026-04-30 05:31:15'),
(2, 'PAY-20260502-001', 5, 2, 200000.00, 'BANK', '', 1, '2026-05-02 04:34:59', '2026-05-02 04:34:59');

-- --------------------------------------------------------

--
-- Table structure for table `inventory_po_items`
--

CREATE TABLE `inventory_po_items` (
  `id` int NOT NULL,
  `po_id` int NOT NULL,
  `pr_item_id` int DEFAULT NULL,
  `item_id` int NOT NULL,
  `quantity` int NOT NULL,
  `unit_price` decimal(10,2) NOT NULL,
  `subtotal` decimal(12,2) NOT NULL
) ENGINE=InnoDB DEFAULT CHARSET=utf8mb4 COLLATE=utf8mb4_0900_ai_ci;

--
-- Dumping data for table `inventory_po_items`
--

INSERT INTO `inventory_po_items` (`id`, `po_id`, `pr_item_id`, `item_id`, `quantity`, `unit_price`, `subtotal`) VALUES
(1, 1, 1, 1, 20, 12.00, 240.00),
(2, 2, 2, 1, 60, 12.00, 720.00),
(3, 3, 3, 8, 120, 120.00, 14400.00),
(4, 4, 4, 5, 120, 100.00, 12000.00);

-- --------------------------------------------------------

--
-- Table structure for table `inventory_pr_items`
--

CREATE TABLE `inventory_pr_items` (
  `id` int NOT NULL,
  `pr_id` int NOT NULL,
  `item_id` int NOT NULL,
  `quantity` int NOT NULL,
  `remarks` text
) ENGINE=InnoDB DEFAULT CHARSET=utf8mb4 COLLATE=utf8mb4_0900_ai_ci;

--
-- Dumping data for table `inventory_pr_items`
--

INSERT INTO `inventory_pr_items` (`id`, `pr_id`, `item_id`, `quantity`, `remarks`) VALUES
(1, 2, 1, 20, ''),
(2, 3, 1, 60, ''),
(3, 4, 8, 120, ''),
(4, 5, 5, 120, '');

-- --------------------------------------------------------

--
-- Table structure for table `inventory_purchase_orders`
--

CREATE TABLE `inventory_purchase_orders` (
  `id` int NOT NULL,
  `po_number` varchar(50) NOT NULL,
  `vendor_id` int NOT NULL,
  `status` enum('DRAFT','ISSUED','COMPLETED','CANCELLED') DEFAULT 'DRAFT',
  `expected_delivery_date` date DEFAULT NULL,
  `total_amount` decimal(12,2) DEFAULT '0.00',
  `created_by` int DEFAULT NULL,
  `created_at` timestamp NULL DEFAULT CURRENT_TIMESTAMP,
  `updated_at` timestamp NULL DEFAULT CURRENT_TIMESTAMP ON UPDATE CURRENT_TIMESTAMP,
  `remarks` text
) ENGINE=InnoDB DEFAULT CHARSET=utf8mb4 COLLATE=utf8mb4_0900_ai_ci;

--
-- Dumping data for table `inventory_purchase_orders`
--

INSERT INTO `inventory_purchase_orders` (`id`, `po_number`, `vendor_id`, `status`, `expected_delivery_date`, `total_amount`, `created_by`, `created_at`, `updated_at`, `remarks`) VALUES
(1, 'PO-20260429-001', 4, 'DRAFT', '2026-05-01', 240.00, 1, '2026-04-29 12:37:58', '2026-04-29 12:37:58', NULL),
(2, 'PO-20260429-002', 4, 'DRAFT', '2026-05-09', 720.00, 1, '2026-04-29 13:41:48', '2026-04-29 13:41:48', NULL),
(3, 'PO-20260430-001', 5, 'DRAFT', '2026-05-08', 14400.00, 1, '2026-04-30 03:47:11', '2026-04-30 03:47:11', NULL),
(4, 'PO-20260502-001', 5, 'DRAFT', '2026-05-28', 12000.00, 1, '2026-05-02 04:35:59', '2026-05-02 04:35:59', NULL);

-- --------------------------------------------------------

--
-- Table structure for table `inventory_purchase_requisitions`
--

CREATE TABLE `inventory_purchase_requisitions` (
  `id` int NOT NULL,
  `pr_number` varchar(50) NOT NULL,
  `branch_id` int NOT NULL,
  `status` enum('PENDING','APPROVED','REJECTED','PO_CREATED') DEFAULT 'PENDING',
  `requested_by` int DEFAULT NULL,
  `approved_by` int DEFAULT NULL,
  `created_at` timestamp NULL DEFAULT CURRENT_TIMESTAMP,
  `updated_at` timestamp NULL DEFAULT CURRENT_TIMESTAMP ON UPDATE CURRENT_TIMESTAMP
) ENGINE=InnoDB DEFAULT CHARSET=utf8mb4 COLLATE=utf8mb4_0900_ai_ci;

--
-- Dumping data for table `inventory_purchase_requisitions`
--

INSERT INTO `inventory_purchase_requisitions` (`id`, `pr_number`, `branch_id`, `status`, `requested_by`, `approved_by`, `created_at`, `updated_at`) VALUES
(2, 'PR-20260429-001', 1, 'PO_CREATED', 1, 1, '2026-04-29 12:37:42', '2026-04-29 12:37:58'),
(3, 'PR-20260429-002', 1, 'PO_CREATED', 1, 1, '2026-04-29 13:41:20', '2026-04-29 13:41:48'),
(4, 'PR-20260430-001', 1, 'PO_CREATED', 1, 1, '2026-04-30 03:46:55', '2026-04-30 03:47:11'),
(5, 'PR-20260502-001', 3, 'PO_CREATED', 1, 1, '2026-05-02 04:35:32', '2026-05-02 04:35:59');

-- --------------------------------------------------------

--
-- Table structure for table `inventory_purchase_suggestions`
--

CREATE TABLE `inventory_purchase_suggestions` (
  `id` int NOT NULL,
  `item_id` int NOT NULL,
  `vendor_id` int DEFAULT NULL,
  `suggested_qty` int NOT NULL,
  `estimated_cost` decimal(10,2) DEFAULT '0.00',
  `status` enum('Pending','Approved','Rejected') DEFAULT 'Pending',
  `created_at` timestamp NULL DEFAULT CURRENT_TIMESTAMP,
  `updated_at` timestamp NULL DEFAULT CURRENT_TIMESTAMP ON UPDATE CURRENT_TIMESTAMP
) ENGINE=InnoDB DEFAULT CHARSET=utf8mb4 COLLATE=utf8mb4_0900_ai_ci;

-- --------------------------------------------------------

--
-- Table structure for table `inventory_stock`
--

CREATE TABLE `inventory_stock` (
  `id` int NOT NULL,
  `item_id` int NOT NULL,
  `current_stock` decimal(10,2) NOT NULL DEFAULT '0.00',
  `available_stock` decimal(10,2) NOT NULL DEFAULT '0.00',
  `reserved_stock` decimal(10,2) NOT NULL DEFAULT '0.00',
  `consumed_stock` decimal(10,2) NOT NULL DEFAULT '0.00',
  `expired_stock` decimal(10,2) NOT NULL DEFAULT '0.00',
  `damaged_stock` decimal(10,2) NOT NULL DEFAULT '0.00',
  `department_id` int DEFAULT NULL,
  `updated_at` timestamp NOT NULL DEFAULT CURRENT_TIMESTAMP ON UPDATE CURRENT_TIMESTAMP
) ENGINE=InnoDB DEFAULT CHARSET=utf8mb4 COLLATE=utf8mb4_0900_ai_ci;

-- --------------------------------------------------------

--
-- Table structure for table `inventory_stock_transfers`
--

CREATE TABLE `inventory_stock_transfers` (
  `id` int NOT NULL,
  `transfer_number` varchar(50) NOT NULL,
  `from_branch_id` int NOT NULL,
  `to_branch_id` int NOT NULL,
  `status` enum('PENDING','APPROVED','IN_TRANSIT','COMPLETED','CANCELLED') DEFAULT 'PENDING',
  `notes` text,
  `created_by` int DEFAULT NULL,
  `approved_by` int DEFAULT NULL,
  `created_at` timestamp NULL DEFAULT CURRENT_TIMESTAMP,
  `updated_at` timestamp NULL DEFAULT CURRENT_TIMESTAMP ON UPDATE CURRENT_TIMESTAMP
) ENGINE=InnoDB DEFAULT CHARSET=utf8mb4 COLLATE=utf8mb4_0900_ai_ci;

--
-- Dumping data for table `inventory_stock_transfers`
--

INSERT INTO `inventory_stock_transfers` (`id`, `transfer_number`, `from_branch_id`, `to_branch_id`, `status`, `notes`, `created_by`, `approved_by`, `created_at`, `updated_at`) VALUES
(1, 'TRF-20260429-001', 1, 7, 'COMPLETED', '', 1, 1, '2026-04-29 12:40:43', '2026-04-29 12:46:04'),
(2, 'TRF-20260429-002', 1, 5, 'COMPLETED', '', 1, 1, '2026-04-29 13:42:41', '2026-04-29 13:43:19'),
(3, 'TRF-20260502-001', 1, 3, 'COMPLETED', '', 1, 1, '2026-05-02 04:38:06', '2026-05-02 04:38:26');

-- --------------------------------------------------------

--
-- Table structure for table `inventory_stock_transfer_items`
--

CREATE TABLE `inventory_stock_transfer_items` (
  `id` int NOT NULL,
  `transfer_id` int NOT NULL,
  `item_id` int NOT NULL,
  `batch_id` int NOT NULL,
  `quantity` int NOT NULL
) ENGINE=InnoDB DEFAULT CHARSET=utf8mb4 COLLATE=utf8mb4_0900_ai_ci;

--
-- Dumping data for table `inventory_stock_transfer_items`
--

INSERT INTO `inventory_stock_transfer_items` (`id`, `transfer_id`, `item_id`, `batch_id`, `quantity`) VALUES
(1, 1, 1, 3, 120),
(2, 2, 1, 4, 40),
(3, 3, 8, 7, 200);

-- --------------------------------------------------------

--
-- Table structure for table `inventory_supplier_invoices`
--

CREATE TABLE `inventory_supplier_invoices` (
  `id` int NOT NULL,
  `invoice_number` varchar(100) NOT NULL,
  `vendor_id` int NOT NULL,
  `po_id` int DEFAULT NULL,
  `grn_id` int DEFAULT NULL,
  `invoice_date` date NOT NULL,
  `due_date` date NOT NULL,
  `total_amount` decimal(12,2) NOT NULL,
  `paid_amount` decimal(12,2) DEFAULT '0.00',
  `status` enum('PENDING','PARTIAL','PAID') DEFAULT 'PENDING',
  `created_at` timestamp NULL DEFAULT CURRENT_TIMESTAMP,
  `updated_at` timestamp NULL DEFAULT CURRENT_TIMESTAMP ON UPDATE CURRENT_TIMESTAMP
) ENGINE=InnoDB DEFAULT CHARSET=utf8mb4 COLLATE=utf8mb4_0900_ai_ci;

--
-- Dumping data for table `inventory_supplier_invoices`
--

INSERT INTO `inventory_supplier_invoices` (`id`, `invoice_number`, `vendor_id`, `po_id`, `grn_id`, `invoice_date`, `due_date`, `total_amount`, `paid_amount`, `status`, `created_at`, `updated_at`) VALUES
(1, 'IBV-20261212434', 4, NULL, NULL, '2026-04-17', '2026-05-23', 100000.00, 0.00, 'PENDING', '2026-04-30 05:29:58', '2026-04-30 05:29:58'),
(2, 'INV-12121212', 5, NULL, NULL, '2026-04-25', '2026-04-30', 200000.00, 200000.00, 'PAID', '2026-04-30 05:30:20', '2026-05-02 04:34:59'),
(3, 'IV-1292329', 3, NULL, NULL, '2026-04-30', '2026-05-02', 50000.00, 50000.00, 'PAID', '2026-04-30 05:31:04', '2026-04-30 05:31:15');

-- --------------------------------------------------------

--
-- Table structure for table `inventory_supplier_ledger`
--

CREATE TABLE `inventory_supplier_ledger` (
  `id` int NOT NULL,
  `vendor_id` int NOT NULL,
  `type` enum('INVOICE','PAYMENT') NOT NULL,
  `reference_id` int NOT NULL,
  `debit` decimal(12,2) DEFAULT '0.00',
  `credit` decimal(12,2) DEFAULT '0.00',
  `balance` decimal(12,2) NOT NULL,
  `created_at` timestamp NULL DEFAULT CURRENT_TIMESTAMP
) ENGINE=InnoDB DEFAULT CHARSET=utf8mb4 COLLATE=utf8mb4_0900_ai_ci;

--
-- Dumping data for table `inventory_supplier_ledger`
--

INSERT INTO `inventory_supplier_ledger` (`id`, `vendor_id`, `type`, `reference_id`, `debit`, `credit`, `balance`, `created_at`) VALUES
(1, 4, 'INVOICE', 1, 100000.00, 0.00, 100000.00, '2026-04-30 05:29:58'),
(2, 5, 'INVOICE', 2, 200000.00, 0.00, 200000.00, '2026-04-30 05:30:20'),
(3, 3, 'INVOICE', 3, 50000.00, 0.00, 50000.00, '2026-04-30 05:31:04'),
(4, 3, 'PAYMENT', 1, 0.00, 50000.00, 0.00, '2026-04-30 05:31:15'),
(5, 5, 'PAYMENT', 2, 0.00, 200000.00, 0.00, '2026-05-02 04:34:59');

-- --------------------------------------------------------

--
-- Table structure for table `inventory_test_mapping`
--

CREATE TABLE `inventory_test_mapping` (
  `id` int NOT NULL,
  `test_id` int NOT NULL,
  `item_id` int NOT NULL,
  `quantity_required` decimal(10,2) NOT NULL DEFAULT '1.00'
) ENGINE=InnoDB DEFAULT CHARSET=utf8mb4 COLLATE=utf8mb4_0900_ai_ci;

--
-- Dumping data for table `inventory_test_mapping`
--

INSERT INTO `inventory_test_mapping` (`id`, `test_id`, `item_id`, `quantity_required`) VALUES
(1, 4, 1, 5.00);

-- --------------------------------------------------------

--
-- Table structure for table `inventory_transactions`
--

CREATE TABLE `inventory_transactions` (
  `id` int NOT NULL,
  `item_id` int NOT NULL,
  `batch_id` int NOT NULL,
  `type` enum('IN','OUT','ADJUSTMENT') NOT NULL,
  `quantity` int NOT NULL,
  `reference_type` varchar(50) DEFAULT 'Manual',
  `reference_id` varchar(100) DEFAULT NULL,
  `remarks` text,
  `created_by` int DEFAULT NULL,
  `created_at` timestamp NULL DEFAULT CURRENT_TIMESTAMP,
  `branch_id` int DEFAULT NULL,
  `test_id` int DEFAULT NULL
) ENGINE=InnoDB DEFAULT CHARSET=utf8mb4 COLLATE=utf8mb4_0900_ai_ci;

--
-- Dumping data for table `inventory_transactions`
--

INSERT INTO `inventory_transactions` (`id`, `item_id`, `batch_id`, `type`, `quantity`, `reference_type`, `reference_id`, `remarks`, `created_by`, `created_at`, `branch_id`, `test_id`) VALUES
(1, 1, 3, 'OUT', 120, 'Transfer', 'TRF-20260429-001', 'Dispatched transfer to other branch', 1, '2026-04-29 12:46:02', 1, NULL),
(2, 1, 5, 'IN', 120, 'Transfer', 'TRF-20260429-001', 'Received transfer from other branch', 1, '2026-04-29 12:46:04', 7, NULL),
(3, 1, 4, 'OUT', 40, 'Transfer', 'TRF-20260429-002', 'Dispatched transfer to other branch', 1, '2026-04-29 13:43:03', 1, NULL),
(4, 1, 6, 'IN', 40, 'Transfer', 'TRF-20260429-002', 'Received transfer from other branch', 1, '2026-04-29 13:43:19', 5, NULL),
(5, 8, 7, 'OUT', 200, 'Transfer', 'TRF-20260502-001', 'Dispatched transfer to other branch', 1, '2026-05-02 04:38:19', 1, NULL),
(6, 8, 8, 'IN', 200, 'Transfer', 'TRF-20260502-001', 'Received transfer from other branch', 1, '2026-05-02 04:38:26', 3, NULL);

-- --------------------------------------------------------

--
-- Table structure for table `lab_categories`
--

CREATE TABLE `lab_categories` (
  `id` int NOT NULL,
  `name` varchar(100) NOT NULL,
  `description` text,
  `status` enum('Active','Inactive') DEFAULT 'Active',
  `created_at` timestamp NOT NULL DEFAULT CURRENT_TIMESTAMP,
  `updated_at` timestamp NOT NULL DEFAULT CURRENT_TIMESTAMP ON UPDATE CURRENT_TIMESTAMP
) ENGINE=MyISAM DEFAULT CHARSET=utf8mb4 COLLATE=utf8mb4_0900_ai_ci;

--
-- Dumping data for table `lab_categories`
--

INSERT INTO `lab_categories` (`id`, `name`, `description`, `status`, `created_at`, `updated_at`) VALUES
(1, 'Hematology', 'Complete blood count and related tests', 'Active', '2026-04-14 22:59:04', '2026-04-14 22:59:04'),
(2, 'Biochemistry', 'Chemical analysis of blood and body fluids', 'Active', '2026-04-14 22:59:04', '2026-04-14 22:59:04'),
(3, 'Microbiology', 'Culture and sensitivity tests', 'Active', '2026-04-14 22:59:04', '2026-04-14 22:59:04'),
(4, 'Serology', 'Antibody and antigen detection', 'Active', '2026-04-14 22:59:04', '2026-04-14 22:59:04'),
(5, 'Histopathology', 'Tissue examination', 'Active', '2026-04-14 22:59:04', '2026-04-14 22:59:04'),
(6, 'Immunology', 'Immune system tests', 'Active', '2026-04-14 22:59:04', '2026-04-14 22:59:04'),
(7, 'Endocrinology', 'Hormone tests', 'Active', '2026-04-14 22:59:04', '2026-04-14 22:59:04'),
(8, 'Toxicology', 'Drug and toxin analysis', 'Active', '2026-04-14 22:59:04', '2026-04-14 22:59:04');

-- --------------------------------------------------------

--
-- Table structure for table `lab_machines`
--

CREATE TABLE `lab_machines` (
  `id` int NOT NULL,
  `lab_id` int NOT NULL,
  `machine_id` varchar(50) NOT NULL,
  `name` varchar(100) NOT NULL,
  `model` varchar(100) DEFAULT NULL,
  `manufacturer` varchar(100) DEFAULT NULL,
  `status` enum('Active','Inactive','Maintenance') DEFAULT 'Active',
  `created_at` timestamp NOT NULL DEFAULT CURRENT_TIMESTAMP,
  `updated_at` timestamp NOT NULL DEFAULT CURRENT_TIMESTAMP ON UPDATE CURRENT_TIMESTAMP,
  `serial_number` varchar(100) DEFAULT NULL,
  `interface_type` varchar(20) DEFAULT NULL,
  `port_ip` varchar(255) DEFAULT NULL,
  `baud_rate` int DEFAULT NULL
) ENGINE=InnoDB DEFAULT CHARSET=utf8mb4 COLLATE=utf8mb4_0900_ai_ci;

--
-- Dumping data for table `lab_machines`
--

INSERT INTO `lab_machines` (`id`, `lab_id`, `machine_id`, `name`, `model`, `manufacturer`, `status`, `created_at`, `updated_at`, `serial_number`, `interface_type`, `port_ip`, `baud_rate`) VALUES
(4, 8, 'ANAL-001', 'Semi Automatic Biochemistry Analyser', 'Merilyzer CliniQuant Micro', 'Meril', 'Active', '2026-04-30 03:14:40', '2026-04-30 03:14:40', NULL, NULL, NULL, NULL),
(5, 8, 'ANAL-002', '3 part Hematology Analyser', 'Merilyzer CelQuant Edge', 'Meril', 'Active', '2026-04-30 03:15:11', '2026-04-30 03:15:11', NULL, NULL, NULL, NULL),
(6, 8, 'ANAL-003', '5 Part Hematology Analyser', 'Merilyzer CelQuant 5 Plus', 'Meril', 'Active', '2026-04-30 03:15:37', '2026-04-30 03:15:37', NULL, NULL, NULL, NULL),
(7, 9, 'ANAL004', '5 Part Hematology Analyser', 'Merilyzer CelQuant 5 Plus', 'Meril', 'Active', '2026-04-30 03:16:03', '2026-04-30 03:16:03', NULL, NULL, NULL, NULL),
(8, 8, 'RANC-CH-MAC-8112', 'RANC-CH-MAC-8112', 'CliniQuant Micro', 'Meril', 'Active', '2026-05-03 13:35:46', '2026-05-03 13:35:46', 'Sn-1239', 'USB', '/dev/tty.usbserial-FTB6SPL3', 9600),
(9, 8, 'RANC-CH-MAC-9865', 'RANC-CH-MAC-9865', 'CliniQuant Micro', 'Meril', 'Active', '2026-05-03 13:40:06', '2026-05-03 13:40:06', 'Sn-12345', 'USB', '/dev/tty.usbserial-FTB6SPL3', 9600),
(10, 8, 'RANC-CH-MAC-3814', 'RANC-CH-MAC-3814', 'CelQuant Edge', 'Meril', 'Active', '2026-05-03 15:34:02', '2026-05-03 15:34:02', 'SN-C1234567890', 'USB', '/dev/tty.usbserial-FTB6SPL3', 115200);

-- --------------------------------------------------------

--
-- Table structure for table `lab_tests`
--

CREATE TABLE `lab_tests` (
  `id` int NOT NULL,
  `test_code` varchar(50) NOT NULL,
  `test_name` varchar(200) NOT NULL,
  `category_id` int NOT NULL,
  `lab_id` int DEFAULT NULL,
  `sample_type` varchar(100) NOT NULL,
  `tube_color` varchar(50) DEFAULT NULL,
  `storage_conditions` text,
  `methodology` text,
  `status` enum('Active','Inactive') DEFAULT 'Active',
  `price` decimal(10,2) DEFAULT NULL,
  `created_at` timestamp NOT NULL DEFAULT CURRENT_TIMESTAMP,
  `updated_at` timestamp NOT NULL DEFAULT CURRENT_TIMESTAMP ON UPDATE CURRENT_TIMESTAMP,
  `analyzer_name` varchar(100) DEFAULT NULL
) ENGINE=InnoDB DEFAULT CHARSET=utf8mb4 COLLATE=utf8mb4_0900_ai_ci;

--
-- Dumping data for table `lab_tests`
--

INSERT INTO `lab_tests` (`id`, `test_code`, `test_name`, `category_id`, `lab_id`, `sample_type`, `tube_color`, `storage_conditions`, `methodology`, `status`, `price`, `created_at`, `updated_at`, `analyzer_name`) VALUES
(1, 'KF', 'Kidney Function', 2, 8, 'Blood', 'Purple', '', '', 'Active', 120.00, '2026-05-03 14:30:51', '2026-05-03 14:30:51', 'CliniQuant Micro'),
(2, 'CBC', 'Complete Blood Cholestrol', 1, 8, 'Blood', 'Purple', '', '', 'Active', 1200.00, '2026-05-03 15:28:23', '2026-05-03 15:28:23', 'CelQuant Edge');

-- --------------------------------------------------------

--
-- Table structure for table `lab_test_parameters`
--

CREATE TABLE `lab_test_parameters` (
  `id` int NOT NULL,
  `test_id` int NOT NULL,
  `parameter_code` varchar(10) DEFAULT NULL,
  `parameter_name` varchar(200) NOT NULL,
  `parameter_unit` varchar(50) DEFAULT NULL,
  `result_type` enum('numeric','text','select') DEFAULT 'numeric',
  `min_value` decimal(10,2) DEFAULT NULL,
  `max_value` decimal(10,2) DEFAULT NULL,
  `men_min_value` decimal(10,2) DEFAULT NULL,
  `men_max_value` decimal(10,2) DEFAULT NULL,
  `women_min_value` decimal(10,2) DEFAULT NULL,
  `women_max_value` decimal(10,2) DEFAULT NULL,
  `kids_min_value` decimal(10,2) DEFAULT NULL,
  `kids_max_value` decimal(10,2) DEFAULT NULL,
  `use_demographic_ranges` tinyint(1) DEFAULT '0',
  `display_order` int DEFAULT '0',
  `is_calculated` tinyint(1) DEFAULT '0',
  `formula` text,
  `options` text,
  `status` enum('Active','Inactive') DEFAULT 'Active',
  `created_at` timestamp NOT NULL DEFAULT CURRENT_TIMESTAMP,
  `updated_at` timestamp NOT NULL DEFAULT CURRENT_TIMESTAMP ON UPDATE CURRENT_TIMESTAMP,
  `machine_parameter_code` varchar(100) DEFAULT NULL
) ENGINE=MyISAM DEFAULT CHARSET=utf8mb4 COLLATE=utf8mb4_0900_ai_ci;

--
-- Dumping data for table `lab_test_parameters`
--

INSERT INTO `lab_test_parameters` (`id`, `test_id`, `parameter_code`, `parameter_name`, `parameter_unit`, `result_type`, `min_value`, `max_value`, `men_min_value`, `men_max_value`, `women_min_value`, `women_max_value`, `kids_min_value`, `kids_max_value`, `use_demographic_ranges`, `display_order`, `is_calculated`, `formula`, `options`, `status`, `created_at`, `updated_at`, `machine_parameter_code`) VALUES
(1, 1, NULL, 'UREA', 'mg/dL', 'numeric', NULL, NULL, NULL, NULL, NULL, NULL, NULL, NULL, 0, 1, 0, NULL, NULL, 'Active', '2026-05-03 14:30:51', '2026-05-03 14:30:51', '12'),
(2, 1, NULL, 'URIC-ACID', 'mg/dL', 'numeric', NULL, NULL, NULL, NULL, NULL, NULL, NULL, NULL, 0, 1, 0, NULL, NULL, 'Active', '2026-05-03 14:30:51', '2026-05-03 14:30:51', '13'),
(3, 1, NULL, 'CREAT', 'mg/dL', 'numeric', NULL, NULL, NULL, NULL, NULL, NULL, NULL, NULL, 0, 2, 0, NULL, NULL, 'Active', '2026-05-03 14:30:51', '2026-05-03 14:30:51', '19'),
(4, 2, NULL, 'WBC', '10^3/µL', 'numeric', NULL, NULL, NULL, NULL, NULL, NULL, NULL, NULL, 0, 1, 0, NULL, NULL, 'Active', '2026-05-03 15:28:23', '2026-05-03 15:28:23', '6690-2'),
(5, 2, NULL, 'RBC', '10^6/µL', 'numeric', NULL, NULL, NULL, NULL, NULL, NULL, NULL, NULL, 0, 1, 0, NULL, NULL, 'Active', '2026-05-03 15:28:23', '2026-05-03 15:28:23', '789-8'),
(6, 2, NULL, 'HGB', 'g/dL', 'numeric', NULL, NULL, NULL, NULL, NULL, NULL, NULL, NULL, 0, 2, 0, NULL, NULL, 'Active', '2026-05-03 15:28:23', '2026-05-03 15:28:23', '718-7'),
(7, 2, NULL, 'MCHC', 'g/dL', 'numeric', NULL, NULL, NULL, NULL, NULL, NULL, NULL, NULL, 0, 3, 0, NULL, NULL, 'Active', '2026-05-03 15:28:23', '2026-05-03 15:28:23', '786-4'),
(8, 2, NULL, 'MCH', 'pg', 'numeric', NULL, NULL, NULL, NULL, NULL, NULL, NULL, NULL, 0, 4, 0, NULL, NULL, 'Active', '2026-05-03 15:28:23', '2026-05-03 15:28:23', '785-6'),
(9, 2, NULL, 'HCT', '%', 'numeric', NULL, NULL, NULL, NULL, NULL, NULL, NULL, NULL, 0, 5, 0, NULL, NULL, 'Active', '2026-05-03 15:28:23', '2026-05-03 15:28:23', '4544-3'),
(10, 2, NULL, 'RDW-CV', '%', 'numeric', NULL, NULL, NULL, NULL, NULL, NULL, NULL, NULL, 0, 6, 0, NULL, NULL, 'Active', '2026-05-03 15:28:23', '2026-05-03 15:28:23', '788-0'),
(11, 2, NULL, 'RDW-SD', 'fL', 'numeric', NULL, NULL, NULL, NULL, NULL, NULL, NULL, NULL, 0, 7, 0, NULL, NULL, 'Active', '2026-05-03 15:28:23', '2026-05-03 15:28:23', '70-5'),
(12, 2, NULL, 'PLT', '10^3/µL', 'numeric', NULL, NULL, NULL, NULL, NULL, NULL, NULL, NULL, 0, 8, 0, NULL, NULL, 'Active', '2026-05-03 15:28:23', '2026-05-03 15:28:23', '777-3'),
(13, 2, NULL, 'PCT', '%', 'numeric', NULL, NULL, NULL, NULL, NULL, NULL, NULL, NULL, 0, 9, 0, NULL, NULL, 'Active', '2026-05-03 15:28:23', '2026-05-03 15:28:23', '10002'),
(14, 2, NULL, 'PDW', 'fL', 'numeric', NULL, NULL, NULL, NULL, NULL, NULL, NULL, NULL, 0, 10, 0, NULL, NULL, 'Active', '2026-05-03 15:28:23', '2026-05-03 15:28:23', '32207-3'),
(15, 2, NULL, 'MPV', 'fL', 'numeric', NULL, NULL, NULL, NULL, NULL, NULL, NULL, NULL, 0, 11, 0, NULL, NULL, 'Active', '2026-05-03 15:28:23', '2026-05-03 15:28:23', '32623-1'),
(16, 2, NULL, 'Lymph#', '10^3/µL', 'numeric', NULL, NULL, NULL, NULL, NULL, NULL, NULL, NULL, 0, 12, 0, NULL, NULL, 'Active', '2026-05-03 15:28:23', '2026-05-03 15:28:23', '731-0'),
(17, 2, NULL, 'Lymph%', '%', 'numeric', NULL, NULL, NULL, NULL, NULL, NULL, NULL, NULL, 0, 13, 0, NULL, NULL, 'Active', '2026-05-03 15:28:23', '2026-05-03 15:28:23', '736-9'),
(18, 2, NULL, 'Mid#', '10^3/µL', 'numeric', NULL, NULL, NULL, NULL, NULL, NULL, NULL, NULL, 0, 14, 0, NULL, NULL, 'Active', '2026-05-03 15:28:23', '2026-05-03 15:28:23', '10027'),
(19, 2, NULL, 'Gran%', '%', 'numeric', NULL, NULL, NULL, NULL, NULL, NULL, NULL, NULL, 0, 15, 0, NULL, NULL, 'Active', '2026-05-03 15:28:23', '2026-05-03 15:28:23', '10030'),
(20, 2, NULL, 'Gran#', '10^3/µL', 'numeric', NULL, NULL, NULL, NULL, NULL, NULL, NULL, NULL, 0, 16, 0, NULL, NULL, 'Active', '2026-05-03 15:28:23', '2026-05-03 15:28:23', '10028'),
(21, 2, NULL, 'Mid%', '%', 'numeric', NULL, NULL, NULL, NULL, NULL, NULL, NULL, NULL, 0, 17, 0, NULL, NULL, 'Active', '2026-05-03 15:28:23', '2026-05-03 15:28:23', '10029');

-- --------------------------------------------------------

--
-- Table structure for table `lab_test_result`
--

CREATE TABLE `lab_test_result` (
  `id` int NOT NULL,
  `bill_item_id` int DEFAULT NULL,
  `patient_id` int DEFAULT NULL,
  `sample_id` varchar(50) NOT NULL,
  `machine_no` varchar(50) DEFAULT NULL,
  `test_id` int DEFAULT NULL,
  `test_name` varchar(200) DEFAULT NULL,
  `results_json` json NOT NULL,
  `tested_by` int DEFAULT NULL,
  `verified_by` int DEFAULT NULL,
  `tested_at` timestamp NULL DEFAULT NULL,
  `verified_at` timestamp NULL DEFAULT NULL,
  `notes` text,
  `status` enum('Pending','Test Done','Verified','Approved') DEFAULT 'Pending',
  `created_at` timestamp NULL DEFAULT CURRENT_TIMESTAMP,
  `updated_at` timestamp NULL DEFAULT CURRENT_TIMESTAMP ON UPDATE CURRENT_TIMESTAMP,
  `branch_id` int DEFAULT '1'
) ENGINE=InnoDB DEFAULT CHARSET=utf8mb4 COLLATE=utf8mb4_0900_ai_ci;

--
-- Dumping data for table `lab_test_result`
--

INSERT INTO `lab_test_result` (`id`, `bill_item_id`, `patient_id`, `sample_id`, `machine_no`, `test_id`, `test_name`, `results_json`, `tested_by`, `verified_by`, `tested_at`, `verified_at`, `notes`, `status`, `created_at`, `updated_at`, `branch_id`) VALUES
(1, 2, 4, 'LAB-20260503-0001', 'RANC-CH-MAC-3814', NULL, 'CelQuant Edge', '[{\"unit\": \"10^9/L\", \"result_value\": \"0.0\", \"parameter_name\": \"WBC\", \"reference_range\": \"4.0-10.0\"}, {\"unit\": \"10^9/L\", \"result_value\": \"***.*\", \"parameter_name\": \"Lymph#\", \"reference_range\": \"0.6-4.1\"}, {\"unit\": \"10^9/L\", \"result_value\": \"***.*\", \"parameter_name\": \"Mid#\", \"reference_range\": \"0.1-1.8\"}, {\"unit\": \"10^9/L\", \"result_value\": \"***.*\", \"parameter_name\": \"Gran#\", \"reference_range\": \"2.0-7.8\"}, {\"unit\": \"%\", \"result_value\": \"***.*\", \"parameter_name\": \"Lymph%\", \"reference_range\": \"20.0-40.0\"}, {\"unit\": \"%\", \"result_value\": \"***.*\", \"parameter_name\": \"Mid%\", \"reference_range\": \"1.0-15.0\"}, {\"unit\": \"%\", \"result_value\": \"***.*\", \"parameter_name\": \"Gran%\", \"reference_range\": \"50.0-70.0\"}, {\"unit\": \"10^12/L\", \"result_value\": \"0.00\", \"parameter_name\": \"RBC\", \"reference_range\": \"3.50-5.50\"}, {\"unit\": \"g/dL\", \"result_value\": \"0.0\", \"parameter_name\": \"HGB\", \"reference_range\": \"11.0-16.0\"}, {\"unit\": \"%\", \"result_value\": \"0.0\", \"parameter_name\": \"HCT\", \"reference_range\": \"36.0-48.0\"}, {\"unit\": \"pg\", \"result_value\": \"***.*\", \"parameter_name\": \"MCH\", \"reference_range\": \"26.0-32.0\"}, {\"unit\": \"g/dL\", \"result_value\": \"0.0\", \"parameter_name\": \"MCHC\", \"reference_range\": \"32.0-36.0\"}, {\"unit\": \"%\", \"result_value\": \"***.*\", \"parameter_name\": \"RDW-CV\", \"reference_range\": \"11.5-14.5\"}, {\"unit\": \"10^9/L\", \"result_value\": \"0\", \"parameter_name\": \"PLT\", \"reference_range\": \"100-300\"}, {\"unit\": \"fL\", \"result_value\": \"**.*\", \"parameter_name\": \"MPV\", \"reference_range\": \"7.4-10.4\"}, {\"unit\": \"\", \"result_value\": \"**.*\", \"parameter_name\": \"PDW\", \"reference_range\": \"10.0-17.0\"}, {\"unit\": \"%\", \"result_value\": \"0.000\", \"parameter_name\": \"PCT\", \"reference_range\": \"0.100-0.280\"}]', NULL, 1, '2026-05-03 15:52:48', '2026-05-03 15:53:23', NULL, 'Approved', '2026-05-03 15:52:48', '2026-05-03 15:53:23', 1),
(2, 4, 1, 'LAB-20260503-0002', 'RANC-CH-MAC-3814', NULL, 'CelQuant Edge', '[{\"unit\": \"10^9/L\", \"result_value\": \"0.0\", \"parameter_name\": \"WBC\", \"reference_range\": \"4.0-10.0\"}, {\"unit\": \"10^9/L\", \"result_value\": \"***.*\", \"parameter_name\": \"Lymph#\", \"reference_range\": \"0.6-4.1\"}, {\"unit\": \"10^9/L\", \"result_value\": \"***.*\", \"parameter_name\": \"Mid#\", \"reference_range\": \"0.1-1.8\"}, {\"unit\": \"10^9/L\", \"result_value\": \"***.*\", \"parameter_name\": \"Gran#\", \"reference_range\": \"2.0-7.8\"}, {\"unit\": \"%\", \"result_value\": \"***.*\", \"parameter_name\": \"Lymph%\", \"reference_range\": \"20.0-40.0\"}, {\"unit\": \"%\", \"result_value\": \"***.*\", \"parameter_name\": \"Mid%\", \"reference_range\": \"1.0-15.0\"}, {\"unit\": \"%\", \"result_value\": \"***.*\", \"parameter_name\": \"Gran%\", \"reference_range\": \"50.0-70.0\"}, {\"unit\": \"10^12/L\", \"result_value\": \"0.00\", \"parameter_name\": \"RBC\", \"reference_range\": \"3.50-5.50\"}, {\"unit\": \"g/dL\", \"result_value\": \"0.0\", \"parameter_name\": \"HGB\", \"reference_range\": \"11.0-16.0\"}, {\"unit\": \"%\", \"result_value\": \"0.0\", \"parameter_name\": \"HCT\", \"reference_range\": \"36.0-48.0\"}, {\"unit\": \"pg\", \"result_value\": \"***.*\", \"parameter_name\": \"MCH\", \"reference_range\": \"26.0-32.0\"}, {\"unit\": \"g/dL\", \"result_value\": \"0.0\", \"parameter_name\": \"MCHC\", \"reference_range\": \"32.0-36.0\"}, {\"unit\": \"%\", \"result_value\": \"***.*\", \"parameter_name\": \"RDW-CV\", \"reference_range\": \"11.5-14.5\"}, {\"unit\": \"10^9/L\", \"result_value\": \"0\", \"parameter_name\": \"PLT\", \"reference_range\": \"100-300\"}, {\"unit\": \"fL\", \"result_value\": \"**.*\", \"parameter_name\": \"MPV\", \"reference_range\": \"7.4-10.4\"}, {\"unit\": \"\", \"result_value\": \"**.*\", \"parameter_name\": \"PDW\", \"reference_range\": \"10.0-17.0\"}, {\"unit\": \"%\", \"result_value\": \"0.000\", \"parameter_name\": \"PCT\", \"reference_range\": \"0.100-0.280\"}]', NULL, 1, '2026-05-03 15:57:05', '2026-05-03 15:57:40', NULL, 'Approved', '2026-05-03 15:57:04', '2026-05-03 15:57:40', 1),
(3, 6, 2, 'LAB-20260503-0003', 'RANC-CH-MAC-9865', NULL, 'URIC-ACID', '[{\"unit\": \"mg/dL\", \"result_value\": \"0.00\", \"parameter_name\": \"URIC-ACID\", \"reference_range\": \"2.50 - 7.20\"}]', NULL, NULL, '2026-05-03 16:04:35', NULL, NULL, 'Test Done', '2026-05-03 16:04:34', '2026-05-03 16:04:34', 1),
(4, 8, 3, 'LAB-20260504-0001', 'RANC-CH-MAC-9865', NULL, 'URIC-ACID', '[{\"unit\": \"mg/dL\", \"result_value\": \"0.00\", \"parameter_name\": \"UREA\", \"reference_range\": \"13.00 - 45.00\"}]', NULL, NULL, '2026-05-04 02:29:53', NULL, NULL, 'Test Done', '2026-05-04 02:25:52', '2026-05-04 02:29:53', 1),
(5, 10, 2, 'LAB-20260504-0002', 'RANC-CH-MAC-3814', NULL, 'CelQuant Edge', '[{\"unit\": \"10^9/L\", \"result_value\": \"0.0\", \"parameter_name\": \"WBC\", \"reference_range\": \"4.0-10.0\"}, {\"unit\": \"10^9/L\", \"result_value\": \"***.*\", \"parameter_name\": \"Lymph#\", \"reference_range\": \"0.6-4.1\"}, {\"unit\": \"10^9/L\", \"result_value\": \"***.*\", \"parameter_name\": \"Mid#\", \"reference_range\": \"0.1-1.8\"}, {\"unit\": \"10^9/L\", \"result_value\": \"***.*\", \"parameter_name\": \"Gran#\", \"reference_range\": \"2.0-7.8\"}, {\"unit\": \"%\", \"result_value\": \"***.*\", \"parameter_name\": \"Lymph%\", \"reference_range\": \"20.0-40.0\"}, {\"unit\": \"%\", \"result_value\": \"***.*\", \"parameter_name\": \"Mid%\", \"reference_range\": \"1.0-15.0\"}, {\"unit\": \"%\", \"result_value\": \"***.*\", \"parameter_name\": \"Gran%\", \"reference_range\": \"50.0-70.0\"}, {\"unit\": \"10^12/L\", \"result_value\": \"0.00\", \"parameter_name\": \"RBC\", \"reference_range\": \"3.50-5.50\"}, {\"unit\": \"g/dL\", \"result_value\": \"0.0\", \"parameter_name\": \"HGB\", \"reference_range\": \"11.0-16.0\"}, {\"unit\": \"%\", \"result_value\": \"0.0\", \"parameter_name\": \"HCT\", \"reference_range\": \"36.0-48.0\"}, {\"unit\": \"pg\", \"result_value\": \"***.*\", \"parameter_name\": \"MCH\", \"reference_range\": \"26.0-32.0\"}, {\"unit\": \"g/dL\", \"result_value\": \"0.0\", \"parameter_name\": \"MCHC\", \"reference_range\": \"32.0-36.0\"}, {\"unit\": \"%\", \"result_value\": \"***.*\", \"parameter_name\": \"RDW-CV\", \"reference_range\": \"11.5-14.5\"}, {\"unit\": \"10^9/L\", \"result_value\": \"0\", \"parameter_name\": \"PLT\", \"reference_range\": \"100-300\"}, {\"unit\": \"fL\", \"result_value\": \"**.*\", \"parameter_name\": \"MPV\", \"reference_range\": \"7.4-10.4\"}, {\"unit\": \"\", \"result_value\": \"**.*\", \"parameter_name\": \"PDW\", \"reference_range\": \"10.0-17.0\"}, {\"unit\": \"%\", \"result_value\": \"0.000\", \"parameter_name\": \"PCT\", \"reference_range\": \"0.100-0.280\"}]', NULL, 1, '2026-05-04 02:31:18', '2026-05-04 06:16:30', NULL, 'Approved', '2026-05-04 02:31:17', '2026-05-04 06:16:30', 1),
(6, 39, 5, 'LAB-20260504-0003', 'COM13', 1, 'Kidney Function', '[{\"unit\": \"mg/dL\", \"result_value\": \"0\", \"parameter_name\": \"UREA\", \"reference_range\": \"\"}, {\"unit\": \"mg/dL\", \"result_value\": \"0.00\", \"parameter_name\": \"URIC-ACID\", \"reference_range\": \"2.50 - 7.20\"}, {\"unit\": \"mg/dL\", \"result_value\": \"0\", \"parameter_name\": \"CREAT\", \"reference_range\": \"\"}]', NULL, NULL, '2026-05-04 19:00:46', NULL, NULL, 'Test Done', '2026-05-04 19:00:44', '2026-05-04 19:00:46', 1),
(7, 41, 5, 'LAB-20260504-0004', 'COM13', 1, 'Kidney Function', '[{\"unit\": \"mg/dL\", \"result_value\": \"0\", \"parameter_name\": \"UREA\", \"reference_range\": \"\"}, {\"unit\": \"mg/dL\", \"result_value\": \"0.00\", \"parameter_name\": \"URIC-ACID\", \"reference_range\": \"2.50 - 7.20\"}, {\"unit\": \"mg/dL\", \"result_value\": \"0\", \"parameter_name\": \"CREAT\", \"reference_range\": \"\"}]', NULL, NULL, '2026-05-04 19:14:12', NULL, NULL, 'Test Done', '2026-05-04 19:14:10', '2026-05-04 19:14:12', 1),
(8, 43, 4, 'LAB-20260504-0005', 'COM13', 1, 'Kidney Function', '[{\"unit\": \"mg/dL\", \"result_value\": \"0\", \"parameter_name\": \"UREA\", \"reference_range\": \"\"}, {\"unit\": \"mg/dL\", \"result_value\": \"0.00\", \"parameter_name\": \"URIC-ACID\", \"reference_range\": \"2.50 - 7.20\"}, {\"unit\": \"mg/dL\", \"result_value\": \"0\", \"parameter_name\": \"CREAT\", \"reference_range\": \"\"}]', NULL, 1, '2026-05-04 19:15:02', '2026-05-05 03:10:43', NULL, 'Approved', '2026-05-04 19:15:00', '2026-05-05 03:10:43', 1),
(9, 44, 3, 'LAB-20260504-0007', 'RANC-CH-MAC-9865', NULL, 'URIC-ACID', '[{\"unit\": \"mg/dL\", \"result_value\": \"0.00\", \"parameter_name\": \"URIC-ACID\", \"reference_range\": \"2.50 - 7.20\"}]', NULL, 1, '2026-05-04 20:58:45', '2026-05-05 09:24:30', NULL, 'Approved', '2026-05-04 20:58:44', '2026-05-05 09:24:30', 1),
(10, 47, 5, 'LAB-20260504-0008', 'RANC-CH-MAC-9865', NULL, 'URIC-ACID', '[{\"unit\": \"mg/dL\", \"result_value\": \"0.00\", \"parameter_name\": \"URIC-ACID\", \"reference_range\": \"2.50 - 7.20\"}]', NULL, 1, '2026-05-05 04:50:59', '2026-05-05 06:38:32', NULL, 'Approved', '2026-05-05 04:50:58', '2026-05-05 06:38:32', 1),
(11, 61, 6, 'LAB-20260505-0007', 'RANC-CH-MAC-9865', NULL, 'URIC-ACID', '[{\"unit\": \"mg/dL\", \"result_value\": \"0.00\", \"parameter_name\": \"URIC-ACID\", \"reference_range\": \"2.50 - 7.20\"}]', NULL, 1, '2026-05-05 07:41:17', '2026-05-05 07:41:51', NULL, 'Approved', '2026-05-05 07:41:16', '2026-05-05 07:41:51', 1);

-- --------------------------------------------------------

--
-- Table structure for table `patients`
--

CREATE TABLE `patients` (
  `id` int NOT NULL,
  `reg_no` varchar(50) NOT NULL,
  `reg_date` date NOT NULL,
  `is_new_born` tinyint(1) DEFAULT '0',
  `photo_base64` longtext,
  `title` varchar(20) DEFAULT NULL,
  `first_name` varchar(100) NOT NULL,
  `middle_name` varchar(100) DEFAULT NULL,
  `last_name` varchar(100) NOT NULL,
  `dob` date DEFAULT NULL,
  `gender` varchar(20) DEFAULT NULL,
  `aadhar_number` varchar(50) DEFAULT NULL,
  `abha_id` varchar(50) DEFAULT NULL,
  `marital_status` varchar(50) DEFAULT NULL,
  `occupation` varchar(100) DEFAULT NULL,
  `language` varchar(50) DEFAULT NULL,
  `education_level` varchar(100) DEFAULT NULL,
  `religion` varchar(50) DEFAULT NULL,
  `citizen` varchar(50) DEFAULT NULL,
  `email_id` varchar(100) DEFAULT NULL,
  `telephone` varchar(20) DEFAULT NULL,
  `file_required` tinyint(1) DEFAULT '0',
  `address` varchar(255) DEFAULT NULL,
  `suburb` varchar(100) DEFAULT NULL,
  `city` varchar(100) DEFAULT NULL,
  `country` varchar(50) DEFAULT NULL,
  `postal_code` varchar(50) DEFAULT NULL,
  `postal_address_check` tinyint(1) DEFAULT '0',
  `kin_same_address` tinyint(1) DEFAULT '0',
  `kin_name` varchar(100) DEFAULT NULL,
  `kin_relation` varchar(50) DEFAULT NULL,
  `kin_telephone` varchar(20) DEFAULT NULL,
  `kin_address` varchar(255) DEFAULT NULL,
  `kin_suburb` varchar(100) DEFAULT NULL,
  `kin_city` varchar(100) DEFAULT NULL,
  `kin_country` varchar(50) DEFAULT NULL,
  `kin_code` varchar(50) DEFAULT NULL,
  `payer_type` varchar(100) DEFAULT NULL,
  `insurance_provider` varchar(100) DEFAULT NULL,
  `policy_number` varchar(100) DEFAULT NULL,
  `created_at` timestamp NOT NULL DEFAULT CURRENT_TIMESTAMP,
  `branch_id` int DEFAULT '1'
) ENGINE=InnoDB DEFAULT CHARSET=utf8mb4 COLLATE=utf8mb4_0900_ai_ci;

--
-- Dumping data for table `patients`
--

INSERT INTO `patients` (`id`, `reg_no`, `reg_date`, `is_new_born`, `photo_base64`, `title`, `first_name`, `middle_name`, `last_name`, `dob`, `gender`, `aadhar_number`, `abha_id`, `marital_status`, `occupation`, `language`, `education_level`, `religion`, `citizen`, `email_id`, `telephone`, `file_required`, `address`, `suburb`, `city`, `country`, `postal_code`, `postal_address_check`, `kin_same_address`, `kin_name`, `kin_relation`, `kin_telephone`, `kin_address`, `kin_suburb`, `kin_city`, `kin_country`, `kin_code`, `payer_type`, `insurance_provider`, `policy_number`, `created_at`, `branch_id`) VALUES
(1, 'REG-38126', '2026-04-29', 0, NULL, '', 'Bhaskar', '', 'Sekar', '1979-06-25', 'Male', '0909 8787 7676', NULL, '', '', '', '', '', '', '', '8925386821', 0, '', '', '', '', '', 0, 0, '', '', '', '', '', '', '', '', '', '', '', '2026-04-29 03:45:45', 1),
(2, 'REG-59523', '2026-04-29', 0, NULL, '', 'Sibyll', '', 'Dominic R', '2005-05-12', 'Male', NULL, NULL, '', '', '', '', '', '', '', '7810027381', 0, '', '', '', '', '', 0, 0, '', '', '', '', '', '', '', '', '', '', '', '2026-04-29 03:46:28', 1),
(3, 'REG-18146', '2026-04-29', 0, NULL, '', 'Steve', '', 'Jerald', '2005-10-16', 'Male', '1234 4567 1234', NULL, '', '', '', '', '', '', '', '9025740156', 0, '', '', '', '', '', 0, 0, '', '', '', '', '', '', '', '', '', '', '', '2026-04-29 03:46:57', 1),
(4, 'REG-33125', '2026-05-02', 0, NULL, '', 'Vasanth', '', 'Sandeep', '2005-12-07', 'Male', '9087 7861 1298', NULL, '', '', '', '', '', '', '', '9345995944', 0, '', '', '', '', '', 0, 0, '', '', '', '', '', '', '', '', '', '', '', '2026-05-02 23:53:47', 1),
(5, 'REG-20190', '2026-05-03', 0, NULL, '', 'Sentil', '', 'paramesh', '1212-12-12', 'Male', '2324 3435 4546', NULL, '', '', '', '', '', '', '', '9952746925', 0, '', '', '', '', '', 0, 0, '', '', '', '', '', '', '', '', '', '', '', '2026-05-03 00:06:16', 1),
(6, 'REG-58951', '2026-05-05', 0, NULL, 'Mr.', 'Gaurav', '', 'Aggarwal', '1982-07-22', 'Male', '234512120987', NULL, '', '', '', '', '', '', '', '9311863506', 0, '', '', '', '', '', 0, 0, '', '', '', '', '', '', '', '', '', '', '', '2026-05-05 06:34:24', 1);

-- --------------------------------------------------------

--
-- Table structure for table `purchase_orders`
--

CREATE TABLE `purchase_orders` (
  `id` int NOT NULL,
  `po_number` varchar(50) NOT NULL,
  `pr_id` int DEFAULT NULL,
  `vendor_id` int NOT NULL,
  `order_date` date NOT NULL,
  `expected_delivery` date DEFAULT NULL,
  `delivery_location` int DEFAULT NULL,
  `subtotal` decimal(10,2) NOT NULL DEFAULT '0.00',
  `tax_amount` decimal(10,2) DEFAULT '0.00',
  `total_amount` decimal(10,2) NOT NULL DEFAULT '0.00',
  `terms_conditions` text,
  `status` enum('Draft','Sent','Partially Received','Fully Received','Cancelled') DEFAULT 'Draft',
  `created_by` int NOT NULL,
  `branch_id` int DEFAULT '1',
  `created_at` timestamp NOT NULL DEFAULT CURRENT_TIMESTAMP,
  `updated_at` timestamp NOT NULL DEFAULT CURRENT_TIMESTAMP ON UPDATE CURRENT_TIMESTAMP
) ENGINE=InnoDB DEFAULT CHARSET=utf8mb4 COLLATE=utf8mb4_0900_ai_ci;

-- --------------------------------------------------------

--
-- Table structure for table `purchase_order_items`
--

CREATE TABLE `purchase_order_items` (
  `id` int NOT NULL,
  `po_id` int NOT NULL,
  `item_id` int NOT NULL,
  `quantity_ordered` decimal(10,2) NOT NULL,
  `quantity_received` decimal(10,2) DEFAULT '0.00',
  `quantity_damaged` decimal(10,2) DEFAULT '0.00',
  `unit_price` decimal(10,2) NOT NULL,
  `total_price` decimal(10,2) NOT NULL,
  `notes` text,
  `created_at` timestamp NOT NULL DEFAULT CURRENT_TIMESTAMP
) ENGINE=InnoDB DEFAULT CHARSET=utf8mb4 COLLATE=utf8mb4_0900_ai_ci;

-- --------------------------------------------------------

--
-- Table structure for table `purchase_requisitions`
--

CREATE TABLE `purchase_requisitions` (
  `id` int NOT NULL,
  `pr_number` varchar(50) NOT NULL,
  `department_id` int DEFAULT NULL,
  `requested_by` int NOT NULL,
  `request_date` date NOT NULL,
  `required_date` date DEFAULT NULL,
  `priority` enum('Low','Normal','High','Urgent') DEFAULT 'Normal',
  `total_amount` decimal(10,2) DEFAULT '0.00',
  `status` enum('Draft','Submitted','Approved','Rejected','Converted to PO') DEFAULT 'Draft',
  `notes` text,
  `branch_id` int DEFAULT '1',
  `created_at` timestamp NOT NULL DEFAULT CURRENT_TIMESTAMP,
  `updated_at` timestamp NOT NULL DEFAULT CURRENT_TIMESTAMP ON UPDATE CURRENT_TIMESTAMP
) ENGINE=InnoDB DEFAULT CHARSET=utf8mb4 COLLATE=utf8mb4_0900_ai_ci;

-- --------------------------------------------------------

--
-- Table structure for table `purchase_requisition_items`
--

CREATE TABLE `purchase_requisition_items` (
  `id` int NOT NULL,
  `pr_id` int NOT NULL,
  `item_id` int NOT NULL,
  `quantity_requested` decimal(10,2) NOT NULL,
  `quantity_approved` decimal(10,2) DEFAULT NULL,
  `unit_price` decimal(10,2) DEFAULT NULL,
  `total_price` decimal(10,2) DEFAULT NULL,
  `notes` text,
  `status` enum('Pending','Approved','Rejected') DEFAULT 'Pending',
  `created_at` timestamp NOT NULL DEFAULT CURRENT_TIMESTAMP
) ENGINE=InnoDB DEFAULT CHARSET=utf8mb4 COLLATE=utf8mb4_0900_ai_ci;

-- --------------------------------------------------------

--
-- Table structure for table `sample_containers`
--

CREATE TABLE `sample_containers` (
  `id` int NOT NULL,
  `container_name` varchar(100) NOT NULL,
  `tube_color` varchar(50) DEFAULT NULL,
  `volume_ml` decimal(5,2) DEFAULT NULL,
  `additives` text,
  `storage_temperature` varchar(50) DEFAULT NULL,
  `special_instructions` text,
  `status` enum('Active','Inactive') DEFAULT 'Active',
  `created_at` timestamp NOT NULL DEFAULT CURRENT_TIMESTAMP
) ENGINE=MyISAM DEFAULT CHARSET=utf8mb4 COLLATE=utf8mb4_0900_ai_ci;

--
-- Dumping data for table `sample_containers`
--

INSERT INTO `sample_containers` (`id`, `container_name`, `tube_color`, `volume_ml`, `additives`, `storage_temperature`, `special_instructions`, `status`, `created_at`) VALUES
(1, 'EDTA Tube', 'Purple', 3.00, 'EDTA (K2/K3)', '2-8°C', NULL, 'Active', '2026-04-14 22:59:04'),
(2, 'Clot Activator Tube', 'Red', 5.00, 'Clot activator', 'Room Temperature', NULL, 'Active', '2026-04-14 22:59:04'),
(3, 'Heparin Tube', 'Green', 5.00, 'Lithium Heparin', '2-8°C', NULL, 'Active', '2026-04-14 22:59:04'),
(4, 'Fluoride Tube', 'Grey', 2.00, 'Sodium Fluoride', '2-8°C', NULL, 'Active', '2026-04-14 22:59:04'),
(5, 'Citrate Tube', 'Blue', 2.70, 'Sodium Citrate', '2-8°C', NULL, 'Active', '2026-04-14 22:59:04'),
(6, 'Plain Tube', 'No color', 10.00, 'No additives', 'Room Temperature', NULL, 'Active', '2026-04-14 22:59:04'),
(7, 'EDTA Tube', 'Lavender Top', 5.00, '', '', '', 'Active', '2026-04-15 09:33:11');

-- --------------------------------------------------------

--
-- Table structure for table `sample_types`
--

CREATE TABLE `sample_types` (
  `id` int NOT NULL,
  `type_name` varchar(100) NOT NULL,
  `description` text,
  `status` enum('Active','Inactive') DEFAULT 'Active',
  `created_at` timestamp NOT NULL DEFAULT CURRENT_TIMESTAMP,
  `updated_at` timestamp NOT NULL DEFAULT CURRENT_TIMESTAMP ON UPDATE CURRENT_TIMESTAMP
) ENGINE=MyISAM DEFAULT CHARSET=utf8mb4 COLLATE=utf8mb4_0900_ai_ci;

--
-- Dumping data for table `sample_types`
--

INSERT INTO `sample_types` (`id`, `type_name`, `description`, `status`, `created_at`, `updated_at`) VALUES
(1, 'Blood', 'Whole blood sample', 'Active', '2026-04-15 03:17:06', '2026-04-15 03:17:06'),
(2, 'Serum', 'Blood serum sample', 'Active', '2026-04-15 03:17:06', '2026-04-15 03:17:06'),
(3, 'Plasma', 'Blood plasma sample', 'Active', '2026-04-15 03:17:06', '2026-04-15 03:17:06'),
(4, 'Urine', 'Urine sample', 'Active', '2026-04-15 03:17:06', '2026-04-15 03:17:06'),
(5, 'Stool', 'Stool sample', 'Active', '2026-04-15 03:17:06', '2026-04-15 03:17:06'),
(6, 'CSF', 'Cerebrospinal fluid', 'Active', '2026-04-15 03:17:06', '2026-04-15 03:17:06'),
(7, 'Saliva', 'Saliva sample', 'Active', '2026-04-15 03:17:06', '2026-04-15 03:17:06'),
(8, 'Tissue', 'Biopsy tissue sample', 'Active', '2026-04-15 03:17:06', '2026-04-15 03:17:06'),
(9, 'Swab', 'Nasal/throat swab', 'Active', '2026-04-15 03:17:06', '2026-04-15 03:17:06'),
(10, 'Sputum', 'Sputum sample', 'Active', '2026-04-15 03:17:06', '2026-04-15 03:17:06');

-- --------------------------------------------------------

--
-- Table structure for table `stock_transfers`
--

CREATE TABLE `stock_transfers` (
  `id` int NOT NULL,
  `transfer_number` varchar(50) NOT NULL,
  `from_department` int NOT NULL,
  `to_department` int NOT NULL,
  `transfer_date` date NOT NULL,
  `status` enum('Pending','In Transit','Received','Cancelled') DEFAULT 'Pending',
  `requested_by` int NOT NULL,
  `approved_by` int DEFAULT NULL,
  `received_by` int DEFAULT NULL,
  `notes` text,
  `created_at` timestamp NOT NULL DEFAULT CURRENT_TIMESTAMP,
  `updated_at` timestamp NOT NULL DEFAULT CURRENT_TIMESTAMP ON UPDATE CURRENT_TIMESTAMP
) ENGINE=InnoDB DEFAULT CHARSET=utf8mb4 COLLATE=utf8mb4_0900_ai_ci;

-- --------------------------------------------------------

--
-- Table structure for table `stock_transfer_items`
--

CREATE TABLE `stock_transfer_items` (
  `id` int NOT NULL,
  `transfer_id` int NOT NULL,
  `item_id` int NOT NULL,
  `batch_id` int DEFAULT NULL,
  `quantity` decimal(10,2) NOT NULL,
  `received_quantity` decimal(10,2) DEFAULT '0.00',
  `damaged_quantity` decimal(10,2) DEFAULT '0.00',
  `notes` text,
  `created_at` timestamp NOT NULL DEFAULT CURRENT_TIMESTAMP
) ENGINE=InnoDB DEFAULT CHARSET=utf8mb4 COLLATE=utf8mb4_0900_ai_ci;

-- --------------------------------------------------------

--
-- Table structure for table `users`
--

CREATE TABLE `users` (
  `id` int NOT NULL,
  `first_name` varchar(50) NOT NULL,
  `last_name` varchar(50) NOT NULL,
  `email` varchar(100) NOT NULL,
  `phone` varchar(20) DEFAULT NULL,
  `role` varchar(20) NOT NULL,
  `department` varchar(50) NOT NULL,
  `staff_id` varchar(50) DEFAULT NULL,
  `password` varchar(255) NOT NULL,
  `created_at` timestamp NOT NULL DEFAULT CURRENT_TIMESTAMP,
  `branch_id` int DEFAULT '1',
  `role_level` enum('Central','Sub-Central','Branch') DEFAULT 'Branch'
) ENGINE=InnoDB DEFAULT CHARSET=utf8mb4 COLLATE=utf8mb4_0900_ai_ci;

--
-- Dumping data for table `users`
--

INSERT INTO `users` (`id`, `first_name`, `last_name`, `email`, `phone`, `role`, `department`, `staff_id`, `password`, `created_at`, `branch_id`, `role_level`) VALUES
(1, 'Central', 'Head', 'central@mail.com', NULL, 'admin', 'cardiology', NULL, '$2a$10$HdUurOEbxJ2bZqOeWEK1S.Acw4ECU8YArfiWAVLw9AJ/dHwUae0Bm', '2026-04-29 07:14:28', 1, 'Central'),
(2, 'Sample', '1', 'Sub@mail.com', NULL, 'admin', 'emergency', NULL, '$2a$10$sDM5o3b9BYraHBEnyavqz.EY4mrujspYCJDAfDk8c7Pnq54tDEEHe', '2026-04-29 07:21:08', 5, 'Sub-Central'),
(3, 'single', 'user', 'single@mail.com', NULL, 'admin', 'administration', NULL, '$2a$10$VT8IujIwfvVCNPI8iBuVheULrUbrvf0DAhyEEdc7VjbonC2bkg4qK', '2026-04-29 07:22:00', 6, 'Sub-Central'),
(4, 'sample 3', '3', '3@mail.com', NULL, 'admin', 'emergency', NULL, '$2a$10$H8wuaXJITKSk6.PJdG9fy.AapqBngY9Imc6tXDTqL3R9YbXFs2Z/u', '2026-04-29 07:23:40', 7, 'Sub-Central'),
(5, 'Steve', 'Jerald', 'steve@mail.com', NULL, 'admin', 'emergency', NULL, '$2a$10$lcND.gb.tCOcQRJkXYnoZ.wsDv2ngz4JzE9cG0Qo4Yan/VPWt8bq2', '2026-04-29 11:45:36', 1, 'Central'),
(6, 'as', 'as', 'jewame2218@hacknapp.com', NULL, 'admin', 'emergency', NULL, '$2a$10$O.kJ8IhwIUWWhxB8FsEF2OnolxAbhsgAZnd6ZtWCKjPjrdlz/YXb2', '2026-04-29 11:50:07', 3, 'Sub-Central'),
(7, 'lab', 'tech', 'lab-tech@mail.com', NULL, 'lab_tech', 'emergency', NULL, '$2a$10$8KF7DpqmuSvgQUg76PNG6.ZnHO1HF8C.ufWwMWdcmd/U/9dT9DlMq', '2026-04-30 02:14:45', 1, 'Branch'),
(8, 'Lab', 'Doc', 'lab-doc@mail.com', NULL, 'lab_doctor', 'emergency', NULL, '$2a$10$Ui7bz/VFazJ46G9b3WX1s.r7llktHQtNNq2p9llHPKuTAWhbRcCMW', '2026-04-30 02:19:55', 1, 'Branch'),
(9, 'Recp', 'user', 'recp@mail.com', NULL, 'receptionist', 'emergency', NULL, '$2a$10$1pK39ZM9jdITBwv7IR7ryeGVxT0067bSOu9zArMAWE.UInOiJEmei', '2026-04-30 02:21:39', 1, 'Branch'),
(10, 'sam', 'issac', 'doc@mail.com', NULL, 'Doctor', 'Emergency', 'DOC-5271', 'password123', '2026-05-04 15:28:14', 1, 'Branch'),
(11, 'main', 'doc', 'hello@mail.com', NULL, 'Doctor', 'Cardiology', 'DOC-4839', 'password123', '2026-05-04 16:01:35', 1, 'Branch');

-- --------------------------------------------------------

--
-- Table structure for table `vendors`
--

CREATE TABLE `vendors` (
  `id` int NOT NULL,
  `vendor_code` varchar(50) NOT NULL,
  `vendor_name` varchar(200) NOT NULL,
  `contact_person` varchar(100) DEFAULT NULL,
  `phone` varchar(20) DEFAULT NULL,
  `email` varchar(100) DEFAULT NULL,
  `address` text,
  `tax_id` varchar(50) DEFAULT NULL,
  `payment_terms` varchar(100) DEFAULT NULL,
  `lead_time_days` int DEFAULT '7',
  `bank_name` varchar(100) DEFAULT NULL,
  `account_number` varchar(100) DEFAULT NULL,
  `ifsc_code` varchar(50) DEFAULT NULL,
  `status` enum('Active','Inactive','Blacklisted') DEFAULT 'Active',
  `rating` decimal(3,2) DEFAULT '0.00',
  `created_at` timestamp NULL DEFAULT CURRENT_TIMESTAMP,
  `updated_at` timestamp NULL DEFAULT CURRENT_TIMESTAMP ON UPDATE CURRENT_TIMESTAMP
) ENGINE=InnoDB DEFAULT CHARSET=utf8mb4 COLLATE=utf8mb4_0900_ai_ci;

--
-- Dumping data for table `vendors`
--

INSERT INTO `vendors` (`id`, `vendor_code`, `vendor_name`, `contact_person`, `phone`, `email`, `address`, `tax_id`, `payment_terms`, `lead_time_days`, `bank_name`, `account_number`, `ifsc_code`, `status`, `rating`, `created_at`, `updated_at`) VALUES
(1, 'IVND001', 'Acme Corp', 'John Doe', '1234567890', 'john@acme.com', '123 Acme Way, City', '', '', 7, '', '', '', 'Active', 0.00, '2026-04-19 14:21:25', '2026-04-19 14:21:25'),
(2, 'IVND002', 'JB', 'Steve', '9025740156', 'steve632@gmail.com', 'C-3, Ground Floor, Durgalakshmi Appt, Revathy Flats, Anna Nagar 10th Cross Street, Pammal, Chennai-600075\n', '89812', '', 7, 'indian Bank', '12982939b 239', 'IDID', 'Active', 0.00, '2026-04-19 14:22:16', '2026-04-19 14:22:16'),
(3, 'IVND003', 'Senthil Enterprises', 'Paramesh', '9952746925', 'paramashsenthil7@gmail.com', 'C-3, Pammal', '134 12111', '', 7, 'Indian Bank', '1212112', 'IDFC', 'Active', 0.00, '2026-04-20 08:56:14', '2026-04-20 13:02:11'),
(4, 'IVND004', 'JB Dealers', 'Bhaskar S', '8925386821', 'bhaskar.sekar@merillife.com', 'C-3, Ground Floor, Durgalakshmi Appt, Revathy Flats, Anna Nagar 10th Cross Street, Pammal, Chennai-600075', '1212121', '', 7, 'Indian Bank', '121', '112', 'Active', 0.00, '2026-04-20 09:25:22', '2026-04-20 09:36:42'),
(5, 'IVND005', 'Dominic Surgicals', 'Sibyll', '7810027381', 'sibylldominic@gmail.com', 'C-3, Ground Floor, Durgalakshmi Appt, Revathy Flats, Anna Nagar 10th Cross Street, Pammal, Chennai-600075', '12111', '', 7, 'Indian Bank', '1200 1289', 'IDFC', 'Active', 0.00, '2026-04-20 09:48:16', '2026-04-20 09:48:16');

--
-- Indexes for dumped tables
--

--
-- Indexes for table `appointments`
--
ALTER TABLE `appointments`
  ADD PRIMARY KEY (`id`),
  ADD KEY `reg_no` (`reg_no`);

--
-- Indexes for table `billing`
--
ALTER TABLE `billing`
  ADD PRIMARY KEY (`id`),
  ADD KEY `reg_no` (`reg_no`);

--
-- Indexes for table `billing_packages`
--
ALTER TABLE `billing_packages`
  ADD PRIMARY KEY (`id`),
  ADD UNIQUE KEY `package_id` (`package_id`);

--
-- Indexes for table `bills`
--
ALTER TABLE `bills`
  ADD PRIMARY KEY (`id`),
  ADD UNIQUE KEY `bill_number` (`bill_number`),
  ADD KEY `patient_id` (`patient_id`),
  ADD KEY `payment_status` (`payment_status`),
  ADD KEY `fk_bill_branch` (`branch_id`);

--
-- Indexes for table `bill_items`
--
ALTER TABLE `bill_items`
  ADD PRIMARY KEY (`id`),
  ADD KEY `bill_id` (`bill_id`),
  ADD KEY `lab_id` (`lab_id`),
  ADD KEY `sample_id` (`sample_id`);

--
-- Indexes for table `branches`
--
ALTER TABLE `branches`
  ADD PRIMARY KEY (`id`),
  ADD UNIQUE KEY `hospital_code` (`hospital_code`),
  ADD KEY `district_id` (`district_id`);

--
-- Indexes for table `consultations`
--
ALTER TABLE `consultations`
  ADD PRIMARY KEY (`id`),
  ADD KEY `appointment_id` (`appointment_id`),
  ADD KEY `patient_reg_no` (`patient_reg_no`),
  ADD KEY `doctor_id` (`doctor_id`);

--
-- Indexes for table `departments`
--
ALTER TABLE `departments`
  ADD PRIMARY KEY (`id`),
  ADD UNIQUE KEY `name` (`name`);

--
-- Indexes for table `districts`
--
ALTER TABLE `districts`
  ADD PRIMARY KEY (`id`),
  ADD UNIQUE KEY `name` (`name`);

--
-- Indexes for table `doctors`
--
ALTER TABLE `doctors`
  ADD PRIMARY KEY (`id`);

--
-- Indexes for table `doctor_lab_orders`
--
ALTER TABLE `doctor_lab_orders`
  ADD PRIMARY KEY (`id`),
  ADD KEY `patient_reg_no` (`patient_reg_no`),
  ADD KEY `test_id` (`test_id`),
  ADD KEY `status` (`status`);

--
-- Indexes for table `doctor_schedules`
--
ALTER TABLE `doctor_schedules`
  ADD PRIMARY KEY (`id`);

--
-- Indexes for table `duty_schedules`
--
ALTER TABLE `duty_schedules`
  ADD PRIMARY KEY (`id`),
  ADD KEY `doctor_id` (`doctor_id`),
  ADD KEY `room_id` (`room_id`);

--
-- Indexes for table `facility_categories`
--
ALTER TABLE `facility_categories`
  ADD PRIMARY KEY (`id`),
  ADD UNIQUE KEY `name` (`name`);

--
-- Indexes for table `goods_receipts`
--
ALTER TABLE `goods_receipts`
  ADD PRIMARY KEY (`id`),
  ADD UNIQUE KEY `grn_number` (`grn_number`),
  ADD KEY `po_id` (`po_id`),
  ADD KEY `vendor_id` (`vendor_id`),
  ADD KEY `received_by` (`received_by`),
  ADD KEY `approved_by` (`approved_by`),
  ADD KEY `status` (`status`),
  ADD KEY `branch_id` (`branch_id`);

--
-- Indexes for table `goods_receipt_items`
--
ALTER TABLE `goods_receipt_items`
  ADD PRIMARY KEY (`id`),
  ADD KEY `item_id` (`item_id`),
  ADD KEY `grn_id` (`grn_id`);

--
-- Indexes for table `hospital_settings`
--
ALTER TABLE `hospital_settings`
  ADD PRIMARY KEY (`id`);

--
-- Indexes for table `infrastructure`
--
ALTER TABLE `infrastructure`
  ADD PRIMARY KEY (`id`),
  ADD KEY `fk_infra_branch` (`branch_id`);

--
-- Indexes for table `inventory_batches`
--
ALTER TABLE `inventory_batches`
  ADD PRIMARY KEY (`id`),
  ADD KEY `vendor_id` (`vendor_id`),
  ADD KEY `item_id` (`item_id`),
  ADD KEY `batch_number` (`batch_number`),
  ADD KEY `expiry_date` (`expiry_date`),
  ADD KEY `status` (`status`),
  ADD KEY `branch_id` (`branch_id`);

--
-- Indexes for table `inventory_items`
--
ALTER TABLE `inventory_items`
  ADD PRIMARY KEY (`id`),
  ADD UNIQUE KEY `item_code` (`item_code`),
  ADD KEY `category` (`category`),
  ADD KEY `status` (`status`);

--
-- Indexes for table `inventory_item_master`
--
ALTER TABLE `inventory_item_master`
  ADD PRIMARY KEY (`id`),
  ADD UNIQUE KEY `item_code` (`item_code`),
  ADD KEY `fk_item_vendor` (`preferred_vendor_id`);

--
-- Indexes for table `inventory_payments`
--
ALTER TABLE `inventory_payments`
  ADD PRIMARY KEY (`id`),
  ADD UNIQUE KEY `payment_number` (`payment_number`),
  ADD KEY `vendor_id` (`vendor_id`),
  ADD KEY `invoice_id` (`invoice_id`);

--
-- Indexes for table `inventory_po_items`
--
ALTER TABLE `inventory_po_items`
  ADD PRIMARY KEY (`id`),
  ADD KEY `po_id` (`po_id`),
  ADD KEY `pr_item_id` (`pr_item_id`),
  ADD KEY `item_id` (`item_id`);

--
-- Indexes for table `inventory_pr_items`
--
ALTER TABLE `inventory_pr_items`
  ADD PRIMARY KEY (`id`),
  ADD KEY `pr_id` (`pr_id`),
  ADD KEY `item_id` (`item_id`);

--
-- Indexes for table `inventory_purchase_orders`
--
ALTER TABLE `inventory_purchase_orders`
  ADD PRIMARY KEY (`id`),
  ADD UNIQUE KEY `po_number` (`po_number`),
  ADD KEY `vendor_id` (`vendor_id`);

--
-- Indexes for table `inventory_purchase_requisitions`
--
ALTER TABLE `inventory_purchase_requisitions`
  ADD PRIMARY KEY (`id`),
  ADD UNIQUE KEY `pr_number` (`pr_number`),
  ADD KEY `fk_inventory_purchase_requisitions_branch_id_branches` (`branch_id`);

--
-- Indexes for table `inventory_purchase_suggestions`
--
ALTER TABLE `inventory_purchase_suggestions`
  ADD PRIMARY KEY (`id`),
  ADD KEY `item_id` (`item_id`),
  ADD KEY `vendor_id` (`vendor_id`);

--
-- Indexes for table `inventory_stock`
--
ALTER TABLE `inventory_stock`
  ADD PRIMARY KEY (`id`),
  ADD UNIQUE KEY `unique_item_dept` (`item_id`,`department_id`),
  ADD KEY `department_id` (`department_id`),
  ADD KEY `item_id` (`item_id`);

--
-- Indexes for table `inventory_stock_transfers`
--
ALTER TABLE `inventory_stock_transfers`
  ADD PRIMARY KEY (`id`),
  ADD UNIQUE KEY `transfer_number` (`transfer_number`),
  ADD KEY `fk_inventory_stock_transfers_from_branch_id_branches` (`from_branch_id`),
  ADD KEY `fk_inventory_stock_transfers_to_branch_id_branches` (`to_branch_id`);

--
-- Indexes for table `inventory_stock_transfer_items`
--
ALTER TABLE `inventory_stock_transfer_items`
  ADD PRIMARY KEY (`id`),
  ADD KEY `transfer_id` (`transfer_id`),
  ADD KEY `item_id` (`item_id`),
  ADD KEY `batch_id` (`batch_id`);

--
-- Indexes for table `inventory_supplier_invoices`
--
ALTER TABLE `inventory_supplier_invoices`
  ADD PRIMARY KEY (`id`),
  ADD UNIQUE KEY `invoice_number` (`invoice_number`),
  ADD KEY `vendor_id` (`vendor_id`);

--
-- Indexes for table `inventory_supplier_ledger`
--
ALTER TABLE `inventory_supplier_ledger`
  ADD PRIMARY KEY (`id`),
  ADD KEY `vendor_id` (`vendor_id`);

--
-- Indexes for table `inventory_test_mapping`
--
ALTER TABLE `inventory_test_mapping`
  ADD PRIMARY KEY (`id`),
  ADD KEY `test_id` (`test_id`),
  ADD KEY `item_id` (`item_id`);

--
-- Indexes for table `inventory_transactions`
--
ALTER TABLE `inventory_transactions`
  ADD PRIMARY KEY (`id`),
  ADD KEY `item_id` (`item_id`),
  ADD KEY `batch_id` (`batch_id`),
  ADD KEY `fk_inv_trans_test` (`test_id`),
  ADD KEY `fk_inventory_trans_branch` (`branch_id`);

--
-- Indexes for table `lab_categories`
--
ALTER TABLE `lab_categories`
  ADD PRIMARY KEY (`id`),
  ADD UNIQUE KEY `name` (`name`);

--
-- Indexes for table `lab_machines`
--
ALTER TABLE `lab_machines`
  ADD PRIMARY KEY (`id`),
  ADD UNIQUE KEY `unique_machine_id` (`lab_id`,`machine_id`),
  ADD UNIQUE KEY `serial_number` (`serial_number`),
  ADD KEY `lab_id` (`lab_id`);

--
-- Indexes for table `lab_tests`
--
ALTER TABLE `lab_tests`
  ADD PRIMARY KEY (`id`),
  ADD UNIQUE KEY `test_code` (`test_code`),
  ADD KEY `category_id` (`category_id`),
  ADD KEY `lab_id` (`lab_id`);

--
-- Indexes for table `lab_test_parameters`
--
ALTER TABLE `lab_test_parameters`
  ADD PRIMARY KEY (`id`),
  ADD KEY `test_id` (`test_id`);

--
-- Indexes for table `lab_test_result`
--
ALTER TABLE `lab_test_result`
  ADD PRIMARY KEY (`id`),
  ADD KEY `bill_item_id` (`bill_item_id`),
  ADD KEY `sample_id` (`sample_id`),
  ADD KEY `machine_no` (`machine_no`),
  ADD KEY `patient_id` (`patient_id`),
  ADD KEY `fk_lab_result_branch` (`branch_id`);

--
-- Indexes for table `patients`
--
ALTER TABLE `patients`
  ADD PRIMARY KEY (`id`),
  ADD UNIQUE KEY `reg_no` (`reg_no`),
  ADD KEY `fk_patient_branch` (`branch_id`);

--
-- Indexes for table `purchase_orders`
--
ALTER TABLE `purchase_orders`
  ADD PRIMARY KEY (`id`),
  ADD UNIQUE KEY `po_number` (`po_number`),
  ADD KEY `pr_id` (`pr_id`),
  ADD KEY `vendor_id` (`vendor_id`),
  ADD KEY `delivery_location` (`delivery_location`),
  ADD KEY `created_by` (`created_by`),
  ADD KEY `status` (`status`),
  ADD KEY `branch_id` (`branch_id`);

--
-- Indexes for table `purchase_order_items`
--
ALTER TABLE `purchase_order_items`
  ADD PRIMARY KEY (`id`),
  ADD KEY `item_id` (`item_id`),
  ADD KEY `po_id` (`po_id`);

--
-- Indexes for table `purchase_requisitions`
--
ALTER TABLE `purchase_requisitions`
  ADD PRIMARY KEY (`id`),
  ADD UNIQUE KEY `pr_number` (`pr_number`),
  ADD KEY `requested_by` (`requested_by`),
  ADD KEY `department_id` (`department_id`),
  ADD KEY `status` (`status`),
  ADD KEY `branch_id` (`branch_id`);

--
-- Indexes for table `purchase_requisition_items`
--
ALTER TABLE `purchase_requisition_items`
  ADD PRIMARY KEY (`id`),
  ADD KEY `item_id` (`item_id`),
  ADD KEY `pr_id` (`pr_id`);

--
-- Indexes for table `sample_containers`
--
ALTER TABLE `sample_containers`
  ADD PRIMARY KEY (`id`);

--
-- Indexes for table `sample_types`
--
ALTER TABLE `sample_types`
  ADD PRIMARY KEY (`id`),
  ADD UNIQUE KEY `type_name` (`type_name`);

--
-- Indexes for table `stock_transfers`
--
ALTER TABLE `stock_transfers`
  ADD PRIMARY KEY (`id`),
  ADD UNIQUE KEY `transfer_number` (`transfer_number`),
  ADD KEY `from_department` (`from_department`),
  ADD KEY `to_department` (`to_department`),
  ADD KEY `requested_by` (`requested_by`),
  ADD KEY `approved_by` (`approved_by`),
  ADD KEY `received_by` (`received_by`);

--
-- Indexes for table `stock_transfer_items`
--
ALTER TABLE `stock_transfer_items`
  ADD PRIMARY KEY (`id`),
  ADD KEY `item_id` (`item_id`),
  ADD KEY `batch_id` (`batch_id`),
  ADD KEY `transfer_id` (`transfer_id`);

--
-- Indexes for table `users`
--
ALTER TABLE `users`
  ADD PRIMARY KEY (`id`),
  ADD UNIQUE KEY `email` (`email`),
  ADD KEY `fk_user_branch` (`branch_id`);

--
-- Indexes for table `vendors`
--
ALTER TABLE `vendors`
  ADD PRIMARY KEY (`id`),
  ADD UNIQUE KEY `vendor_code` (`vendor_code`);

--
-- AUTO_INCREMENT for dumped tables
--

--
-- AUTO_INCREMENT for table `appointments`
--
ALTER TABLE `appointments`
  MODIFY `id` int NOT NULL AUTO_INCREMENT, AUTO_INCREMENT=19;

--
-- AUTO_INCREMENT for table `billing`
--
ALTER TABLE `billing`
  MODIFY `id` int NOT NULL AUTO_INCREMENT;

--
-- AUTO_INCREMENT for table `billing_packages`
--
ALTER TABLE `billing_packages`
  MODIFY `id` int NOT NULL AUTO_INCREMENT, AUTO_INCREMENT=2;

--
-- AUTO_INCREMENT for table `bills`
--
ALTER TABLE `bills`
  MODIFY `id` int NOT NULL AUTO_INCREMENT, AUTO_INCREMENT=35;

--
-- AUTO_INCREMENT for table `bill_items`
--
ALTER TABLE `bill_items`
  MODIFY `id` int NOT NULL AUTO_INCREMENT, AUTO_INCREMENT=62;

--
-- AUTO_INCREMENT for table `branches`
--
ALTER TABLE `branches`
  MODIFY `id` int NOT NULL AUTO_INCREMENT, AUTO_INCREMENT=8;

--
-- AUTO_INCREMENT for table `consultations`
--
ALTER TABLE `consultations`
  MODIFY `id` int NOT NULL AUTO_INCREMENT, AUTO_INCREMENT=6;

--
-- AUTO_INCREMENT for table `departments`
--
ALTER TABLE `departments`
  MODIFY `id` int NOT NULL AUTO_INCREMENT, AUTO_INCREMENT=22;

--
-- AUTO_INCREMENT for table `districts`
--
ALTER TABLE `districts`
  MODIFY `id` int NOT NULL AUTO_INCREMENT, AUTO_INCREMENT=49;

--
-- AUTO_INCREMENT for table `doctors`
--
ALTER TABLE `doctors`
  MODIFY `id` int NOT NULL AUTO_INCREMENT, AUTO_INCREMENT=3;

--
-- AUTO_INCREMENT for table `doctor_lab_orders`
--
ALTER TABLE `doctor_lab_orders`
  MODIFY `id` int NOT NULL AUTO_INCREMENT, AUTO_INCREMENT=4;

--
-- AUTO_INCREMENT for table `doctor_schedules`
--
ALTER TABLE `doctor_schedules`
  MODIFY `id` int NOT NULL AUTO_INCREMENT, AUTO_INCREMENT=21;

--
-- AUTO_INCREMENT for table `duty_schedules`
--
ALTER TABLE `duty_schedules`
  MODIFY `id` int NOT NULL AUTO_INCREMENT, AUTO_INCREMENT=2;

--
-- AUTO_INCREMENT for table `facility_categories`
--
ALTER TABLE `facility_categories`
  MODIFY `id` int NOT NULL AUTO_INCREMENT, AUTO_INCREMENT=5;

--
-- AUTO_INCREMENT for table `goods_receipts`
--
ALTER TABLE `goods_receipts`
  MODIFY `id` int NOT NULL AUTO_INCREMENT;

--
-- AUTO_INCREMENT for table `goods_receipt_items`
--
ALTER TABLE `goods_receipt_items`
  MODIFY `id` int NOT NULL AUTO_INCREMENT;

--
-- AUTO_INCREMENT for table `hospital_settings`
--
ALTER TABLE `hospital_settings`
  MODIFY `id` int NOT NULL AUTO_INCREMENT, AUTO_INCREMENT=2;

--
-- AUTO_INCREMENT for table `infrastructure`
--
ALTER TABLE `infrastructure`
  MODIFY `id` int NOT NULL AUTO_INCREMENT, AUTO_INCREMENT=10;

--
-- AUTO_INCREMENT for table `inventory_batches`
--
ALTER TABLE `inventory_batches`
  MODIFY `id` int NOT NULL AUTO_INCREMENT, AUTO_INCREMENT=9;

--
-- AUTO_INCREMENT for table `inventory_items`
--
ALTER TABLE `inventory_items`
  MODIFY `id` int NOT NULL AUTO_INCREMENT;

--
-- AUTO_INCREMENT for table `inventory_item_master`
--
ALTER TABLE `inventory_item_master`
  MODIFY `id` int NOT NULL AUTO_INCREMENT, AUTO_INCREMENT=9;

--
-- AUTO_INCREMENT for table `inventory_payments`
--
ALTER TABLE `inventory_payments`
  MODIFY `id` int NOT NULL AUTO_INCREMENT, AUTO_INCREMENT=3;

--
-- AUTO_INCREMENT for table `inventory_po_items`
--
ALTER TABLE `inventory_po_items`
  MODIFY `id` int NOT NULL AUTO_INCREMENT, AUTO_INCREMENT=5;

--
-- AUTO_INCREMENT for table `inventory_pr_items`
--
ALTER TABLE `inventory_pr_items`
  MODIFY `id` int NOT NULL AUTO_INCREMENT, AUTO_INCREMENT=5;

--
-- AUTO_INCREMENT for table `inventory_purchase_orders`
--
ALTER TABLE `inventory_purchase_orders`
  MODIFY `id` int NOT NULL AUTO_INCREMENT, AUTO_INCREMENT=5;

--
-- AUTO_INCREMENT for table `inventory_purchase_requisitions`
--
ALTER TABLE `inventory_purchase_requisitions`
  MODIFY `id` int NOT NULL AUTO_INCREMENT, AUTO_INCREMENT=6;

--
-- AUTO_INCREMENT for table `inventory_purchase_suggestions`
--
ALTER TABLE `inventory_purchase_suggestions`
  MODIFY `id` int NOT NULL AUTO_INCREMENT;

--
-- AUTO_INCREMENT for table `inventory_stock`
--
ALTER TABLE `inventory_stock`
  MODIFY `id` int NOT NULL AUTO_INCREMENT;

--
-- AUTO_INCREMENT for table `inventory_stock_transfers`
--
ALTER TABLE `inventory_stock_transfers`
  MODIFY `id` int NOT NULL AUTO_INCREMENT, AUTO_INCREMENT=4;

--
-- AUTO_INCREMENT for table `inventory_stock_transfer_items`
--
ALTER TABLE `inventory_stock_transfer_items`
  MODIFY `id` int NOT NULL AUTO_INCREMENT, AUTO_INCREMENT=4;

--
-- AUTO_INCREMENT for table `inventory_supplier_invoices`
--
ALTER TABLE `inventory_supplier_invoices`
  MODIFY `id` int NOT NULL AUTO_INCREMENT, AUTO_INCREMENT=4;

--
-- AUTO_INCREMENT for table `inventory_supplier_ledger`
--
ALTER TABLE `inventory_supplier_ledger`
  MODIFY `id` int NOT NULL AUTO_INCREMENT, AUTO_INCREMENT=6;

--
-- AUTO_INCREMENT for table `inventory_test_mapping`
--
ALTER TABLE `inventory_test_mapping`
  MODIFY `id` int NOT NULL AUTO_INCREMENT, AUTO_INCREMENT=2;

--
-- AUTO_INCREMENT for table `inventory_transactions`
--
ALTER TABLE `inventory_transactions`
  MODIFY `id` int NOT NULL AUTO_INCREMENT, AUTO_INCREMENT=7;

--
-- AUTO_INCREMENT for table `lab_categories`
--
ALTER TABLE `lab_categories`
  MODIFY `id` int NOT NULL AUTO_INCREMENT, AUTO_INCREMENT=9;

--
-- AUTO_INCREMENT for table `lab_machines`
--
ALTER TABLE `lab_machines`
  MODIFY `id` int NOT NULL AUTO_INCREMENT, AUTO_INCREMENT=11;

--
-- AUTO_INCREMENT for table `lab_tests`
--
ALTER TABLE `lab_tests`
  MODIFY `id` int NOT NULL AUTO_INCREMENT, AUTO_INCREMENT=3;

--
-- AUTO_INCREMENT for table `lab_test_parameters`
--
ALTER TABLE `lab_test_parameters`
  MODIFY `id` int NOT NULL AUTO_INCREMENT, AUTO_INCREMENT=22;

--
-- AUTO_INCREMENT for table `lab_test_result`
--
ALTER TABLE `lab_test_result`
  MODIFY `id` int NOT NULL AUTO_INCREMENT, AUTO_INCREMENT=12;

--
-- AUTO_INCREMENT for table `patients`
--
ALTER TABLE `patients`
  MODIFY `id` int NOT NULL AUTO_INCREMENT, AUTO_INCREMENT=7;

--
-- AUTO_INCREMENT for table `purchase_orders`
--
ALTER TABLE `purchase_orders`
  MODIFY `id` int NOT NULL AUTO_INCREMENT;

--
-- AUTO_INCREMENT for table `purchase_order_items`
--
ALTER TABLE `purchase_order_items`
  MODIFY `id` int NOT NULL AUTO_INCREMENT;

--
-- AUTO_INCREMENT for table `purchase_requisitions`
--
ALTER TABLE `purchase_requisitions`
  MODIFY `id` int NOT NULL AUTO_INCREMENT;

--
-- AUTO_INCREMENT for table `purchase_requisition_items`
--
ALTER TABLE `purchase_requisition_items`
  MODIFY `id` int NOT NULL AUTO_INCREMENT;

--
-- AUTO_INCREMENT for table `sample_containers`
--
ALTER TABLE `sample_containers`
  MODIFY `id` int NOT NULL AUTO_INCREMENT, AUTO_INCREMENT=8;

--
-- AUTO_INCREMENT for table `sample_types`
--
ALTER TABLE `sample_types`
  MODIFY `id` int NOT NULL AUTO_INCREMENT, AUTO_INCREMENT=11;

--
-- AUTO_INCREMENT for table `stock_transfers`
--
ALTER TABLE `stock_transfers`
  MODIFY `id` int NOT NULL AUTO_INCREMENT;

--
-- AUTO_INCREMENT for table `stock_transfer_items`
--
ALTER TABLE `stock_transfer_items`
  MODIFY `id` int NOT NULL AUTO_INCREMENT;

--
-- AUTO_INCREMENT for table `users`
--
ALTER TABLE `users`
  MODIFY `id` int NOT NULL AUTO_INCREMENT, AUTO_INCREMENT=12;

--
-- AUTO_INCREMENT for table `vendors`
--
ALTER TABLE `vendors`
  MODIFY `id` int NOT NULL AUTO_INCREMENT, AUTO_INCREMENT=6;

--
-- Constraints for dumped tables
--

--
-- Constraints for table `appointments`
--
ALTER TABLE `appointments`
  ADD CONSTRAINT `appointments_ibfk_1` FOREIGN KEY (`reg_no`) REFERENCES `patients` (`reg_no`) ON DELETE CASCADE;

--
-- Constraints for table `billing`
--
ALTER TABLE `billing`
  ADD CONSTRAINT `billing_ibfk_1` FOREIGN KEY (`reg_no`) REFERENCES `patients` (`reg_no`) ON DELETE CASCADE;

--
-- Constraints for table `branches`
--
ALTER TABLE `branches`
  ADD CONSTRAINT `branches_ibfk_1` FOREIGN KEY (`district_id`) REFERENCES `districts` (`id`);

--
-- Constraints for table `goods_receipts`
--
ALTER TABLE `goods_receipts`
  ADD CONSTRAINT `fk_grn_branch` FOREIGN KEY (`branch_id`) REFERENCES `branches` (`id`) ON DELETE SET NULL,
  ADD CONSTRAINT `goods_receipts_ibfk_1` FOREIGN KEY (`po_id`) REFERENCES `purchase_orders` (`id`) ON DELETE SET NULL,
  ADD CONSTRAINT `goods_receipts_ibfk_2` FOREIGN KEY (`vendor_id`) REFERENCES `vendors` (`id`) ON DELETE RESTRICT,
  ADD CONSTRAINT `goods_receipts_ibfk_3` FOREIGN KEY (`received_by`) REFERENCES `users` (`id`) ON DELETE RESTRICT,
  ADD CONSTRAINT `goods_receipts_ibfk_4` FOREIGN KEY (`approved_by`) REFERENCES `users` (`id`) ON DELETE SET NULL;

--
-- Constraints for table `goods_receipt_items`
--
ALTER TABLE `goods_receipt_items`
  ADD CONSTRAINT `goods_receipt_items_ibfk_1` FOREIGN KEY (`grn_id`) REFERENCES `goods_receipts` (`id`) ON DELETE CASCADE,
  ADD CONSTRAINT `goods_receipt_items_ibfk_2` FOREIGN KEY (`item_id`) REFERENCES `inventory_items` (`id`) ON DELETE RESTRICT;

--
-- Constraints for table `infrastructure`
--
ALTER TABLE `infrastructure`
  ADD CONSTRAINT `fk_infra_branch` FOREIGN KEY (`branch_id`) REFERENCES `branches` (`id`);

--
-- Constraints for table `inventory_batches`
--
ALTER TABLE `inventory_batches`
  ADD CONSTRAINT `fk_inventory_batch_branch` FOREIGN KEY (`branch_id`) REFERENCES `branches` (`id`) ON DELETE SET NULL,
  ADD CONSTRAINT `fk_inventory_batches_item` FOREIGN KEY (`item_id`) REFERENCES `inventory_item_master` (`id`) ON DELETE CASCADE,
  ADD CONSTRAINT `inventory_batches_ibfk_2` FOREIGN KEY (`vendor_id`) REFERENCES `vendors` (`id`) ON DELETE SET NULL;

--
-- Constraints for table `inventory_item_master`
--
ALTER TABLE `inventory_item_master`
  ADD CONSTRAINT `fk_item_vendor` FOREIGN KEY (`preferred_vendor_id`) REFERENCES `vendors` (`id`) ON DELETE SET NULL;

--
-- Constraints for table `inventory_payments`
--
ALTER TABLE `inventory_payments`
  ADD CONSTRAINT `inventory_payments_ibfk_1` FOREIGN KEY (`vendor_id`) REFERENCES `vendors` (`id`) ON DELETE RESTRICT,
  ADD CONSTRAINT `inventory_payments_ibfk_2` FOREIGN KEY (`invoice_id`) REFERENCES `inventory_supplier_invoices` (`id`) ON DELETE RESTRICT;

--
-- Constraints for table `inventory_po_items`
--
ALTER TABLE `inventory_po_items`
  ADD CONSTRAINT `inventory_po_items_ibfk_1` FOREIGN KEY (`po_id`) REFERENCES `inventory_purchase_orders` (`id`) ON DELETE CASCADE,
  ADD CONSTRAINT `inventory_po_items_ibfk_2` FOREIGN KEY (`pr_item_id`) REFERENCES `inventory_pr_items` (`id`) ON DELETE SET NULL,
  ADD CONSTRAINT `inventory_po_items_ibfk_3` FOREIGN KEY (`item_id`) REFERENCES `inventory_item_master` (`id`) ON DELETE RESTRICT;

--
-- Constraints for table `inventory_pr_items`
--
ALTER TABLE `inventory_pr_items`
  ADD CONSTRAINT `inventory_pr_items_ibfk_1` FOREIGN KEY (`pr_id`) REFERENCES `inventory_purchase_requisitions` (`id`) ON DELETE CASCADE,
  ADD CONSTRAINT `inventory_pr_items_ibfk_2` FOREIGN KEY (`item_id`) REFERENCES `inventory_item_master` (`id`) ON DELETE RESTRICT;

--
-- Constraints for table `inventory_purchase_orders`
--
ALTER TABLE `inventory_purchase_orders`
  ADD CONSTRAINT `inventory_purchase_orders_ibfk_1` FOREIGN KEY (`vendor_id`) REFERENCES `vendors` (`id`) ON DELETE RESTRICT;

--
-- Constraints for table `inventory_purchase_requisitions`
--
ALTER TABLE `inventory_purchase_requisitions`
  ADD CONSTRAINT `fk_inventory_purchase_requisitions_branch_id_branches` FOREIGN KEY (`branch_id`) REFERENCES `branches` (`id`) ON DELETE RESTRICT;

--
-- Constraints for table `inventory_purchase_suggestions`
--
ALTER TABLE `inventory_purchase_suggestions`
  ADD CONSTRAINT `inventory_purchase_suggestions_ibfk_1` FOREIGN KEY (`item_id`) REFERENCES `inventory_item_master` (`id`) ON DELETE CASCADE,
  ADD CONSTRAINT `inventory_purchase_suggestions_ibfk_2` FOREIGN KEY (`vendor_id`) REFERENCES `vendors` (`id`) ON DELETE SET NULL;

--
-- Constraints for table `inventory_stock`
--
ALTER TABLE `inventory_stock`
  ADD CONSTRAINT `fk_inventory_stock_department_id_branches` FOREIGN KEY (`department_id`) REFERENCES `branches` (`id`) ON DELETE RESTRICT,
  ADD CONSTRAINT `inventory_stock_ibfk_1` FOREIGN KEY (`item_id`) REFERENCES `inventory_items` (`id`) ON DELETE CASCADE;

--
-- Constraints for table `inventory_stock_transfers`
--
ALTER TABLE `inventory_stock_transfers`
  ADD CONSTRAINT `fk_inventory_stock_transfers_from_branch_id_branches` FOREIGN KEY (`from_branch_id`) REFERENCES `branches` (`id`) ON DELETE RESTRICT,
  ADD CONSTRAINT `fk_inventory_stock_transfers_to_branch_id_branches` FOREIGN KEY (`to_branch_id`) REFERENCES `branches` (`id`) ON DELETE RESTRICT;

--
-- Constraints for table `inventory_stock_transfer_items`
--
ALTER TABLE `inventory_stock_transfer_items`
  ADD CONSTRAINT `inventory_stock_transfer_items_ibfk_1` FOREIGN KEY (`transfer_id`) REFERENCES `inventory_stock_transfers` (`id`) ON DELETE CASCADE,
  ADD CONSTRAINT `inventory_stock_transfer_items_ibfk_2` FOREIGN KEY (`item_id`) REFERENCES `inventory_item_master` (`id`) ON DELETE RESTRICT,
  ADD CONSTRAINT `inventory_stock_transfer_items_ibfk_3` FOREIGN KEY (`batch_id`) REFERENCES `inventory_batches` (`id`) ON DELETE RESTRICT;

--
-- Constraints for table `inventory_supplier_invoices`
--
ALTER TABLE `inventory_supplier_invoices`
  ADD CONSTRAINT `inventory_supplier_invoices_ibfk_1` FOREIGN KEY (`vendor_id`) REFERENCES `vendors` (`id`) ON DELETE RESTRICT;

--
-- Constraints for table `inventory_supplier_ledger`
--
ALTER TABLE `inventory_supplier_ledger`
  ADD CONSTRAINT `inventory_supplier_ledger_ibfk_1` FOREIGN KEY (`vendor_id`) REFERENCES `vendors` (`id`) ON DELETE RESTRICT;

--
-- Constraints for table `inventory_test_mapping`
--
ALTER TABLE `inventory_test_mapping`
  ADD CONSTRAINT `inventory_test_mapping_ibfk_1` FOREIGN KEY (`test_id`) REFERENCES `lab_tests` (`id`) ON DELETE CASCADE,
  ADD CONSTRAINT `inventory_test_mapping_ibfk_2` FOREIGN KEY (`item_id`) REFERENCES `inventory_item_master` (`id`) ON DELETE CASCADE;

--
-- Constraints for table `inventory_transactions`
--
ALTER TABLE `inventory_transactions`
  ADD CONSTRAINT `fk_inv_trans_test` FOREIGN KEY (`test_id`) REFERENCES `lab_tests` (`id`) ON DELETE SET NULL,
  ADD CONSTRAINT `fk_inventory_trans_branch` FOREIGN KEY (`branch_id`) REFERENCES `branches` (`id`) ON DELETE SET NULL,
  ADD CONSTRAINT `inventory_transactions_ibfk_1` FOREIGN KEY (`item_id`) REFERENCES `inventory_item_master` (`id`) ON DELETE RESTRICT,
  ADD CONSTRAINT `inventory_transactions_ibfk_2` FOREIGN KEY (`batch_id`) REFERENCES `inventory_batches` (`id`) ON DELETE RESTRICT;

--
-- Constraints for table `lab_machines`
--
ALTER TABLE `lab_machines`
  ADD CONSTRAINT `fk_lab_machines_infra` FOREIGN KEY (`lab_id`) REFERENCES `infrastructure` (`id`) ON DELETE CASCADE;

--
-- Constraints for table `lab_test_result`
--
ALTER TABLE `lab_test_result`
  ADD CONSTRAINT `fk_lab_result_branch` FOREIGN KEY (`branch_id`) REFERENCES `branches` (`id`);

--
-- Constraints for table `patients`
--
ALTER TABLE `patients`
  ADD CONSTRAINT `fk_patient_branch` FOREIGN KEY (`branch_id`) REFERENCES `branches` (`id`);

--
-- Constraints for table `purchase_orders`
--
ALTER TABLE `purchase_orders`
  ADD CONSTRAINT `fk_po_branch` FOREIGN KEY (`branch_id`) REFERENCES `branches` (`id`) ON DELETE SET NULL,
  ADD CONSTRAINT `fk_purchase_orders_delivery_location_branches` FOREIGN KEY (`delivery_location`) REFERENCES `branches` (`id`) ON DELETE RESTRICT,
  ADD CONSTRAINT `purchase_orders_ibfk_1` FOREIGN KEY (`pr_id`) REFERENCES `purchase_requisitions` (`id`) ON DELETE SET NULL,
  ADD CONSTRAINT `purchase_orders_ibfk_2` FOREIGN KEY (`vendor_id`) REFERENCES `vendors` (`id`) ON DELETE RESTRICT,
  ADD CONSTRAINT `purchase_orders_ibfk_4` FOREIGN KEY (`created_by`) REFERENCES `users` (`id`) ON DELETE RESTRICT;

--
-- Constraints for table `purchase_order_items`
--
ALTER TABLE `purchase_order_items`
  ADD CONSTRAINT `purchase_order_items_ibfk_1` FOREIGN KEY (`po_id`) REFERENCES `purchase_orders` (`id`) ON DELETE CASCADE,
  ADD CONSTRAINT `purchase_order_items_ibfk_2` FOREIGN KEY (`item_id`) REFERENCES `inventory_items` (`id`) ON DELETE RESTRICT;

--
-- Constraints for table `purchase_requisitions`
--
ALTER TABLE `purchase_requisitions`
  ADD CONSTRAINT `fk_pr_branch` FOREIGN KEY (`branch_id`) REFERENCES `branches` (`id`) ON DELETE SET NULL,
  ADD CONSTRAINT `fk_purchase_requisitions_department_id_branches` FOREIGN KEY (`department_id`) REFERENCES `branches` (`id`) ON DELETE RESTRICT,
  ADD CONSTRAINT `purchase_requisitions_ibfk_1` FOREIGN KEY (`requested_by`) REFERENCES `users` (`id`) ON DELETE RESTRICT;

--
-- Constraints for table `purchase_requisition_items`
--
ALTER TABLE `purchase_requisition_items`
  ADD CONSTRAINT `purchase_requisition_items_ibfk_1` FOREIGN KEY (`pr_id`) REFERENCES `purchase_requisitions` (`id`) ON DELETE CASCADE,
  ADD CONSTRAINT `purchase_requisition_items_ibfk_2` FOREIGN KEY (`item_id`) REFERENCES `inventory_items` (`id`) ON DELETE RESTRICT;

--
-- Constraints for table `stock_transfers`
--
ALTER TABLE `stock_transfers`
  ADD CONSTRAINT `fk_stock_transfers_from_department_branches` FOREIGN KEY (`from_department`) REFERENCES `branches` (`id`) ON DELETE RESTRICT,
  ADD CONSTRAINT `fk_stock_transfers_to_department_branches` FOREIGN KEY (`to_department`) REFERENCES `branches` (`id`) ON DELETE RESTRICT,
  ADD CONSTRAINT `stock_transfers_ibfk_3` FOREIGN KEY (`requested_by`) REFERENCES `users` (`id`) ON DELETE RESTRICT,
  ADD CONSTRAINT `stock_transfers_ibfk_4` FOREIGN KEY (`approved_by`) REFERENCES `users` (`id`) ON DELETE SET NULL,
  ADD CONSTRAINT `stock_transfers_ibfk_5` FOREIGN KEY (`received_by`) REFERENCES `users` (`id`) ON DELETE SET NULL;

--
-- Constraints for table `stock_transfer_items`
--
ALTER TABLE `stock_transfer_items`
  ADD CONSTRAINT `stock_transfer_items_ibfk_1` FOREIGN KEY (`transfer_id`) REFERENCES `stock_transfers` (`id`) ON DELETE CASCADE,
  ADD CONSTRAINT `stock_transfer_items_ibfk_2` FOREIGN KEY (`item_id`) REFERENCES `inventory_items` (`id`) ON DELETE RESTRICT,
  ADD CONSTRAINT `stock_transfer_items_ibfk_3` FOREIGN KEY (`batch_id`) REFERENCES `inventory_batches` (`id`) ON DELETE SET NULL;

--
-- Constraints for table `users`
--
ALTER TABLE `users`
  ADD CONSTRAINT `fk_user_branch` FOREIGN KEY (`branch_id`) REFERENCES `branches` (`id`);
COMMIT;

/*!40101 SET CHARACTER_SET_CLIENT=@OLD_CHARACTER_SET_CLIENT */;
/*!40101 SET CHARACTER_SET_RESULTS=@OLD_CHARACTER_SET_RESULTS */;
/*!40101 SET COLLATION_CONNECTION=@OLD_COLLATION_CONNECTION */;
